-- Auto-generated by scripts/build_curriculum_seed.py
begin;

insert into public.course_catalog (id, code, title, credits, lecture_hours, practice_hours, lab_hours, default_counts_toward_gpa, default_counts_toward_progress, default_grading_mode)
values ('ADD00031', 'ADD00031', 'Anh văn 1', 3, 30, 30, 0, false, false, 'numeric_or_pass_fail')
on conflict (id) do update set
  code = excluded.code,
  title = excluded.title,
  credits = excluded.credits,
  lecture_hours = excluded.lecture_hours,
  practice_hours = excluded.practice_hours,
  lab_hours = excluded.lab_hours,
  default_counts_toward_gpa = excluded.default_counts_toward_gpa,
  default_counts_toward_progress = excluded.default_counts_toward_progress,
  default_grading_mode = excluded.default_grading_mode;

insert into public.course_catalog (id, code, title, credits, lecture_hours, practice_hours, lab_hours, default_counts_toward_gpa, default_counts_toward_progress, default_grading_mode)
values ('ADD00032', 'ADD00032', 'Anh văn 2', 3, 30, 30, 0, false, false, 'numeric_or_pass_fail')
on conflict (id) do update set
  code = excluded.code,
  title = excluded.title,
  credits = excluded.credits,
  lecture_hours = excluded.lecture_hours,
  practice_hours = excluded.practice_hours,
  lab_hours = excluded.lab_hours,
  default_counts_toward_gpa = excluded.default_counts_toward_gpa,
  default_counts_toward_progress = excluded.default_counts_toward_progress,
  default_grading_mode = excluded.default_grading_mode;

insert into public.course_catalog (id, code, title, credits, lecture_hours, practice_hours, lab_hours, default_counts_toward_gpa, default_counts_toward_progress, default_grading_mode)
values ('ADD00033', 'ADD00033', 'Anh văn 3', 3, 30, 30, 0, false, false, 'numeric_or_pass_fail')
on conflict (id) do update set
  code = excluded.code,
  title = excluded.title,
  credits = excluded.credits,
  lecture_hours = excluded.lecture_hours,
  practice_hours = excluded.practice_hours,
  lab_hours = excluded.lab_hours,
  default_counts_toward_gpa = excluded.default_counts_toward_gpa,
  default_counts_toward_progress = excluded.default_counts_toward_progress,
  default_grading_mode = excluded.default_grading_mode;

insert into public.course_catalog (id, code, title, credits, lecture_hours, practice_hours, lab_hours, default_counts_toward_gpa, default_counts_toward_progress, default_grading_mode)
values ('ADD00034', 'ADD00034', 'Anh văn 4', 3, 30, 30, 0, false, false, 'numeric_or_pass_fail')
on conflict (id) do update set
  code = excluded.code,
  title = excluded.title,
  credits = excluded.credits,
  lecture_hours = excluded.lecture_hours,
  practice_hours = excluded.practice_hours,
  lab_hours = excluded.lab_hours,
  default_counts_toward_gpa = excluded.default_counts_toward_gpa,
  default_counts_toward_progress = excluded.default_counts_toward_progress,
  default_grading_mode = excluded.default_grading_mode;

insert into public.course_catalog (id, code, title, credits, lecture_hours, practice_hours, lab_hours, default_counts_toward_gpa, default_counts_toward_progress, default_grading_mode)
values ('BAA00003', 'BAA00003', 'Tư tưởng Hồ Chí Minh', 2, 30, 0, 0, true, true, 'numeric')
on conflict (id) do update set
  code = excluded.code,
  title = excluded.title,
  credits = excluded.credits,
  lecture_hours = excluded.lecture_hours,
  practice_hours = excluded.practice_hours,
  lab_hours = excluded.lab_hours,
  default_counts_toward_gpa = excluded.default_counts_toward_gpa,
  default_counts_toward_progress = excluded.default_counts_toward_progress,
  default_grading_mode = excluded.default_grading_mode;

insert into public.course_catalog (id, code, title, credits, lecture_hours, practice_hours, lab_hours, default_counts_toward_gpa, default_counts_toward_progress, default_grading_mode)
values ('BAA00004', 'BAA00004', 'Pháp luật đại cương', 3, 45, 0, 0, true, true, 'numeric')
on conflict (id) do update set
  code = excluded.code,
  title = excluded.title,
  credits = excluded.credits,
  lecture_hours = excluded.lecture_hours,
  practice_hours = excluded.practice_hours,
  lab_hours = excluded.lab_hours,
  default_counts_toward_gpa = excluded.default_counts_toward_gpa,
  default_counts_toward_progress = excluded.default_counts_toward_progress,
  default_grading_mode = excluded.default_grading_mode;

insert into public.course_catalog (id, code, title, credits, lecture_hours, practice_hours, lab_hours, default_counts_toward_gpa, default_counts_toward_progress, default_grading_mode)
values ('BAA00005', 'BAA00005', 'Kinh tế đại cương', 2, 30, 0, 0, true, true, 'numeric')
on conflict (id) do update set
  code = excluded.code,
  title = excluded.title,
  credits = excluded.credits,
  lecture_hours = excluded.lecture_hours,
  practice_hours = excluded.practice_hours,
  lab_hours = excluded.lab_hours,
  default_counts_toward_gpa = excluded.default_counts_toward_gpa,
  default_counts_toward_progress = excluded.default_counts_toward_progress,
  default_grading_mode = excluded.default_grading_mode;

insert into public.course_catalog (id, code, title, credits, lecture_hours, practice_hours, lab_hours, default_counts_toward_gpa, default_counts_toward_progress, default_grading_mode)
values ('BAA00006', 'BAA00006', 'Tâm lý đại cương', 2, 30, 0, 0, true, true, 'numeric')
on conflict (id) do update set
  code = excluded.code,
  title = excluded.title,
  credits = excluded.credits,
  lecture_hours = excluded.lecture_hours,
  practice_hours = excluded.practice_hours,
  lab_hours = excluded.lab_hours,
  default_counts_toward_gpa = excluded.default_counts_toward_gpa,
  default_counts_toward_progress = excluded.default_counts_toward_progress,
  default_grading_mode = excluded.default_grading_mode;

insert into public.course_catalog (id, code, title, credits, lecture_hours, practice_hours, lab_hours, default_counts_toward_gpa, default_counts_toward_progress, default_grading_mode)
values ('BAA00007', 'BAA00007', 'Phương pháp luận sáng tạo', 2, 30, 0, 0, true, true, 'numeric')
on conflict (id) do update set
  code = excluded.code,
  title = excluded.title,
  credits = excluded.credits,
  lecture_hours = excluded.lecture_hours,
  practice_hours = excluded.practice_hours,
  lab_hours = excluded.lab_hours,
  default_counts_toward_gpa = excluded.default_counts_toward_gpa,
  default_counts_toward_progress = excluded.default_counts_toward_progress,
  default_grading_mode = excluded.default_grading_mode;

insert into public.course_catalog (id, code, title, credits, lecture_hours, practice_hours, lab_hours, default_counts_toward_gpa, default_counts_toward_progress, default_grading_mode)
values ('BAA00021', 'BAA00021', 'Thể dục 1', 2, 15, 30, 0, false, false, 'numeric_or_pass_fail')
on conflict (id) do update set
  code = excluded.code,
  title = excluded.title,
  credits = excluded.credits,
  lecture_hours = excluded.lecture_hours,
  practice_hours = excluded.practice_hours,
  lab_hours = excluded.lab_hours,
  default_counts_toward_gpa = excluded.default_counts_toward_gpa,
  default_counts_toward_progress = excluded.default_counts_toward_progress,
  default_grading_mode = excluded.default_grading_mode;

insert into public.course_catalog (id, code, title, credits, lecture_hours, practice_hours, lab_hours, default_counts_toward_gpa, default_counts_toward_progress, default_grading_mode)
values ('BAA00022', 'BAA00022', 'Thể dục 2', 2, 15, 30, 0, false, false, 'numeric_or_pass_fail')
on conflict (id) do update set
  code = excluded.code,
  title = excluded.title,
  credits = excluded.credits,
  lecture_hours = excluded.lecture_hours,
  practice_hours = excluded.practice_hours,
  lab_hours = excluded.lab_hours,
  default_counts_toward_gpa = excluded.default_counts_toward_gpa,
  default_counts_toward_progress = excluded.default_counts_toward_progress,
  default_grading_mode = excluded.default_grading_mode;

insert into public.course_catalog (id, code, title, credits, lecture_hours, practice_hours, lab_hours, default_counts_toward_gpa, default_counts_toward_progress, default_grading_mode)
values ('BAA00030', 'BAA00030', 'Giáo dục quốc phòng - an ninh', 4, 0, 0, 0, false, false, 'numeric_or_pass_fail')
on conflict (id) do update set
  code = excluded.code,
  title = excluded.title,
  credits = excluded.credits,
  lecture_hours = excluded.lecture_hours,
  practice_hours = excluded.practice_hours,
  lab_hours = excluded.lab_hours,
  default_counts_toward_gpa = excluded.default_counts_toward_gpa,
  default_counts_toward_progress = excluded.default_counts_toward_progress,
  default_grading_mode = excluded.default_grading_mode;

insert into public.course_catalog (id, code, title, credits, lecture_hours, practice_hours, lab_hours, default_counts_toward_gpa, default_counts_toward_progress, default_grading_mode)
values ('BAA00101', 'BAA00101', 'Triết học Mác - Lênin', 3, 45, 0, 0, true, true, 'numeric')
on conflict (id) do update set
  code = excluded.code,
  title = excluded.title,
  credits = excluded.credits,
  lecture_hours = excluded.lecture_hours,
  practice_hours = excluded.practice_hours,
  lab_hours = excluded.lab_hours,
  default_counts_toward_gpa = excluded.default_counts_toward_gpa,
  default_counts_toward_progress = excluded.default_counts_toward_progress,
  default_grading_mode = excluded.default_grading_mode;

insert into public.course_catalog (id, code, title, credits, lecture_hours, practice_hours, lab_hours, default_counts_toward_gpa, default_counts_toward_progress, default_grading_mode)
values ('BAA00102', 'BAA00102', 'Kinh tế chính trị Mác - Lênin', 2, 30, 0, 0, true, true, 'numeric')
on conflict (id) do update set
  code = excluded.code,
  title = excluded.title,
  credits = excluded.credits,
  lecture_hours = excluded.lecture_hours,
  practice_hours = excluded.practice_hours,
  lab_hours = excluded.lab_hours,
  default_counts_toward_gpa = excluded.default_counts_toward_gpa,
  default_counts_toward_progress = excluded.default_counts_toward_progress,
  default_grading_mode = excluded.default_grading_mode;

insert into public.course_catalog (id, code, title, credits, lecture_hours, practice_hours, lab_hours, default_counts_toward_gpa, default_counts_toward_progress, default_grading_mode)
values ('BAA00103', 'BAA00103', 'Chủ nghĩa xã hội khoa học', 2, 30, 0, 0, true, true, 'numeric')
on conflict (id) do update set
  code = excluded.code,
  title = excluded.title,
  credits = excluded.credits,
  lecture_hours = excluded.lecture_hours,
  practice_hours = excluded.practice_hours,
  lab_hours = excluded.lab_hours,
  default_counts_toward_gpa = excluded.default_counts_toward_gpa,
  default_counts_toward_progress = excluded.default_counts_toward_progress,
  default_grading_mode = excluded.default_grading_mode;

insert into public.course_catalog (id, code, title, credits, lecture_hours, practice_hours, lab_hours, default_counts_toward_gpa, default_counts_toward_progress, default_grading_mode)
values ('BAA00104', 'BAA00104', 'Lịch sử Đảng Cộng sản Việt Nam', 2, 30, 0, 0, true, true, 'numeric')
on conflict (id) do update set
  code = excluded.code,
  title = excluded.title,
  credits = excluded.credits,
  lecture_hours = excluded.lecture_hours,
  practice_hours = excluded.practice_hours,
  lab_hours = excluded.lab_hours,
  default_counts_toward_gpa = excluded.default_counts_toward_gpa,
  default_counts_toward_progress = excluded.default_counts_toward_progress,
  default_grading_mode = excluded.default_grading_mode;

insert into public.course_catalog (id, code, title, credits, lecture_hours, practice_hours, lab_hours, default_counts_toward_gpa, default_counts_toward_progress, default_grading_mode)
values ('BIO00001', 'BIO00001', 'Sinh đại cương 1', 3, 45, 0, 0, true, true, 'numeric')
on conflict (id) do update set
  code = excluded.code,
  title = excluded.title,
  credits = excluded.credits,
  lecture_hours = excluded.lecture_hours,
  practice_hours = excluded.practice_hours,
  lab_hours = excluded.lab_hours,
  default_counts_toward_gpa = excluded.default_counts_toward_gpa,
  default_counts_toward_progress = excluded.default_counts_toward_progress,
  default_grading_mode = excluded.default_grading_mode;

insert into public.course_catalog (id, code, title, credits, lecture_hours, practice_hours, lab_hours, default_counts_toward_gpa, default_counts_toward_progress, default_grading_mode)
values ('BIO00002', 'BIO00002', 'Sinh đại cương 2', 3, 45, 0, 0, true, true, 'numeric')
on conflict (id) do update set
  code = excluded.code,
  title = excluded.title,
  credits = excluded.credits,
  lecture_hours = excluded.lecture_hours,
  practice_hours = excluded.practice_hours,
  lab_hours = excluded.lab_hours,
  default_counts_toward_gpa = excluded.default_counts_toward_gpa,
  default_counts_toward_progress = excluded.default_counts_toward_progress,
  default_grading_mode = excluded.default_grading_mode;

insert into public.course_catalog (id, code, title, credits, lecture_hours, practice_hours, lab_hours, default_counts_toward_gpa, default_counts_toward_progress, default_grading_mode)
values ('BIO00081', 'BIO00081', 'Thực tập Sinh đại cương 1', 1, 0, 30, 0, true, true, 'numeric')
on conflict (id) do update set
  code = excluded.code,
  title = excluded.title,
  credits = excluded.credits,
  lecture_hours = excluded.lecture_hours,
  practice_hours = excluded.practice_hours,
  lab_hours = excluded.lab_hours,
  default_counts_toward_gpa = excluded.default_counts_toward_gpa,
  default_counts_toward_progress = excluded.default_counts_toward_progress,
  default_grading_mode = excluded.default_grading_mode;

insert into public.course_catalog (id, code, title, credits, lecture_hours, practice_hours, lab_hours, default_counts_toward_gpa, default_counts_toward_progress, default_grading_mode)
values ('BIO00082', 'BIO00082', 'Thực tập Sinh đại cương 2', 1, 0, 30, 0, true, true, 'numeric')
on conflict (id) do update set
  code = excluded.code,
  title = excluded.title,
  credits = excluded.credits,
  lecture_hours = excluded.lecture_hours,
  practice_hours = excluded.practice_hours,
  lab_hours = excluded.lab_hours,
  default_counts_toward_gpa = excluded.default_counts_toward_gpa,
  default_counts_toward_progress = excluded.default_counts_toward_progress,
  default_grading_mode = excluded.default_grading_mode;

insert into public.course_catalog (id, code, title, credits, lecture_hours, practice_hours, lab_hours, default_counts_toward_gpa, default_counts_toward_progress, default_grading_mode)
values ('CHE00001', 'CHE00001', 'Hóa đại cương 1', 3, 30, 0, 30, true, true, 'numeric')
on conflict (id) do update set
  code = excluded.code,
  title = excluded.title,
  credits = excluded.credits,
  lecture_hours = excluded.lecture_hours,
  practice_hours = excluded.practice_hours,
  lab_hours = excluded.lab_hours,
  default_counts_toward_gpa = excluded.default_counts_toward_gpa,
  default_counts_toward_progress = excluded.default_counts_toward_progress,
  default_grading_mode = excluded.default_grading_mode;

insert into public.course_catalog (id, code, title, credits, lecture_hours, practice_hours, lab_hours, default_counts_toward_gpa, default_counts_toward_progress, default_grading_mode)
values ('CHE00002', 'CHE00002', 'Hóa đại cương 2', 3, 30, 0, 30, true, true, 'numeric')
on conflict (id) do update set
  code = excluded.code,
  title = excluded.title,
  credits = excluded.credits,
  lecture_hours = excluded.lecture_hours,
  practice_hours = excluded.practice_hours,
  lab_hours = excluded.lab_hours,
  default_counts_toward_gpa = excluded.default_counts_toward_gpa,
  default_counts_toward_progress = excluded.default_counts_toward_progress,
  default_grading_mode = excluded.default_grading_mode;

insert into public.course_catalog (id, code, title, credits, lecture_hours, practice_hours, lab_hours, default_counts_toward_gpa, default_counts_toward_progress, default_grading_mode)
values ('CHE00081', 'CHE00081', 'Thực hành Hóa đại cương 1', 2, 0, 60, 0, true, true, 'numeric')
on conflict (id) do update set
  code = excluded.code,
  title = excluded.title,
  credits = excluded.credits,
  lecture_hours = excluded.lecture_hours,
  practice_hours = excluded.practice_hours,
  lab_hours = excluded.lab_hours,
  default_counts_toward_gpa = excluded.default_counts_toward_gpa,
  default_counts_toward_progress = excluded.default_counts_toward_progress,
  default_grading_mode = excluded.default_grading_mode;

insert into public.course_catalog (id, code, title, credits, lecture_hours, practice_hours, lab_hours, default_counts_toward_gpa, default_counts_toward_progress, default_grading_mode)
values ('CHE00082', 'CHE00082', 'Thực hành Hóa đại cương 2', 2, 0, 60, 0, true, true, 'numeric')
on conflict (id) do update set
  code = excluded.code,
  title = excluded.title,
  credits = excluded.credits,
  lecture_hours = excluded.lecture_hours,
  practice_hours = excluded.practice_hours,
  lab_hours = excluded.lab_hours,
  default_counts_toward_gpa = excluded.default_counts_toward_gpa,
  default_counts_toward_progress = excluded.default_counts_toward_progress,
  default_grading_mode = excluded.default_grading_mode;

insert into public.course_catalog (id, code, title, credits, lecture_hours, practice_hours, lab_hours, default_counts_toward_gpa, default_counts_toward_progress, default_grading_mode)
values ('CSC00004', 'CSC00004', 'Nhập môn công nghệ thông tin', 4, 45, 30, 0, true, true, 'numeric')
on conflict (id) do update set
  code = excluded.code,
  title = excluded.title,
  credits = excluded.credits,
  lecture_hours = excluded.lecture_hours,
  practice_hours = excluded.practice_hours,
  lab_hours = excluded.lab_hours,
  default_counts_toward_gpa = excluded.default_counts_toward_gpa,
  default_counts_toward_progress = excluded.default_counts_toward_progress,
  default_grading_mode = excluded.default_grading_mode;

insert into public.course_catalog (id, code, title, credits, lecture_hours, practice_hours, lab_hours, default_counts_toward_gpa, default_counts_toward_progress, default_grading_mode)
values ('CSC10003', 'CSC10003', 'Phương pháp lập trình hướng đối tượng', 4, 0, 10, 0, true, true, 'numeric')
on conflict (id) do update set
  code = excluded.code,
  title = excluded.title,
  credits = excluded.credits,
  lecture_hours = excluded.lecture_hours,
  practice_hours = excluded.practice_hours,
  lab_hours = excluded.lab_hours,
  default_counts_toward_gpa = excluded.default_counts_toward_gpa,
  default_counts_toward_progress = excluded.default_counts_toward_progress,
  default_grading_mode = excluded.default_grading_mode;

insert into public.course_catalog (id, code, title, credits, lecture_hours, practice_hours, lab_hours, default_counts_toward_gpa, default_counts_toward_progress, default_grading_mode)
values ('CSC10004', 'CSC10004', 'Cấu trúc dữ liệu và giải thuật', 4, 45, 30, 0, true, true, 'numeric')
on conflict (id) do update set
  code = excluded.code,
  title = excluded.title,
  credits = excluded.credits,
  lecture_hours = excluded.lecture_hours,
  practice_hours = excluded.practice_hours,
  lab_hours = excluded.lab_hours,
  default_counts_toward_gpa = excluded.default_counts_toward_gpa,
  default_counts_toward_progress = excluded.default_counts_toward_progress,
  default_grading_mode = excluded.default_grading_mode;

insert into public.course_catalog (id, code, title, credits, lecture_hours, practice_hours, lab_hours, default_counts_toward_gpa, default_counts_toward_progress, default_grading_mode)
values ('CSC10006', 'CSC10006', 'Cơ sở dữ liệu', 4, 4, 2, 0, true, true, 'numeric')
on conflict (id) do update set
  code = excluded.code,
  title = excluded.title,
  credits = excluded.credits,
  lecture_hours = excluded.lecture_hours,
  practice_hours = excluded.practice_hours,
  lab_hours = excluded.lab_hours,
  default_counts_toward_gpa = excluded.default_counts_toward_gpa,
  default_counts_toward_progress = excluded.default_counts_toward_progress,
  default_grading_mode = excluded.default_grading_mode;

insert into public.course_catalog (id, code, title, credits, lecture_hours, practice_hours, lab_hours, default_counts_toward_gpa, default_counts_toward_progress, default_grading_mode)
values ('CSC10007', 'CSC10007', 'Hệ điều hành', 4, 45, 30, 0, true, true, 'numeric')
on conflict (id) do update set
  code = excluded.code,
  title = excluded.title,
  credits = excluded.credits,
  lecture_hours = excluded.lecture_hours,
  practice_hours = excluded.practice_hours,
  lab_hours = excluded.lab_hours,
  default_counts_toward_gpa = excluded.default_counts_toward_gpa,
  default_counts_toward_progress = excluded.default_counts_toward_progress,
  default_grading_mode = excluded.default_grading_mode;

insert into public.course_catalog (id, code, title, credits, lecture_hours, practice_hours, lab_hours, default_counts_toward_gpa, default_counts_toward_progress, default_grading_mode)
values ('CSC10008', 'CSC10008', 'Mạng máy tính', 4, 45, 30, 0, true, true, 'numeric')
on conflict (id) do update set
  code = excluded.code,
  title = excluded.title,
  credits = excluded.credits,
  lecture_hours = excluded.lecture_hours,
  practice_hours = excluded.practice_hours,
  lab_hours = excluded.lab_hours,
  default_counts_toward_gpa = excluded.default_counts_toward_gpa,
  default_counts_toward_progress = excluded.default_counts_toward_progress,
  default_grading_mode = excluded.default_grading_mode;

insert into public.course_catalog (id, code, title, credits, lecture_hours, practice_hours, lab_hours, default_counts_toward_gpa, default_counts_toward_progress, default_grading_mode)
values ('CSC10009', 'CSC10009', 'Hệ thống máy tính', 2, 30, 0, 0, true, true, 'numeric')
on conflict (id) do update set
  code = excluded.code,
  title = excluded.title,
  credits = excluded.credits,
  lecture_hours = excluded.lecture_hours,
  practice_hours = excluded.practice_hours,
  lab_hours = excluded.lab_hours,
  default_counts_toward_gpa = excluded.default_counts_toward_gpa,
  default_counts_toward_progress = excluded.default_counts_toward_progress,
  default_grading_mode = excluded.default_grading_mode;

insert into public.course_catalog (id, code, title, credits, lecture_hours, practice_hours, lab_hours, default_counts_toward_gpa, default_counts_toward_progress, default_grading_mode)
values ('CSC10012', 'CSC10012', 'Cơ sở lập trình', 4, 45, 30, 0, true, true, 'numeric')
on conflict (id) do update set
  code = excluded.code,
  title = excluded.title,
  credits = excluded.credits,
  lecture_hours = excluded.lecture_hours,
  practice_hours = excluded.practice_hours,
  lab_hours = excluded.lab_hours,
  default_counts_toward_gpa = excluded.default_counts_toward_gpa,
  default_counts_toward_progress = excluded.default_counts_toward_progress,
  default_grading_mode = excluded.default_grading_mode;

insert into public.course_catalog (id, code, title, credits, lecture_hours, practice_hours, lab_hours, default_counts_toward_gpa, default_counts_toward_progress, default_grading_mode)
values ('CSC10014', 'CSC10014', 'Tư duy tính toán', 4, 45, 30, 0, true, true, 'numeric')
on conflict (id) do update set
  code = excluded.code,
  title = excluded.title,
  credits = excluded.credits,
  lecture_hours = excluded.lecture_hours,
  practice_hours = excluded.practice_hours,
  lab_hours = excluded.lab_hours,
  default_counts_toward_gpa = excluded.default_counts_toward_gpa,
  default_counts_toward_progress = excluded.default_counts_toward_progress,
  default_grading_mode = excluded.default_grading_mode;

insert into public.course_catalog (id, code, title, credits, lecture_hours, practice_hours, lab_hours, default_counts_toward_gpa, default_counts_toward_progress, default_grading_mode)
values ('CSC10102', 'CSC10102', 'Kiến tập nghề nghiệp kho', 2, 15, 30, 0, true, true, 'numeric')
on conflict (id) do update set
  code = excluded.code,
  title = excluded.title,
  credits = excluded.credits,
  lecture_hours = excluded.lecture_hours,
  practice_hours = excluded.practice_hours,
  lab_hours = excluded.lab_hours,
  default_counts_toward_gpa = excluded.default_counts_toward_gpa,
  default_counts_toward_progress = excluded.default_counts_toward_progress,
  default_grading_mode = excluded.default_grading_mode;

insert into public.course_catalog (id, code, title, credits, lecture_hours, practice_hours, lab_hours, default_counts_toward_gpa, default_counts_toward_progress, default_grading_mode)
values ('CSC10103', 'CSC10103', 'Khởi nghiệp', 3, 30, 30, 0, true, true, 'numeric')
on conflict (id) do update set
  code = excluded.code,
  title = excluded.title,
  credits = excluded.credits,
  lecture_hours = excluded.lecture_hours,
  practice_hours = excluded.practice_hours,
  lab_hours = excluded.lab_hours,
  default_counts_toward_gpa = excluded.default_counts_toward_gpa,
  default_counts_toward_progress = excluded.default_counts_toward_progress,
  default_grading_mode = excluded.default_grading_mode;

insert into public.course_catalog (id, code, title, credits, lecture_hours, practice_hours, lab_hours, default_counts_toward_gpa, default_counts_toward_progress, default_grading_mode)
values ('CSC10104', 'CSC10104', 'Quy hoạch tuyến tính', 4, 45, 30, 0, true, true, 'numeric')
on conflict (id) do update set
  code = excluded.code,
  title = excluded.title,
  credits = excluded.credits,
  lecture_hours = excluded.lecture_hours,
  practice_hours = excluded.practice_hours,
  lab_hours = excluded.lab_hours,
  default_counts_toward_gpa = excluded.default_counts_toward_gpa,
  default_counts_toward_progress = excluded.default_counts_toward_progress,
  default_grading_mode = excluded.default_grading_mode;

insert into public.course_catalog (id, code, title, credits, lecture_hours, practice_hours, lab_hours, default_counts_toward_gpa, default_counts_toward_progress, default_grading_mode)
values ('CSC10105', 'CSC10105', 'Nhập môn tư duy thuật toán', 4, 45, 30, 0, true, true, 'numeric')
on conflict (id) do update set
  code = excluded.code,
  title = excluded.title,
  credits = excluded.credits,
  lecture_hours = excluded.lecture_hours,
  practice_hours = excluded.practice_hours,
  lab_hours = excluded.lab_hours,
  default_counts_toward_gpa = excluded.default_counts_toward_gpa,
  default_counts_toward_progress = excluded.default_counts_toward_progress,
  default_grading_mode = excluded.default_grading_mode;

insert into public.course_catalog (id, code, title, credits, lecture_hours, practice_hours, lab_hours, default_counts_toward_gpa, default_counts_toward_progress, default_grading_mode)
values ('CSC10106', 'CSC10106', 'Thuật toán tổ hợp và ứng dụng', 4, 45, 30, 0, true, true, 'numeric')
on conflict (id) do update set
  code = excluded.code,
  title = excluded.title,
  credits = excluded.credits,
  lecture_hours = excluded.lecture_hours,
  practice_hours = excluded.practice_hours,
  lab_hours = excluded.lab_hours,
  default_counts_toward_gpa = excluded.default_counts_toward_gpa,
  default_counts_toward_progress = excluded.default_counts_toward_progress,
  default_grading_mode = excluded.default_grading_mode;

insert into public.course_catalog (id, code, title, credits, lecture_hours, practice_hours, lab_hours, default_counts_toward_gpa, default_counts_toward_progress, default_grading_mode)
values ('CSC10107', 'CSC10107', 'Thực tập thực tế', 4, 30, 60, 0, true, true, 'numeric')
on conflict (id) do update set
  code = excluded.code,
  title = excluded.title,
  credits = excluded.credits,
  lecture_hours = excluded.lecture_hours,
  practice_hours = excluded.practice_hours,
  lab_hours = excluded.lab_hours,
  default_counts_toward_gpa = excluded.default_counts_toward_gpa,
  default_counts_toward_progress = excluded.default_counts_toward_progress,
  default_grading_mode = excluded.default_grading_mode;

insert into public.course_catalog (id, code, title, credits, lecture_hours, practice_hours, lab_hours, default_counts_toward_gpa, default_counts_toward_progress, default_grading_mode)
values ('CSC10108', 'CSC10108', 'Trực quan hóa dữ liệu', 4, 4, 4, 0, true, true, 'numeric')
on conflict (id) do update set
  code = excluded.code,
  title = excluded.title,
  credits = excluded.credits,
  lecture_hours = excluded.lecture_hours,
  practice_hours = excluded.practice_hours,
  lab_hours = excluded.lab_hours,
  default_counts_toward_gpa = excluded.default_counts_toward_gpa,
  default_counts_toward_progress = excluded.default_counts_toward_progress,
  default_grading_mode = excluded.default_grading_mode;

insert into public.course_catalog (id, code, title, credits, lecture_hours, practice_hours, lab_hours, default_counts_toward_gpa, default_counts_toward_progress, default_grading_mode)
values ('CSC10121', 'CSC10121', 'Kỹ năng mềm', 3, 30, 30, 0, true, true, 'numeric')
on conflict (id) do update set
  code = excluded.code,
  title = excluded.title,
  credits = excluded.credits,
  lecture_hours = excluded.lecture_hours,
  practice_hours = excluded.practice_hours,
  lab_hours = excluded.lab_hours,
  default_counts_toward_gpa = excluded.default_counts_toward_gpa,
  default_counts_toward_progress = excluded.default_counts_toward_progress,
  default_grading_mode = excluded.default_grading_mode;

insert into public.course_catalog (id, code, title, credits, lecture_hours, practice_hours, lab_hours, default_counts_toward_gpa, default_counts_toward_progress, default_grading_mode)
values ('CSC10202', 'CSC10202', 'Chuyen de to churc du lieu', 6, 60, 60, 0, true, true, 'numeric')
on conflict (id) do update set
  code = excluded.code,
  title = excluded.title,
  credits = excluded.credits,
  lecture_hours = excluded.lecture_hours,
  practice_hours = excluded.practice_hours,
  lab_hours = excluded.lab_hours,
  default_counts_toward_gpa = excluded.default_counts_toward_gpa,
  default_counts_toward_progress = excluded.default_counts_toward_progress,
  default_grading_mode = excluded.default_grading_mode;

insert into public.course_catalog (id, code, title, credits, lecture_hours, practice_hours, lab_hours, default_counts_toward_gpa, default_counts_toward_progress, default_grading_mode)
values ('CSC10203', 'CSC10203', 'Chuyen de thiết kế phần mềm nang cao', 6, 60, 60, 0, true, true, 'numeric')
on conflict (id) do update set
  code = excluded.code,
  title = excluded.title,
  credits = excluded.credits,
  lecture_hours = excluded.lecture_hours,
  practice_hours = excluded.practice_hours,
  lab_hours = excluded.lab_hours,
  default_counts_toward_gpa = excluded.default_counts_toward_gpa,
  default_counts_toward_progress = excluded.default_counts_toward_progress,
  default_grading_mode = excluded.default_grading_mode;

insert into public.course_catalog (id, code, title, credits, lecture_hours, practice_hours, lab_hours, default_counts_toward_gpa, default_counts_toward_progress, default_grading_mode)
values ('CSC10204', 'CSC10204', 'Thực tập dự án tốt nghiệp', 6, 0, 0, 180, true, true, 'numeric')
on conflict (id) do update set
  code = excluded.code,
  title = excluded.title,
  credits = excluded.credits,
  lecture_hours = excluded.lecture_hours,
  practice_hours = excluded.practice_hours,
  lab_hours = excluded.lab_hours,
  default_counts_toward_gpa = excluded.default_counts_toward_gpa,
  default_counts_toward_progress = excluded.default_counts_toward_progress,
  default_grading_mode = excluded.default_grading_mode;

insert into public.course_catalog (id, code, title, credits, lecture_hours, practice_hours, lab_hours, default_counts_toward_gpa, default_counts_toward_progress, default_grading_mode)
values ('CSC10251', 'CSC10251', 'Khóa luận tốt nghiệp', 10, 0, 0, 300, true, true, 'numeric')
on conflict (id) do update set
  code = excluded.code,
  title = excluded.title,
  credits = excluded.credits,
  lecture_hours = excluded.lecture_hours,
  practice_hours = excluded.practice_hours,
  lab_hours = excluded.lab_hours,
  default_counts_toward_gpa = excluded.default_counts_toward_gpa,
  default_counts_toward_progress = excluded.default_counts_toward_progress,
  default_grading_mode = excluded.default_grading_mode;

insert into public.course_catalog (id, code, title, credits, lecture_hours, practice_hours, lab_hours, default_counts_toward_gpa, default_counts_toward_progress, default_grading_mode)
values ('CSC10252', 'CSC10252', 'Thực tập tốt nghiệp', 10, 0, 0, 300, true, true, 'numeric')
on conflict (id) do update set
  code = excluded.code,
  title = excluded.title,
  credits = excluded.credits,
  lecture_hours = excluded.lecture_hours,
  practice_hours = excluded.practice_hours,
  lab_hours = excluded.lab_hours,
  default_counts_toward_gpa = excluded.default_counts_toward_gpa,
  default_counts_toward_progress = excluded.default_counts_toward_progress,
  default_grading_mode = excluded.default_grading_mode;

insert into public.course_catalog (id, code, title, credits, lecture_hours, practice_hours, lab_hours, default_counts_toward_gpa, default_counts_toward_progress, default_grading_mode)
values ('CSC11002', 'CSC11002', 'Hệ thống viễn thông', 4, 45, 30, 0, true, true, 'numeric')
on conflict (id) do update set
  code = excluded.code,
  title = excluded.title,
  credits = excluded.credits,
  lecture_hours = excluded.lecture_hours,
  practice_hours = excluded.practice_hours,
  lab_hours = excluded.lab_hours,
  default_counts_toward_gpa = excluded.default_counts_toward_gpa,
  default_counts_toward_progress = excluded.default_counts_toward_progress,
  default_grading_mode = excluded.default_grading_mode;

insert into public.course_catalog (id, code, title, credits, lecture_hours, practice_hours, lab_hours, default_counts_toward_gpa, default_counts_toward_progress, default_grading_mode)
values ('CSC11003', 'CSC11003', 'Mạng máy tính nâng cao', 4, 45, 30, 0, true, true, 'numeric')
on conflict (id) do update set
  code = excluded.code,
  title = excluded.title,
  credits = excluded.credits,
  lecture_hours = excluded.lecture_hours,
  practice_hours = excluded.practice_hours,
  lab_hours = excluded.lab_hours,
  default_counts_toward_gpa = excluded.default_counts_toward_gpa,
  default_counts_toward_progress = excluded.default_counts_toward_progress,
  default_grading_mode = excluded.default_grading_mode;

insert into public.course_catalog (id, code, title, credits, lecture_hours, practice_hours, lab_hours, default_counts_toward_gpa, default_counts_toward_progress, default_grading_mode)
values ('CSC11004', 'CSC11004', 'Lập trình mạng', 4, 45, 30, 0, true, true, 'numeric')
on conflict (id) do update set
  code = excluded.code,
  title = excluded.title,
  credits = excluded.credits,
  lecture_hours = excluded.lecture_hours,
  practice_hours = excluded.practice_hours,
  lab_hours = excluded.lab_hours,
  default_counts_toward_gpa = excluded.default_counts_toward_gpa,
  default_counts_toward_progress = excluded.default_counts_toward_progress,
  default_grading_mode = excluded.default_grading_mode;

insert into public.course_catalog (id, code, title, credits, lecture_hours, practice_hours, lab_hours, default_counts_toward_gpa, default_counts_toward_progress, default_grading_mode)
values ('CSC11006', 'CSC11006', 'Nhập môn điện toán đám mây', 4, 45, 30, 0, true, true, 'numeric')
on conflict (id) do update set
  code = excluded.code,
  title = excluded.title,
  credits = excluded.credits,
  lecture_hours = excluded.lecture_hours,
  practice_hours = excluded.practice_hours,
  lab_hours = excluded.lab_hours,
  default_counts_toward_gpa = excluded.default_counts_toward_gpa,
  default_counts_toward_progress = excluded.default_counts_toward_progress,
  default_grading_mode = excluded.default_grading_mode;

insert into public.course_catalog (id, code, title, credits, lecture_hours, practice_hours, lab_hours, default_counts_toward_gpa, default_counts_toward_progress, default_grading_mode)
values ('CSC11007', 'CSC11007', 'An ninh mạng', 4, 45, 30, 0, true, true, 'numeric')
on conflict (id) do update set
  code = excluded.code,
  title = excluded.title,
  credits = excluded.credits,
  lecture_hours = excluded.lecture_hours,
  practice_hours = excluded.practice_hours,
  lab_hours = excluded.lab_hours,
  default_counts_toward_gpa = excluded.default_counts_toward_gpa,
  default_counts_toward_progress = excluded.default_counts_toward_progress,
  default_grading_mode = excluded.default_grading_mode;

insert into public.course_catalog (id, code, title, credits, lecture_hours, practice_hours, lab_hours, default_counts_toward_gpa, default_counts_toward_progress, default_grading_mode)
values ('CSC11106', 'CSC11106', 'Truyền thông không dây', 4, 45, 30, 0, true, true, 'numeric')
on conflict (id) do update set
  code = excluded.code,
  title = excluded.title,
  credits = excluded.credits,
  lecture_hours = excluded.lecture_hours,
  practice_hours = excluded.practice_hours,
  lab_hours = excluded.lab_hours,
  default_counts_toward_gpa = excluded.default_counts_toward_gpa,
  default_counts_toward_progress = excluded.default_counts_toward_progress,
  default_grading_mode = excluded.default_grading_mode;

insert into public.course_catalog (id, code, title, credits, lecture_hours, practice_hours, lab_hours, default_counts_toward_gpa, default_counts_toward_progress, default_grading_mode)
values ('CSC11111', 'CSC11111', 'Chuyen de tot nghiep mạng máy tính', 4, 45, 30, 0, true, true, 'numeric')
on conflict (id) do update set
  code = excluded.code,
  title = excluded.title,
  credits = excluded.credits,
  lecture_hours = excluded.lecture_hours,
  practice_hours = excluded.practice_hours,
  lab_hours = excluded.lab_hours,
  default_counts_toward_gpa = excluded.default_counts_toward_gpa,
  default_counts_toward_progress = excluded.default_counts_toward_progress,
  default_grading_mode = excluded.default_grading_mode;

insert into public.course_catalog (id, code, title, credits, lecture_hours, practice_hours, lab_hours, default_counts_toward_gpa, default_counts_toward_progress, default_grading_mode)
values ('CSC11112', 'CSC11112', 'Chuyen de he thong phan tan', 4, 45, 30, 0, true, true, 'numeric')
on conflict (id) do update set
  code = excluded.code,
  title = excluded.title,
  credits = excluded.credits,
  lecture_hours = excluded.lecture_hours,
  practice_hours = excluded.practice_hours,
  lab_hours = excluded.lab_hours,
  default_counts_toward_gpa = excluded.default_counts_toward_gpa,
  default_counts_toward_progress = excluded.default_counts_toward_progress,
  default_grading_mode = excluded.default_grading_mode;

insert into public.course_catalog (id, code, title, credits, lecture_hours, practice_hours, lab_hours, default_counts_toward_gpa, default_counts_toward_progress, default_grading_mode)
values ('CSC11114', 'CSC11114', 'Ứng dụng dịch vụ điện toán đám mây cho doanh nghiệp', 4, 45, 30, 0, true, true, 'numeric')
on conflict (id) do update set
  code = excluded.code,
  title = excluded.title,
  credits = excluded.credits,
  lecture_hours = excluded.lecture_hours,
  practice_hours = excluded.practice_hours,
  lab_hours = excluded.lab_hours,
  default_counts_toward_gpa = excluded.default_counts_toward_gpa,
  default_counts_toward_progress = excluded.default_counts_toward_progress,
  default_grading_mode = excluded.default_grading_mode;

insert into public.course_catalog (id, code, title, credits, lecture_hours, practice_hours, lab_hours, default_counts_toward_gpa, default_counts_toward_progress, default_grading_mode)
values ('CSC11115', 'CSC11115', 'An ninh mạng nâng cao', 4, 45, 30, 0, true, true, 'numeric')
on conflict (id) do update set
  code = excluded.code,
  title = excluded.title,
  credits = excluded.credits,
  lecture_hours = excluded.lecture_hours,
  practice_hours = excluded.practice_hours,
  lab_hours = excluded.lab_hours,
  default_counts_toward_gpa = excluded.default_counts_toward_gpa,
  default_counts_toward_progress = excluded.default_counts_toward_progress,
  default_grading_mode = excluded.default_grading_mode;

insert into public.course_catalog (id, code, title, credits, lecture_hours, practice_hours, lab_hours, default_counts_toward_gpa, default_counts_toward_progress, default_grading_mode)
values ('CSC11116', 'CSC11116', 'DevOps nâng cao', 4, 45, 30, 0, true, true, 'numeric')
on conflict (id) do update set
  code = excluded.code,
  title = excluded.title,
  credits = excluded.credits,
  lecture_hours = excluded.lecture_hours,
  practice_hours = excluded.practice_hours,
  lab_hours = excluded.lab_hours,
  default_counts_toward_gpa = excluded.default_counts_toward_gpa,
  default_counts_toward_progress = excluded.default_counts_toward_progress,
  default_grading_mode = excluded.default_grading_mode;

insert into public.course_catalog (id, code, title, credits, lecture_hours, practice_hours, lab_hours, default_counts_toward_gpa, default_counts_toward_progress, default_grading_mode)
values ('CSC11117', 'CSC11117', 'Hệ điều hành Linux và ứng dụng', 4, 45, 30, 0, true, true, 'numeric')
on conflict (id) do update set
  code = excluded.code,
  title = excluded.title,
  credits = excluded.credits,
  lecture_hours = excluded.lecture_hours,
  practice_hours = excluded.practice_hours,
  lab_hours = excluded.lab_hours,
  default_counts_toward_gpa = excluded.default_counts_toward_gpa,
  default_counts_toward_progress = excluded.default_counts_toward_progress,
  default_grading_mode = excluded.default_grading_mode;

insert into public.course_catalog (id, code, title, credits, lecture_hours, practice_hours, lab_hours, default_counts_toward_gpa, default_counts_toward_progress, default_grading_mode)
values ('CSC11118', 'CSC11118', 'Triển khai và vận hành điện toán đám mây', 4, 45, 30, 0, true, true, 'numeric')
on conflict (id) do update set
  code = excluded.code,
  title = excluded.title,
  credits = excluded.credits,
  lecture_hours = excluded.lecture_hours,
  practice_hours = excluded.practice_hours,
  lab_hours = excluded.lab_hours,
  default_counts_toward_gpa = excluded.default_counts_toward_gpa,
  default_counts_toward_progress = excluded.default_counts_toward_progress,
  default_grading_mode = excluded.default_grading_mode;

insert into public.course_catalog (id, code, title, credits, lecture_hours, practice_hours, lab_hours, default_counts_toward_gpa, default_counts_toward_progress, default_grading_mode)
values ('CSC11119', 'CSC11119', 'Chuyen de phan tich mang', 4, 45, 30, 0, true, true, 'numeric')
on conflict (id) do update set
  code = excluded.code,
  title = excluded.title,
  credits = excluded.credits,
  lecture_hours = excluded.lecture_hours,
  practice_hours = excluded.practice_hours,
  lab_hours = excluded.lab_hours,
  default_counts_toward_gpa = excluded.default_counts_toward_gpa,
  default_counts_toward_progress = excluded.default_counts_toward_progress,
  default_grading_mode = excluded.default_grading_mode;

insert into public.course_catalog (id, code, title, credits, lecture_hours, practice_hours, lab_hours, default_counts_toward_gpa, default_counts_toward_progress, default_grading_mode)
values ('CSC11120', 'CSC11120', 'An toàn và bảo mật dữ liệu', 4, 45, 30, 0, true, true, 'numeric')
on conflict (id) do update set
  code = excluded.code,
  title = excluded.title,
  credits = excluded.credits,
  lecture_hours = excluded.lecture_hours,
  practice_hours = excluded.practice_hours,
  lab_hours = excluded.lab_hours,
  default_counts_toward_gpa = excluded.default_counts_toward_gpa,
  default_counts_toward_progress = excluded.default_counts_toward_progress,
  default_grading_mode = excluded.default_grading_mode;

insert into public.course_catalog (id, code, title, credits, lecture_hours, practice_hours, lab_hours, default_counts_toward_gpa, default_counts_toward_progress, default_grading_mode)
values ('CSC12001', 'CSC12001', 'An toan va bao mat du lieu trong hệ thống thông tin', 4, 45, 30, 0, true, true, 'numeric')
on conflict (id) do update set
  code = excluded.code,
  title = excluded.title,
  credits = excluded.credits,
  lecture_hours = excluded.lecture_hours,
  practice_hours = excluded.practice_hours,
  lab_hours = excluded.lab_hours,
  default_counts_toward_gpa = excluded.default_counts_toward_gpa,
  default_counts_toward_progress = excluded.default_counts_toward_progress,
  default_grading_mode = excluded.default_grading_mode;

insert into public.course_catalog (id, code, title, credits, lecture_hours, practice_hours, lab_hours, default_counts_toward_gpa, default_counts_toward_progress, default_grading_mode)
values ('CSC12002', 'CSC12002', 'Cơ sở dữ liệu nâng cao', 4, 45, 30, 0, true, true, 'numeric')
on conflict (id) do update set
  code = excluded.code,
  title = excluded.title,
  credits = excluded.credits,
  lecture_hours = excluded.lecture_hours,
  practice_hours = excluded.practice_hours,
  lab_hours = excluded.lab_hours,
  default_counts_toward_gpa = excluded.default_counts_toward_gpa,
  default_counts_toward_progress = excluded.default_counts_toward_progress,
  default_grading_mode = excluded.default_grading_mode;

insert into public.course_catalog (id, code, title, credits, lecture_hours, practice_hours, lab_hours, default_counts_toward_gpa, default_counts_toward_progress, default_grading_mode)
values ('CSC12003', 'CSC12003', 'Hệ quản trị cơ sở dữ liệu', 4, 45, 30, 0, true, true, 'numeric')
on conflict (id) do update set
  code = excluded.code,
  title = excluded.title,
  credits = excluded.credits,
  lecture_hours = excluded.lecture_hours,
  practice_hours = excluded.practice_hours,
  lab_hours = excluded.lab_hours,
  default_counts_toward_gpa = excluded.default_counts_toward_gpa,
  default_counts_toward_progress = excluded.default_counts_toward_progress,
  default_grading_mode = excluded.default_grading_mode;

insert into public.course_catalog (id, code, title, credits, lecture_hours, practice_hours, lab_hours, default_counts_toward_gpa, default_counts_toward_progress, default_grading_mode)
values ('CSC12004', 'CSC12004', 'Phân tích thiết kế hệ thống thông tin', 4, 4, 5, 0, true, true, 'numeric')
on conflict (id) do update set
  code = excluded.code,
  title = excluded.title,
  credits = excluded.credits,
  lecture_hours = excluded.lecture_hours,
  practice_hours = excluded.practice_hours,
  lab_hours = excluded.lab_hours,
  default_counts_toward_gpa = excluded.default_counts_toward_gpa,
  default_counts_toward_progress = excluded.default_counts_toward_progress,
  default_grading_mode = excluded.default_grading_mode;

insert into public.course_catalog (id, code, title, credits, lecture_hours, practice_hours, lab_hours, default_counts_toward_gpa, default_counts_toward_progress, default_grading_mode)
values ('CSC12005', 'CSC12005', 'Phát triển ứng dụng hệ thống thông tin hiện đại', 4, 45, 30, 0, true, true, 'numeric')
on conflict (id) do update set
  code = excluded.code,
  title = excluded.title,
  credits = excluded.credits,
  lecture_hours = excluded.lecture_hours,
  practice_hours = excluded.practice_hours,
  lab_hours = excluded.lab_hours,
  default_counts_toward_gpa = excluded.default_counts_toward_gpa,
  default_counts_toward_progress = excluded.default_counts_toward_progress,
  default_grading_mode = excluded.default_grading_mode;

insert into public.course_catalog (id, code, title, credits, lecture_hours, practice_hours, lab_hours, default_counts_toward_gpa, default_counts_toward_progress, default_grading_mode)
values ('CSC12105', 'CSC12105', 'Thương mại điện tử', 4, 45, 30, 0, true, true, 'numeric')
on conflict (id) do update set
  code = excluded.code,
  title = excluded.title,
  credits = excluded.credits,
  lecture_hours = excluded.lecture_hours,
  practice_hours = excluded.practice_hours,
  lab_hours = excluded.lab_hours,
  default_counts_toward_gpa = excluded.default_counts_toward_gpa,
  default_counts_toward_progress = excluded.default_counts_toward_progress,
  default_grading_mode = excluded.default_grading_mode;

insert into public.course_catalog (id, code, title, credits, lecture_hours, practice_hours, lab_hours, default_counts_toward_gpa, default_counts_toward_progress, default_grading_mode)
values ('CSC12106', 'CSC12106', 'Tương tác người - máy', 4, 45, 30, 0, true, true, 'numeric')
on conflict (id) do update set
  code = excluded.code,
  title = excluded.title,
  credits = excluded.credits,
  lecture_hours = excluded.lecture_hours,
  practice_hours = excluded.practice_hours,
  lab_hours = excluded.lab_hours,
  default_counts_toward_gpa = excluded.default_counts_toward_gpa,
  default_counts_toward_progress = excluded.default_counts_toward_progress,
  default_grading_mode = excluded.default_grading_mode;

insert into public.course_catalog (id, code, title, credits, lecture_hours, practice_hours, lab_hours, default_counts_toward_gpa, default_counts_toward_progress, default_grading_mode)
values ('CSC12107', 'CSC12107', 'Hệ thống thông tin phục vụ trí tuệ kinh doanh', 4, 4, 6, 0, true, true, 'numeric')
on conflict (id) do update set
  code = excluded.code,
  title = excluded.title,
  credits = excluded.credits,
  lecture_hours = excluded.lecture_hours,
  practice_hours = excluded.practice_hours,
  lab_hours = excluded.lab_hours,
  default_counts_toward_gpa = excluded.default_counts_toward_gpa,
  default_counts_toward_progress = excluded.default_counts_toward_progress,
  default_grading_mode = excluded.default_grading_mode;

insert into public.course_catalog (id, code, title, credits, lecture_hours, practice_hours, lab_hours, default_counts_toward_gpa, default_counts_toward_progress, default_grading_mode)
values ('CSC12108', 'CSC12108', 'Ứng dụng phân tán', 4, 45, 30, 0, true, true, 'numeric')
on conflict (id) do update set
  code = excluded.code,
  title = excluded.title,
  credits = excluded.credits,
  lecture_hours = excluded.lecture_hours,
  practice_hours = excluded.practice_hours,
  lab_hours = excluded.lab_hours,
  default_counts_toward_gpa = excluded.default_counts_toward_gpa,
  default_counts_toward_progress = excluded.default_counts_toward_progress,
  default_grading_mode = excluded.default_grading_mode;

insert into public.course_catalog (id, code, title, credits, lecture_hours, practice_hours, lab_hours, default_counts_toward_gpa, default_counts_toward_progress, default_grading_mode)
values ('CSC12111', 'CSC12111', 'Quản trị cơ sở dữ liệu hiện đại', 4, 45, 30, 0, true, true, 'numeric')
on conflict (id) do update set
  code = excluded.code,
  title = excluded.title,
  credits = excluded.credits,
  lecture_hours = excluded.lecture_hours,
  practice_hours = excluded.practice_hours,
  lab_hours = excluded.lab_hours,
  default_counts_toward_gpa = excluded.default_counts_toward_gpa,
  default_counts_toward_progress = excluded.default_counts_toward_progress,
  default_grading_mode = excluded.default_grading_mode;

insert into public.course_catalog (id, code, title, credits, lecture_hours, practice_hours, lab_hours, default_counts_toward_gpa, default_counts_toward_progress, default_grading_mode)
values ('CSC12112', 'CSC12112', 'Môi trường và công cụ cho tiếp thị số', 4, 45, 30, 0, true, true, 'numeric')
on conflict (id) do update set
  code = excluded.code,
  title = excluded.title,
  credits = excluded.credits,
  lecture_hours = excluded.lecture_hours,
  practice_hours = excluded.practice_hours,
  lab_hours = excluded.lab_hours,
  default_counts_toward_gpa = excluded.default_counts_toward_gpa,
  default_counts_toward_progress = excluded.default_counts_toward_progress,
  default_grading_mode = excluded.default_grading_mode;

insert into public.course_catalog (id, code, title, credits, lecture_hours, practice_hours, lab_hours, default_counts_toward_gpa, default_counts_toward_progress, default_grading_mode)
values ('CSC12113', 'CSC12113', 'Nhập môn quản trị mối quan hệ khách hàng - sản phẩm', 4, 45, 30, 0, true, true, 'numeric')
on conflict (id) do update set
  code = excluded.code,
  title = excluded.title,
  credits = excluded.credits,
  lecture_hours = excluded.lecture_hours,
  practice_hours = excluded.practice_hours,
  lab_hours = excluded.lab_hours,
  default_counts_toward_gpa = excluded.default_counts_toward_gpa,
  default_counts_toward_progress = excluded.default_counts_toward_progress,
  default_grading_mode = excluded.default_grading_mode;

insert into public.course_catalog (id, code, title, credits, lecture_hours, practice_hours, lab_hours, default_counts_toward_gpa, default_counts_toward_progress, default_grading_mode)
values ('CSC13001', 'CSC13001', 'Lập trình Windows', 4, 45, 30, 0, true, true, 'numeric')
on conflict (id) do update set
  code = excluded.code,
  title = excluded.title,
  credits = excluded.credits,
  lecture_hours = excluded.lecture_hours,
  practice_hours = excluded.practice_hours,
  lab_hours = excluded.lab_hours,
  default_counts_toward_gpa = excluded.default_counts_toward_gpa,
  default_counts_toward_progress = excluded.default_counts_toward_progress,
  default_grading_mode = excluded.default_grading_mode;

insert into public.course_catalog (id, code, title, credits, lecture_hours, practice_hours, lab_hours, default_counts_toward_gpa, default_counts_toward_progress, default_grading_mode)
values ('CSC13002', 'CSC13002', 'Nhập môn công nghệ phần mềm', 4, 45, 30, 0, true, true, 'numeric')
on conflict (id) do update set
  code = excluded.code,
  title = excluded.title,
  credits = excluded.credits,
  lecture_hours = excluded.lecture_hours,
  practice_hours = excluded.practice_hours,
  lab_hours = excluded.lab_hours,
  default_counts_toward_gpa = excluded.default_counts_toward_gpa,
  default_counts_toward_progress = excluded.default_counts_toward_progress,
  default_grading_mode = excluded.default_grading_mode;

insert into public.course_catalog (id, code, title, credits, lecture_hours, practice_hours, lab_hours, default_counts_toward_gpa, default_counts_toward_progress, default_grading_mode)
values ('CSC13003', 'CSC13003', 'Kiểm thử phần mềm', 4, 45, 30, 0, true, true, 'numeric')
on conflict (id) do update set
  code = excluded.code,
  title = excluded.title,
  credits = excluded.credits,
  lecture_hours = excluded.lecture_hours,
  practice_hours = excluded.practice_hours,
  lab_hours = excluded.lab_hours,
  default_counts_toward_gpa = excluded.default_counts_toward_gpa,
  default_counts_toward_progress = excluded.default_counts_toward_progress,
  default_grading_mode = excluded.default_grading_mode;

insert into public.course_catalog (id, code, title, credits, lecture_hours, practice_hours, lab_hours, default_counts_toward_gpa, default_counts_toward_progress, default_grading_mode)
values ('CSC13005', 'CSC13005', 'Thiết kế phần mềm', 4, 45, 30, 0, true, true, 'numeric')
on conflict (id) do update set
  code = excluded.code,
  title = excluded.title,
  credits = excluded.credits,
  lecture_hours = excluded.lecture_hours,
  practice_hours = excluded.practice_hours,
  lab_hours = excluded.lab_hours,
  default_counts_toward_gpa = excluded.default_counts_toward_gpa,
  default_counts_toward_progress = excluded.default_counts_toward_progress,
  default_grading_mode = excluded.default_grading_mode;

insert into public.course_catalog (id, code, title, credits, lecture_hours, practice_hours, lab_hours, default_counts_toward_gpa, default_counts_toward_progress, default_grading_mode)
values ('CSC13006', 'CSC13006', 'Quản lý dự án phần mềm', 4, 45, 30, 0, true, true, 'numeric')
on conflict (id) do update set
  code = excluded.code,
  title = excluded.title,
  credits = excluded.credits,
  lecture_hours = excluded.lecture_hours,
  practice_hours = excluded.practice_hours,
  lab_hours = excluded.lab_hours,
  default_counts_toward_gpa = excluded.default_counts_toward_gpa,
  default_counts_toward_progress = excluded.default_counts_toward_progress,
  default_grading_mode = excluded.default_grading_mode;

insert into public.course_catalog (id, code, title, credits, lecture_hours, practice_hours, lab_hours, default_counts_toward_gpa, default_counts_toward_progress, default_grading_mode)
values ('CSC13007', 'CSC13007', 'Phát triển game', 4, 45, 30, 0, true, true, 'numeric')
on conflict (id) do update set
  code = excluded.code,
  title = excluded.title,
  credits = excluded.credits,
  lecture_hours = excluded.lecture_hours,
  practice_hours = excluded.practice_hours,
  lab_hours = excluded.lab_hours,
  default_counts_toward_gpa = excluded.default_counts_toward_gpa,
  default_counts_toward_progress = excluded.default_counts_toward_progress,
  default_grading_mode = excluded.default_grading_mode;

insert into public.course_catalog (id, code, title, credits, lecture_hours, practice_hours, lab_hours, default_counts_toward_gpa, default_counts_toward_progress, default_grading_mode)
values ('CSC13008', 'CSC13008', 'Phát triển ứng dụng web', 4, 45, 30, 0, true, true, 'numeric')
on conflict (id) do update set
  code = excluded.code,
  title = excluded.title,
  credits = excluded.credits,
  lecture_hours = excluded.lecture_hours,
  practice_hours = excluded.practice_hours,
  lab_hours = excluded.lab_hours,
  default_counts_toward_gpa = excluded.default_counts_toward_gpa,
  default_counts_toward_progress = excluded.default_counts_toward_progress,
  default_grading_mode = excluded.default_grading_mode;

insert into public.course_catalog (id, code, title, credits, lecture_hours, practice_hours, lab_hours, default_counts_toward_gpa, default_counts_toward_progress, default_grading_mode)
values ('CSC13009', 'CSC13009', 'Phát triển phần mềm cho thiết bị di động', 4, 45, 30, 0, true, true, 'numeric')
on conflict (id) do update set
  code = excluded.code,
  title = excluded.title,
  credits = excluded.credits,
  lecture_hours = excluded.lecture_hours,
  practice_hours = excluded.practice_hours,
  lab_hours = excluded.lab_hours,
  default_counts_toward_gpa = excluded.default_counts_toward_gpa,
  default_counts_toward_progress = excluded.default_counts_toward_progress,
  default_grading_mode = excluded.default_grading_mode;

insert into public.course_catalog (id, code, title, credits, lecture_hours, practice_hours, lab_hours, default_counts_toward_gpa, default_counts_toward_progress, default_grading_mode)
values ('CSC13010', 'CSC13010', 'Thiết kế phần mềm', 4, 45, 30, 0, true, true, 'numeric')
on conflict (id) do update set
  code = excluded.code,
  title = excluded.title,
  credits = excluded.credits,
  lecture_hours = excluded.lecture_hours,
  practice_hours = excluded.practice_hours,
  lab_hours = excluded.lab_hours,
  default_counts_toward_gpa = excluded.default_counts_toward_gpa,
  default_counts_toward_progress = excluded.default_counts_toward_progress,
  default_grading_mode = excluded.default_grading_mode;

insert into public.course_catalog (id, code, title, credits, lecture_hours, practice_hours, lab_hours, default_counts_toward_gpa, default_counts_toward_progress, default_grading_mode)
values ('CSC13101', 'CSC13101', 'Các chủ đề nâng cao trong Công nghệ phần mềm', 4, 45, 30, 0, true, true, 'numeric')
on conflict (id) do update set
  code = excluded.code,
  title = excluded.title,
  credits = excluded.credits,
  lecture_hours = excluded.lecture_hours,
  practice_hours = excluded.practice_hours,
  lab_hours = excluded.lab_hours,
  default_counts_toward_gpa = excluded.default_counts_toward_gpa,
  default_counts_toward_progress = excluded.default_counts_toward_progress,
  default_grading_mode = excluded.default_grading_mode;

insert into public.course_catalog (id, code, title, credits, lecture_hours, practice_hours, lab_hours, default_counts_toward_gpa, default_counts_toward_progress, default_grading_mode)
values ('CSC13102', 'CSC13102', 'Lập trình ứng dụng Java', 4, 45, 30, 0, true, true, 'numeric')
on conflict (id) do update set
  code = excluded.code,
  title = excluded.title,
  credits = excluded.credits,
  lecture_hours = excluded.lecture_hours,
  practice_hours = excluded.practice_hours,
  lab_hours = excluded.lab_hours,
  default_counts_toward_gpa = excluded.default_counts_toward_gpa,
  default_counts_toward_progress = excluded.default_counts_toward_progress,
  default_grading_mode = excluded.default_grading_mode;

insert into public.course_catalog (id, code, title, credits, lecture_hours, practice_hours, lab_hours, default_counts_toward_gpa, default_counts_toward_progress, default_grading_mode)
values ('CSC13103', 'CSC13103', 'Nhập môn hệ thống phân tán', 4, 45, 30, 0, true, true, 'numeric')
on conflict (id) do update set
  code = excluded.code,
  title = excluded.title,
  credits = excluded.credits,
  lecture_hours = excluded.lecture_hours,
  practice_hours = excluded.practice_hours,
  lab_hours = excluded.lab_hours,
  default_counts_toward_gpa = excluded.default_counts_toward_gpa,
  default_counts_toward_progress = excluded.default_counts_toward_progress,
  default_grading_mode = excluded.default_grading_mode;

insert into public.course_catalog (id, code, title, credits, lecture_hours, practice_hours, lab_hours, default_counts_toward_gpa, default_counts_toward_progress, default_grading_mode)
values ('CSC13106', 'CSC13106', 'Kiến trúc phần mềm', 4, 45, 30, 0, true, true, 'numeric')
on conflict (id) do update set
  code = excluded.code,
  title = excluded.title,
  credits = excluded.credits,
  lecture_hours = excluded.lecture_hours,
  practice_hours = excluded.practice_hours,
  lab_hours = excluded.lab_hours,
  default_counts_toward_gpa = excluded.default_counts_toward_gpa,
  default_counts_toward_progress = excluded.default_counts_toward_progress,
  default_grading_mode = excluded.default_grading_mode;

insert into public.course_catalog (id, code, title, credits, lecture_hours, practice_hours, lab_hours, default_counts_toward_gpa, default_counts_toward_progress, default_grading_mode)
values ('CSC13107', 'CSC13107', 'Mẫu thiết kế hướng đối tượng và ứng dụng', 4, 45, 30, 0, true, true, 'numeric')
on conflict (id) do update set
  code = excluded.code,
  title = excluded.title,
  credits = excluded.credits,
  lecture_hours = excluded.lecture_hours,
  practice_hours = excluded.practice_hours,
  lab_hours = excluded.lab_hours,
  default_counts_toward_gpa = excluded.default_counts_toward_gpa,
  default_counts_toward_progress = excluded.default_counts_toward_progress,
  default_grading_mode = excluded.default_grading_mode;

insert into public.course_catalog (id, code, title, credits, lecture_hours, practice_hours, lab_hours, default_counts_toward_gpa, default_counts_toward_progress, default_grading_mode)
values ('CSC13112', 'CSC13112', 'Thiết kế giao diện', 4, 45, 30, 0, true, true, 'numeric')
on conflict (id) do update set
  code = excluded.code,
  title = excluded.title,
  credits = excluded.credits,
  lecture_hours = excluded.lecture_hours,
  practice_hours = excluded.practice_hours,
  lab_hours = excluded.lab_hours,
  default_counts_toward_gpa = excluded.default_counts_toward_gpa,
  default_counts_toward_progress = excluded.default_counts_toward_progress,
  default_grading_mode = excluded.default_grading_mode;

insert into public.course_catalog (id, code, title, credits, lecture_hours, practice_hours, lab_hours, default_counts_toward_gpa, default_counts_toward_progress, default_grading_mode)
values ('CSC13114', 'CSC13114', 'Phát triển ứng dụng web nâng cao', 4, 45, 30, 0, true, true, 'numeric')
on conflict (id) do update set
  code = excluded.code,
  title = excluded.title,
  credits = excluded.credits,
  lecture_hours = excluded.lecture_hours,
  practice_hours = excluded.practice_hours,
  lab_hours = excluded.lab_hours,
  default_counts_toward_gpa = excluded.default_counts_toward_gpa,
  default_counts_toward_progress = excluded.default_counts_toward_progress,
  default_grading_mode = excluded.default_grading_mode;

insert into public.course_catalog (id, code, title, credits, lecture_hours, practice_hours, lab_hours, default_counts_toward_gpa, default_counts_toward_progress, default_grading_mode)
values ('CSC13115', 'CSC13115', 'Cac cong nghe moi trong phat trien phan mem', 4, 45, 30, 0, true, true, 'numeric')
on conflict (id) do update set
  code = excluded.code,
  title = excluded.title,
  credits = excluded.credits,
  lecture_hours = excluded.lecture_hours,
  practice_hours = excluded.practice_hours,
  lab_hours = excluded.lab_hours,
  default_counts_toward_gpa = excluded.default_counts_toward_gpa,
  default_counts_toward_progress = excluded.default_counts_toward_progress,
  default_grading_mode = excluded.default_grading_mode;

insert into public.course_catalog (id, code, title, credits, lecture_hours, practice_hours, lab_hours, default_counts_toward_gpa, default_counts_toward_progress, default_grading_mode)
values ('CSC13116', 'CSC13116', 'Do an cong nghe phan mem', 4, 45, 30, 0, true, true, 'numeric')
on conflict (id) do update set
  code = excluded.code,
  title = excluded.title,
  credits = excluded.credits,
  lecture_hours = excluded.lecture_hours,
  practice_hours = excluded.practice_hours,
  lab_hours = excluded.lab_hours,
  default_counts_toward_gpa = excluded.default_counts_toward_gpa,
  default_counts_toward_progress = excluded.default_counts_toward_progress,
  default_grading_mode = excluded.default_grading_mode;

insert into public.course_catalog (id, code, title, credits, lecture_hours, practice_hours, lab_hours, default_counts_toward_gpa, default_counts_toward_progress, default_grading_mode)
values ('CSC13117', 'CSC13117', 'Phát triển game nâng cao', 4, 45, 30, 0, true, true, 'numeric')
on conflict (id) do update set
  code = excluded.code,
  title = excluded.title,
  credits = excluded.credits,
  lecture_hours = excluded.lecture_hours,
  practice_hours = excluded.practice_hours,
  lab_hours = excluded.lab_hours,
  default_counts_toward_gpa = excluded.default_counts_toward_gpa,
  default_counts_toward_progress = excluded.default_counts_toward_progress,
  default_grading_mode = excluded.default_grading_mode;

insert into public.course_catalog (id, code, title, credits, lecture_hours, practice_hours, lab_hours, default_counts_toward_gpa, default_counts_toward_progress, default_grading_mode)
values ('CSC13118', 'CSC13118', 'Phát triển ứng dụng cho thiết bị di động nâng cao', 4, 45, 30, 0, true, true, 'numeric')
on conflict (id) do update set
  code = excluded.code,
  title = excluded.title,
  credits = excluded.credits,
  lecture_hours = excluded.lecture_hours,
  practice_hours = excluded.practice_hours,
  lab_hours = excluded.lab_hours,
  default_counts_toward_gpa = excluded.default_counts_toward_gpa,
  default_counts_toward_progress = excluded.default_counts_toward_progress,
  default_grading_mode = excluded.default_grading_mode;

insert into public.course_catalog (id, code, title, credits, lecture_hours, practice_hours, lab_hours, default_counts_toward_gpa, default_counts_toward_progress, default_grading_mode)
values ('CSC13119', 'CSC13119', 'Lập trình Web 1', 4, 45, 30, 0, true, true, 'numeric')
on conflict (id) do update set
  code = excluded.code,
  title = excluded.title,
  credits = excluded.credits,
  lecture_hours = excluded.lecture_hours,
  practice_hours = excluded.practice_hours,
  lab_hours = excluded.lab_hours,
  default_counts_toward_gpa = excluded.default_counts_toward_gpa,
  default_counts_toward_progress = excluded.default_counts_toward_progress,
  default_grading_mode = excluded.default_grading_mode;

insert into public.course_catalog (id, code, title, credits, lecture_hours, practice_hours, lab_hours, default_counts_toward_gpa, default_counts_toward_progress, default_grading_mode)
values ('CSC13120', 'CSC13120', 'Lập trình Web 2', 4, 45, 30, 0, true, true, 'numeric')
on conflict (id) do update set
  code = excluded.code,
  title = excluded.title,
  credits = excluded.credits,
  lecture_hours = excluded.lecture_hours,
  practice_hours = excluded.practice_hours,
  lab_hours = excluded.lab_hours,
  default_counts_toward_gpa = excluded.default_counts_toward_gpa,
  default_counts_toward_progress = excluded.default_counts_toward_progress,
  default_grading_mode = excluded.default_grading_mode;

insert into public.course_catalog (id, code, title, credits, lecture_hours, practice_hours, lab_hours, default_counts_toward_gpa, default_counts_toward_progress, default_grading_mode)
values ('CSC13121', 'CSC13121', 'Lập trình ứng dụng quản lý 1', 4, 45, 30, 0, true, true, 'numeric')
on conflict (id) do update set
  code = excluded.code,
  title = excluded.title,
  credits = excluded.credits,
  lecture_hours = excluded.lecture_hours,
  practice_hours = excluded.practice_hours,
  lab_hours = excluded.lab_hours,
  default_counts_toward_gpa = excluded.default_counts_toward_gpa,
  default_counts_toward_progress = excluded.default_counts_toward_progress,
  default_grading_mode = excluded.default_grading_mode;

insert into public.course_catalog (id, code, title, credits, lecture_hours, practice_hours, lab_hours, default_counts_toward_gpa, default_counts_toward_progress, default_grading_mode)
values ('CSC13122', 'CSC13122', 'Lập trình ứng dụng quản lý 2', 4, 45, 30, 0, true, true, 'numeric')
on conflict (id) do update set
  code = excluded.code,
  title = excluded.title,
  credits = excluded.credits,
  lecture_hours = excluded.lecture_hours,
  practice_hours = excluded.practice_hours,
  lab_hours = excluded.lab_hours,
  default_counts_toward_gpa = excluded.default_counts_toward_gpa,
  default_counts_toward_progress = excluded.default_counts_toward_progress,
  default_grading_mode = excluded.default_grading_mode;

insert into public.course_catalog (id, code, title, credits, lecture_hours, practice_hours, lab_hours, default_counts_toward_gpa, default_counts_toward_progress, default_grading_mode)
values ('CSC13123', 'CSC13123', 'Do an phan mem', 6, 60, 60, 0, true, true, 'numeric')
on conflict (id) do update set
  code = excluded.code,
  title = excluded.title,
  credits = excluded.credits,
  lecture_hours = excluded.lecture_hours,
  practice_hours = excluded.practice_hours,
  lab_hours = excluded.lab_hours,
  default_counts_toward_gpa = excluded.default_counts_toward_gpa,
  default_counts_toward_progress = excluded.default_counts_toward_progress,
  default_grading_mode = excluded.default_grading_mode;

insert into public.course_catalog (id, code, title, credits, lecture_hours, practice_hours, lab_hours, default_counts_toward_gpa, default_counts_toward_progress, default_grading_mode)
values ('CSC14001', 'CSC14001', 'Automata và ngôn ngữ hình thức', 4, 45, 30, 0, true, true, 'numeric')
on conflict (id) do update set
  code = excluded.code,
  title = excluded.title,
  credits = excluded.credits,
  lecture_hours = excluded.lecture_hours,
  practice_hours = excluded.practice_hours,
  lab_hours = excluded.lab_hours,
  default_counts_toward_gpa = excluded.default_counts_toward_gpa,
  default_counts_toward_progress = excluded.default_counts_toward_progress,
  default_grading_mode = excluded.default_grading_mode;

insert into public.course_catalog (id, code, title, credits, lecture_hours, practice_hours, lab_hours, default_counts_toward_gpa, default_counts_toward_progress, default_grading_mode)
values ('CSC14002', 'CSC14002', 'Các hệ cơ sở tri thức', 4, 45, 30, 0, true, true, 'numeric')
on conflict (id) do update set
  code = excluded.code,
  title = excluded.title,
  credits = excluded.credits,
  lecture_hours = excluded.lecture_hours,
  practice_hours = excluded.practice_hours,
  lab_hours = excluded.lab_hours,
  default_counts_toward_gpa = excluded.default_counts_toward_gpa,
  default_counts_toward_progress = excluded.default_counts_toward_progress,
  default_grading_mode = excluded.default_grading_mode;

insert into public.course_catalog (id, code, title, credits, lecture_hours, practice_hours, lab_hours, default_counts_toward_gpa, default_counts_toward_progress, default_grading_mode)
values ('CSC14003', 'CSC14003', 'Cơ sở trí tuệ nhân tạo', 4, 4, 3, 0, true, true, 'numeric')
on conflict (id) do update set
  code = excluded.code,
  title = excluded.title,
  credits = excluded.credits,
  lecture_hours = excluded.lecture_hours,
  practice_hours = excluded.practice_hours,
  lab_hours = excluded.lab_hours,
  default_counts_toward_gpa = excluded.default_counts_toward_gpa,
  default_counts_toward_progress = excluded.default_counts_toward_progress,
  default_grading_mode = excluded.default_grading_mode;

insert into public.course_catalog (id, code, title, credits, lecture_hours, practice_hours, lab_hours, default_counts_toward_gpa, default_counts_toward_progress, default_grading_mode)
values ('CSC14004', 'CSC14004', 'Khai thác dữ liệu và ứng dụng', 4, 45, 30, 0, true, true, 'numeric')
on conflict (id) do update set
  code = excluded.code,
  title = excluded.title,
  credits = excluded.credits,
  lecture_hours = excluded.lecture_hours,
  practice_hours = excluded.practice_hours,
  lab_hours = excluded.lab_hours,
  default_counts_toward_gpa = excluded.default_counts_toward_gpa,
  default_counts_toward_progress = excluded.default_counts_toward_progress,
  default_grading_mode = excluded.default_grading_mode;

insert into public.course_catalog (id, code, title, credits, lecture_hours, practice_hours, lab_hours, default_counts_toward_gpa, default_counts_toward_progress, default_grading_mode)
values ('CSC14005', 'CSC14005', 'Nhập môn học máy', 4, 4, 7, 0, true, true, 'numeric')
on conflict (id) do update set
  code = excluded.code,
  title = excluded.title,
  credits = excluded.credits,
  lecture_hours = excluded.lecture_hours,
  practice_hours = excluded.practice_hours,
  lab_hours = excluded.lab_hours,
  default_counts_toward_gpa = excluded.default_counts_toward_gpa,
  default_counts_toward_progress = excluded.default_counts_toward_progress,
  default_grading_mode = excluded.default_grading_mode;

insert into public.course_catalog (id, code, title, credits, lecture_hours, practice_hours, lab_hours, default_counts_toward_gpa, default_counts_toward_progress, default_grading_mode)
values ('CSC14006', 'CSC14006', 'Nhận dạng', 4, 45, 30, 0, true, true, 'numeric')
on conflict (id) do update set
  code = excluded.code,
  title = excluded.title,
  credits = excluded.credits,
  lecture_hours = excluded.lecture_hours,
  practice_hours = excluded.practice_hours,
  lab_hours = excluded.lab_hours,
  default_counts_toward_gpa = excluded.default_counts_toward_gpa,
  default_counts_toward_progress = excluded.default_counts_toward_progress,
  default_grading_mode = excluded.default_grading_mode;

insert into public.course_catalog (id, code, title, credits, lecture_hours, practice_hours, lab_hours, default_counts_toward_gpa, default_counts_toward_progress, default_grading_mode)
values ('CSC14007', 'CSC14007', 'Nhập môn phân tích độ phức tạp thuật toán', 4, 45, 30, 0, true, true, 'numeric')
on conflict (id) do update set
  code = excluded.code,
  title = excluded.title,
  credits = excluded.credits,
  lecture_hours = excluded.lecture_hours,
  practice_hours = excluded.practice_hours,
  lab_hours = excluded.lab_hours,
  default_counts_toward_gpa = excluded.default_counts_toward_gpa,
  default_counts_toward_progress = excluded.default_counts_toward_progress,
  default_grading_mode = excluded.default_grading_mode;

insert into public.course_catalog (id, code, title, credits, lecture_hours, practice_hours, lab_hours, default_counts_toward_gpa, default_counts_toward_progress, default_grading_mode)
values ('CSC14008', 'CSC14008', 'Phương pháp nghiên cứu khoa học', 4, 4, 8, 0, true, true, 'numeric')
on conflict (id) do update set
  code = excluded.code,
  title = excluded.title,
  credits = excluded.credits,
  lecture_hours = excluded.lecture_hours,
  practice_hours = excluded.practice_hours,
  lab_hours = excluded.lab_hours,
  default_counts_toward_gpa = excluded.default_counts_toward_gpa,
  default_counts_toward_progress = excluded.default_counts_toward_progress,
  default_grading_mode = excluded.default_grading_mode;

insert into public.course_catalog (id, code, title, credits, lecture_hours, practice_hours, lab_hours, default_counts_toward_gpa, default_counts_toward_progress, default_grading_mode)
values ('CSC14101', 'CSC14101', 'Ẩn dữ liệu và chia sẻ thông tin', 4, 45, 30, 0, true, true, 'numeric')
on conflict (id) do update set
  code = excluded.code,
  title = excluded.title,
  credits = excluded.credits,
  lecture_hours = excluded.lecture_hours,
  practice_hours = excluded.practice_hours,
  lab_hours = excluded.lab_hours,
  default_counts_toward_gpa = excluded.default_counts_toward_gpa,
  default_counts_toward_progress = excluded.default_counts_toward_progress,
  default_grading_mode = excluded.default_grading_mode;

insert into public.course_catalog (id, code, title, credits, lecture_hours, practice_hours, lab_hours, default_counts_toward_gpa, default_counts_toward_progress, default_grading_mode)
values ('CSC14105', 'CSC14105', 'Khoa học về web', 4, 45, 30, 0, true, true, 'numeric')
on conflict (id) do update set
  code = excluded.code,
  title = excluded.title,
  credits = excluded.credits,
  lecture_hours = excluded.lecture_hours,
  practice_hours = excluded.practice_hours,
  lab_hours = excluded.lab_hours,
  default_counts_toward_gpa = excluded.default_counts_toward_gpa,
  default_counts_toward_progress = excluded.default_counts_toward_progress,
  default_grading_mode = excluded.default_grading_mode;

insert into public.course_catalog (id, code, title, credits, lecture_hours, practice_hours, lab_hours, default_counts_toward_gpa, default_counts_toward_progress, default_grading_mode)
values ('CSC14111', 'CSC14111', 'Nhập môn thiết kế và phân tích giải thuật', 4, 45, 30, 0, true, true, 'numeric')
on conflict (id) do update set
  code = excluded.code,
  title = excluded.title,
  credits = excluded.credits,
  lecture_hours = excluded.lecture_hours,
  practice_hours = excluded.practice_hours,
  lab_hours = excluded.lab_hours,
  default_counts_toward_gpa = excluded.default_counts_toward_gpa,
  default_counts_toward_progress = excluded.default_counts_toward_progress,
  default_grading_mode = excluded.default_grading_mode;

insert into public.course_catalog (id, code, title, credits, lecture_hours, practice_hours, lab_hours, default_counts_toward_gpa, default_counts_toward_progress, default_grading_mode)
values ('CSC14112', 'CSC14112', 'Sinh trắc học', 4, 45, 30, 0, true, true, 'numeric')
on conflict (id) do update set
  code = excluded.code,
  title = excluded.title,
  credits = excluded.credits,
  lecture_hours = excluded.lecture_hours,
  practice_hours = excluded.practice_hours,
  lab_hours = excluded.lab_hours,
  default_counts_toward_gpa = excluded.default_counts_toward_gpa,
  default_counts_toward_progress = excluded.default_counts_toward_progress,
  default_grading_mode = excluded.default_grading_mode;

insert into public.course_catalog (id, code, title, credits, lecture_hours, practice_hours, lab_hours, default_counts_toward_gpa, default_counts_toward_progress, default_grading_mode)
values ('CSC14113', 'CSC14113', 'Trình biên dịch', 4, 45, 30, 0, true, true, 'numeric')
on conflict (id) do update set
  code = excluded.code,
  title = excluded.title,
  credits = excluded.credits,
  lecture_hours = excluded.lecture_hours,
  practice_hours = excluded.practice_hours,
  lab_hours = excluded.lab_hours,
  default_counts_toward_gpa = excluded.default_counts_toward_gpa,
  default_counts_toward_progress = excluded.default_counts_toward_progress,
  default_grading_mode = excluded.default_grading_mode;

insert into public.course_catalog (id, code, title, credits, lecture_hours, practice_hours, lab_hours, default_counts_toward_gpa, default_counts_toward_progress, default_grading_mode)
values ('CSC14114', 'CSC14114', 'Ứng dụng dữ liệu lớn', 4, 45, 30, 0, true, true, 'numeric')
on conflict (id) do update set
  code = excluded.code,
  title = excluded.title,
  credits = excluded.credits,
  lecture_hours = excluded.lecture_hours,
  practice_hours = excluded.practice_hours,
  lab_hours = excluded.lab_hours,
  default_counts_toward_gpa = excluded.default_counts_toward_gpa,
  default_counts_toward_progress = excluded.default_counts_toward_progress,
  default_grading_mode = excluded.default_grading_mode;

insert into public.course_catalog (id, code, title, credits, lecture_hours, practice_hours, lab_hours, default_counts_toward_gpa, default_counts_toward_progress, default_grading_mode)
values ('CSC14115', 'CSC14115', 'Khoa học dữ liệu ứng dụng', 4, 45, 30, 0, true, true, 'numeric')
on conflict (id) do update set
  code = excluded.code,
  title = excluded.title,
  credits = excluded.credits,
  lecture_hours = excluded.lecture_hours,
  practice_hours = excluded.practice_hours,
  lab_hours = excluded.lab_hours,
  default_counts_toward_gpa = excluded.default_counts_toward_gpa,
  default_counts_toward_progress = excluded.default_counts_toward_progress,
  default_grading_mode = excluded.default_grading_mode;

insert into public.course_catalog (id, code, title, credits, lecture_hours, practice_hours, lab_hours, default_counts_toward_gpa, default_counts_toward_progress, default_grading_mode)
values ('CSC14116', 'CSC14116', 'Lập trình song song ứng dụng', 4, 45, 30, 0, true, true, 'numeric')
on conflict (id) do update set
  code = excluded.code,
  title = excluded.title,
  credits = excluded.credits,
  lecture_hours = excluded.lecture_hours,
  practice_hours = excluded.practice_hours,
  lab_hours = excluded.lab_hours,
  default_counts_toward_gpa = excluded.default_counts_toward_gpa,
  default_counts_toward_progress = excluded.default_counts_toward_progress,
  default_grading_mode = excluded.default_grading_mode;

insert into public.course_catalog (id, code, title, credits, lecture_hours, practice_hours, lab_hours, default_counts_toward_gpa, default_counts_toward_progress, default_grading_mode)
values ('CSC14117', 'CSC14117', 'Nhập môn lập trình kết nối vạn vật', 4, 45, 30, 0, true, true, 'numeric')
on conflict (id) do update set
  code = excluded.code,
  title = excluded.title,
  credits = excluded.credits,
  lecture_hours = excluded.lecture_hours,
  practice_hours = excluded.practice_hours,
  lab_hours = excluded.lab_hours,
  default_counts_toward_gpa = excluded.default_counts_toward_gpa,
  default_counts_toward_progress = excluded.default_counts_toward_progress,
  default_grading_mode = excluded.default_grading_mode;

insert into public.course_catalog (id, code, title, credits, lecture_hours, practice_hours, lab_hours, default_counts_toward_gpa, default_counts_toward_progress, default_grading_mode)
values ('CSC14118', 'CSC14118', 'Nhập môn dữ liệu lớn', 4, 4, 9, 0, true, true, 'numeric')
on conflict (id) do update set
  code = excluded.code,
  title = excluded.title,
  credits = excluded.credits,
  lecture_hours = excluded.lecture_hours,
  practice_hours = excluded.practice_hours,
  lab_hours = excluded.lab_hours,
  default_counts_toward_gpa = excluded.default_counts_toward_gpa,
  default_counts_toward_progress = excluded.default_counts_toward_progress,
  default_grading_mode = excluded.default_grading_mode;

insert into public.course_catalog (id, code, title, credits, lecture_hours, practice_hours, lab_hours, default_counts_toward_gpa, default_counts_toward_progress, default_grading_mode)
values ('CSC14119', 'CSC14119', 'Nhập môn khoa học dữ liệu', 4, 45, 30, 0, true, true, 'numeric')
on conflict (id) do update set
  code = excluded.code,
  title = excluded.title,
  credits = excluded.credits,
  lecture_hours = excluded.lecture_hours,
  practice_hours = excluded.practice_hours,
  lab_hours = excluded.lab_hours,
  default_counts_toward_gpa = excluded.default_counts_toward_gpa,
  default_counts_toward_progress = excluded.default_counts_toward_progress,
  default_grading_mode = excluded.default_grading_mode;

insert into public.course_catalog (id, code, title, credits, lecture_hours, practice_hours, lab_hours, default_counts_toward_gpa, default_counts_toward_progress, default_grading_mode)
values ('CSC14120', 'CSC14120', 'Lập trình song song', 4, 45, 30, 0, true, true, 'numeric')
on conflict (id) do update set
  code = excluded.code,
  title = excluded.title,
  credits = excluded.credits,
  lecture_hours = excluded.lecture_hours,
  practice_hours = excluded.practice_hours,
  lab_hours = excluded.lab_hours,
  default_counts_toward_gpa = excluded.default_counts_toward_gpa,
  default_counts_toward_progress = excluded.default_counts_toward_progress,
  default_grading_mode = excluded.default_grading_mode;

insert into public.course_catalog (id, code, title, credits, lecture_hours, practice_hours, lab_hours, default_counts_toward_gpa, default_counts_toward_progress, default_grading_mode)
values ('CSC15001', 'CSC15001', 'An ninh máy tính', 4, 45, 30, 0, true, true, 'numeric')
on conflict (id) do update set
  code = excluded.code,
  title = excluded.title,
  credits = excluded.credits,
  lecture_hours = excluded.lecture_hours,
  practice_hours = excluded.practice_hours,
  lab_hours = excluded.lab_hours,
  default_counts_toward_gpa = excluded.default_counts_toward_gpa,
  default_counts_toward_progress = excluded.default_counts_toward_progress,
  default_grading_mode = excluded.default_grading_mode;

insert into public.course_catalog (id, code, title, credits, lecture_hours, practice_hours, lab_hours, default_counts_toward_gpa, default_counts_toward_progress, default_grading_mode)
values ('CSC15002', 'CSC15002', 'Bảo mật cơ sở dữ liệu', 4, 45, 30, 0, true, true, 'numeric')
on conflict (id) do update set
  code = excluded.code,
  title = excluded.title,
  credits = excluded.credits,
  lecture_hours = excluded.lecture_hours,
  practice_hours = excluded.practice_hours,
  lab_hours = excluded.lab_hours,
  default_counts_toward_gpa = excluded.default_counts_toward_gpa,
  default_counts_toward_progress = excluded.default_counts_toward_progress,
  default_grading_mode = excluded.default_grading_mode;

insert into public.course_catalog (id, code, title, credits, lecture_hours, practice_hours, lab_hours, default_counts_toward_gpa, default_counts_toward_progress, default_grading_mode)
values ('CSC15003', 'CSC15003', 'Mã hóa ứng dụng', 4, 45, 30, 0, true, true, 'numeric')
on conflict (id) do update set
  code = excluded.code,
  title = excluded.title,
  credits = excluded.credits,
  lecture_hours = excluded.lecture_hours,
  practice_hours = excluded.practice_hours,
  lab_hours = excluded.lab_hours,
  default_counts_toward_gpa = excluded.default_counts_toward_gpa,
  default_counts_toward_progress = excluded.default_counts_toward_progress,
  default_grading_mode = excluded.default_grading_mode;

insert into public.course_catalog (id, code, title, credits, lecture_hours, practice_hours, lab_hours, default_counts_toward_gpa, default_counts_toward_progress, default_grading_mode)
values ('CSC15004', 'CSC15004', 'Học thống kê', 4, 45, 30, 0, true, true, 'numeric')
on conflict (id) do update set
  code = excluded.code,
  title = excluded.title,
  credits = excluded.credits,
  lecture_hours = excluded.lecture_hours,
  practice_hours = excluded.practice_hours,
  lab_hours = excluded.lab_hours,
  default_counts_toward_gpa = excluded.default_counts_toward_gpa,
  default_counts_toward_progress = excluded.default_counts_toward_progress,
  default_grading_mode = excluded.default_grading_mode;

insert into public.course_catalog (id, code, title, credits, lecture_hours, practice_hours, lab_hours, default_counts_toward_gpa, default_counts_toward_progress, default_grading_mode)
values ('CSC15005', 'CSC15005', 'Nhập môn mã hóa - mật mã', 4, 4, 10, 0, true, true, 'numeric')
on conflict (id) do update set
  code = excluded.code,
  title = excluded.title,
  credits = excluded.credits,
  lecture_hours = excluded.lecture_hours,
  practice_hours = excluded.practice_hours,
  lab_hours = excluded.lab_hours,
  default_counts_toward_gpa = excluded.default_counts_toward_gpa,
  default_counts_toward_progress = excluded.default_counts_toward_progress,
  default_grading_mode = excluded.default_grading_mode;

insert into public.course_catalog (id, code, title, credits, lecture_hours, practice_hours, lab_hours, default_counts_toward_gpa, default_counts_toward_progress, default_grading_mode)
values ('CSC15006', 'CSC15006', 'Nhập môn xử lý ngôn ngữ tự nhiên', 4, 4, 11, 0, true, true, 'numeric')
on conflict (id) do update set
  code = excluded.code,
  title = excluded.title,
  credits = excluded.credits,
  lecture_hours = excluded.lecture_hours,
  practice_hours = excluded.practice_hours,
  lab_hours = excluded.lab_hours,
  default_counts_toward_gpa = excluded.default_counts_toward_gpa,
  default_counts_toward_progress = excluded.default_counts_toward_progress,
  default_grading_mode = excluded.default_grading_mode;

insert into public.course_catalog (id, code, title, credits, lecture_hours, practice_hours, lab_hours, default_counts_toward_gpa, default_counts_toward_progress, default_grading_mode)
values ('CSC15007', 'CSC15007', 'Thống kê máy tính và ứng dụng', 4, 45, 30, 0, true, true, 'numeric')
on conflict (id) do update set
  code = excluded.code,
  title = excluded.title,
  credits = excluded.credits,
  lecture_hours = excluded.lecture_hours,
  practice_hours = excluded.practice_hours,
  lab_hours = excluded.lab_hours,
  default_counts_toward_gpa = excluded.default_counts_toward_gpa,
  default_counts_toward_progress = excluded.default_counts_toward_progress,
  default_grading_mode = excluded.default_grading_mode;

insert into public.course_catalog (id, code, title, credits, lecture_hours, practice_hours, lab_hours, default_counts_toward_gpa, default_counts_toward_progress, default_grading_mode)
values ('CSC15009', 'CSC15009', 'Xử lý tín hiệu số', 4, 45, 30, 0, true, true, 'numeric')
on conflict (id) do update set
  code = excluded.code,
  title = excluded.title,
  credits = excluded.credits,
  lecture_hours = excluded.lecture_hours,
  practice_hours = excluded.practice_hours,
  lab_hours = excluded.lab_hours,
  default_counts_toward_gpa = excluded.default_counts_toward_gpa,
  default_counts_toward_progress = excluded.default_counts_toward_progress,
  default_grading_mode = excluded.default_grading_mode;

insert into public.course_catalog (id, code, title, credits, lecture_hours, practice_hours, lab_hours, default_counts_toward_gpa, default_counts_toward_progress, default_grading_mode)
values ('CSC15010', 'CSC15010', 'Blockchain và ứng dụng', 4, 4, 12, 0, true, true, 'numeric')
on conflict (id) do update set
  code = excluded.code,
  title = excluded.title,
  credits = excluded.credits,
  lecture_hours = excluded.lecture_hours,
  practice_hours = excluded.practice_hours,
  lab_hours = excluded.lab_hours,
  default_counts_toward_gpa = excluded.default_counts_toward_gpa,
  default_counts_toward_progress = excluded.default_counts_toward_progress,
  default_grading_mode = excluded.default_grading_mode;

insert into public.course_catalog (id, code, title, credits, lecture_hours, practice_hours, lab_hours, default_counts_toward_gpa, default_counts_toward_progress, default_grading_mode)
values ('CSC15011', 'CSC15011', 'Nhập môn ngôn ngữ học thống kê và ứng dụng', 4, 45, 30, 0, true, true, 'numeric')
on conflict (id) do update set
  code = excluded.code,
  title = excluded.title,
  credits = excluded.credits,
  lecture_hours = excluded.lecture_hours,
  practice_hours = excluded.practice_hours,
  lab_hours = excluded.lab_hours,
  default_counts_toward_gpa = excluded.default_counts_toward_gpa,
  default_counts_toward_progress = excluded.default_counts_toward_progress,
  default_grading_mode = excluded.default_grading_mode;

insert into public.course_catalog (id, code, title, credits, lecture_hours, practice_hours, lab_hours, default_counts_toward_gpa, default_counts_toward_progress, default_grading_mode)
values ('CSC15012', 'CSC15012', 'Ứng dụng xử lý ngôn ngữ tự nhiên trong doanh nghiệp', 4, 45, 30, 0, true, true, 'numeric')
on conflict (id) do update set
  code = excluded.code,
  title = excluded.title,
  credits = excluded.credits,
  lecture_hours = excluded.lecture_hours,
  practice_hours = excluded.practice_hours,
  lab_hours = excluded.lab_hours,
  default_counts_toward_gpa = excluded.default_counts_toward_gpa,
  default_counts_toward_progress = excluded.default_counts_toward_progress,
  default_grading_mode = excluded.default_grading_mode;

insert into public.course_catalog (id, code, title, credits, lecture_hours, practice_hours, lab_hours, default_counts_toward_gpa, default_counts_toward_progress, default_grading_mode)
values ('CSC15102', 'CSC15102', 'Phân tích mạng xã hội', 4, 4, 13, 0, true, true, 'numeric')
on conflict (id) do update set
  code = excluded.code,
  title = excluded.title,
  credits = excluded.credits,
  lecture_hours = excluded.lecture_hours,
  practice_hours = excluded.practice_hours,
  lab_hours = excluded.lab_hours,
  default_counts_toward_gpa = excluded.default_counts_toward_gpa,
  default_counts_toward_progress = excluded.default_counts_toward_progress,
  default_grading_mode = excluded.default_grading_mode;

insert into public.course_catalog (id, code, title, credits, lecture_hours, practice_hours, lab_hours, default_counts_toward_gpa, default_counts_toward_progress, default_grading_mode)
values ('CSC15104', 'CSC15104', 'An toàn và phục hồi dữ liệu', 4, 45, 30, 0, true, true, 'numeric')
on conflict (id) do update set
  code = excluded.code,
  title = excluded.title,
  credits = excluded.credits,
  lecture_hours = excluded.lecture_hours,
  practice_hours = excluded.practice_hours,
  lab_hours = excluded.lab_hours,
  default_counts_toward_gpa = excluded.default_counts_toward_gpa,
  default_counts_toward_progress = excluded.default_counts_toward_progress,
  default_grading_mode = excluded.default_grading_mode;

insert into public.course_catalog (id, code, title, credits, lecture_hours, practice_hours, lab_hours, default_counts_toward_gpa, default_counts_toward_progress, default_grading_mode)
values ('CSC15105', 'CSC15105', 'Khai thác dữ liệu văn bản và ứng dụng', 4, 4, 14, 0, true, true, 'numeric')
on conflict (id) do update set
  code = excluded.code,
  title = excluded.title,
  credits = excluded.credits,
  lecture_hours = excluded.lecture_hours,
  practice_hours = excluded.practice_hours,
  lab_hours = excluded.lab_hours,
  default_counts_toward_gpa = excluded.default_counts_toward_gpa,
  default_counts_toward_progress = excluded.default_counts_toward_progress,
  default_grading_mode = excluded.default_grading_mode;

insert into public.course_catalog (id, code, title, credits, lecture_hours, practice_hours, lab_hours, default_counts_toward_gpa, default_counts_toward_progress, default_grading_mode)
values ('CSC15106', 'CSC15106', 'Seminar công nghệ tri thức', 4, 45, 30, 0, true, true, 'numeric')
on conflict (id) do update set
  code = excluded.code,
  title = excluded.title,
  credits = excluded.credits,
  lecture_hours = excluded.lecture_hours,
  practice_hours = excluded.practice_hours,
  lab_hours = excluded.lab_hours,
  default_counts_toward_gpa = excluded.default_counts_toward_gpa,
  default_counts_toward_progress = excluded.default_counts_toward_progress,
  default_grading_mode = excluded.default_grading_mode;

insert into public.course_catalog (id, code, title, credits, lecture_hours, practice_hours, lab_hours, default_counts_toward_gpa, default_counts_toward_progress, default_grading_mode)
values ('CSC15107', 'CSC15107', 'Phân tích dữ liệu bảo toàn tính riêng tư', 4, 4, 15, 0, true, true, 'numeric')
on conflict (id) do update set
  code = excluded.code,
  title = excluded.title,
  credits = excluded.credits,
  lecture_hours = excluded.lecture_hours,
  practice_hours = excluded.practice_hours,
  lab_hours = excluded.lab_hours,
  default_counts_toward_gpa = excluded.default_counts_toward_gpa,
  default_counts_toward_progress = excluded.default_counts_toward_progress,
  default_grading_mode = excluded.default_grading_mode;

insert into public.course_catalog (id, code, title, credits, lecture_hours, practice_hours, lab_hours, default_counts_toward_gpa, default_counts_toward_progress, default_grading_mode)
values ('CSC15108', 'CSC15108', 'Pháp chứng cho dữ liệu số', 4, 45, 30, 0, true, true, 'numeric')
on conflict (id) do update set
  code = excluded.code,
  title = excluded.title,
  credits = excluded.credits,
  lecture_hours = excluded.lecture_hours,
  practice_hours = excluded.practice_hours,
  lab_hours = excluded.lab_hours,
  default_counts_toward_gpa = excluded.default_counts_toward_gpa,
  default_counts_toward_progress = excluded.default_counts_toward_progress,
  default_grading_mode = excluded.default_grading_mode;

insert into public.course_catalog (id, code, title, credits, lecture_hours, practice_hours, lab_hours, default_counts_toward_gpa, default_counts_toward_progress, default_grading_mode)
values ('CSC15109', 'CSC15109', 'Nhập môn tính toán lượng tử', 4, 45, 30, 0, true, true, 'numeric')
on conflict (id) do update set
  code = excluded.code,
  title = excluded.title,
  credits = excluded.credits,
  lecture_hours = excluded.lecture_hours,
  practice_hours = excluded.practice_hours,
  lab_hours = excluded.lab_hours,
  default_counts_toward_gpa = excluded.default_counts_toward_gpa,
  default_counts_toward_progress = excluded.default_counts_toward_progress,
  default_grading_mode = excluded.default_grading_mode;

insert into public.course_catalog (id, code, title, credits, lecture_hours, practice_hours, lab_hours, default_counts_toward_gpa, default_counts_toward_progress, default_grading_mode)
values ('CSC15202', 'CSC15202', 'Ứng dụng xử lý ngôn ngữ tự nhiên', 6, 30, 0, 120, true, true, 'numeric')
on conflict (id) do update set
  code = excluded.code,
  title = excluded.title,
  credits = excluded.credits,
  lecture_hours = excluded.lecture_hours,
  practice_hours = excluded.practice_hours,
  lab_hours = excluded.lab_hours,
  default_counts_toward_gpa = excluded.default_counts_toward_gpa,
  default_counts_toward_progress = excluded.default_counts_toward_progress,
  default_grading_mode = excluded.default_grading_mode;

insert into public.course_catalog (id, code, title, credits, lecture_hours, practice_hours, lab_hours, default_counts_toward_gpa, default_counts_toward_progress, default_grading_mode)
values ('CSC16001', 'CSC16001', 'Đồ họa máy tính', 4, 45, 30, 0, true, true, 'numeric')
on conflict (id) do update set
  code = excluded.code,
  title = excluded.title,
  credits = excluded.credits,
  lecture_hours = excluded.lecture_hours,
  practice_hours = excluded.practice_hours,
  lab_hours = excluded.lab_hours,
  default_counts_toward_gpa = excluded.default_counts_toward_gpa,
  default_counts_toward_progress = excluded.default_counts_toward_progress,
  default_grading_mode = excluded.default_grading_mode;

insert into public.course_catalog (id, code, title, credits, lecture_hours, practice_hours, lab_hours, default_counts_toward_gpa, default_counts_toward_progress, default_grading_mode)
values ('CSC16002', 'CSC16002', 'Phương pháp toán trong phân tích dữ liệu thị giác', 4, 4, 16, 0, true, true, 'numeric')
on conflict (id) do update set
  code = excluded.code,
  title = excluded.title,
  credits = excluded.credits,
  lecture_hours = excluded.lecture_hours,
  practice_hours = excluded.practice_hours,
  lab_hours = excluded.lab_hours,
  default_counts_toward_gpa = excluded.default_counts_toward_gpa,
  default_counts_toward_progress = excluded.default_counts_toward_progress,
  default_grading_mode = excluded.default_grading_mode;

insert into public.course_catalog (id, code, title, credits, lecture_hours, practice_hours, lab_hours, default_counts_toward_gpa, default_counts_toward_progress, default_grading_mode)
values ('CSC16003', 'CSC16003', 'Phân tích thống kê dữ liệu nhiều biến', 4, 45, 30, 0, true, true, 'numeric')
on conflict (id) do update set
  code = excluded.code,
  title = excluded.title,
  credits = excluded.credits,
  lecture_hours = excluded.lecture_hours,
  practice_hours = excluded.practice_hours,
  lab_hours = excluded.lab_hours,
  default_counts_toward_gpa = excluded.default_counts_toward_gpa,
  default_counts_toward_progress = excluded.default_counts_toward_progress,
  default_grading_mode = excluded.default_grading_mode;

insert into public.course_catalog (id, code, title, credits, lecture_hours, practice_hours, lab_hours, default_counts_toward_gpa, default_counts_toward_progress, default_grading_mode)
values ('CSC16004', 'CSC16004', 'Thị giác máy tính', 4, 4, 17, 0, true, true, 'numeric')
on conflict (id) do update set
  code = excluded.code,
  title = excluded.title,
  credits = excluded.credits,
  lecture_hours = excluded.lecture_hours,
  practice_hours = excluded.practice_hours,
  lab_hours = excluded.lab_hours,
  default_counts_toward_gpa = excluded.default_counts_toward_gpa,
  default_counts_toward_progress = excluded.default_counts_toward_progress,
  default_grading_mode = excluded.default_grading_mode;

insert into public.course_catalog (id, code, title, credits, lecture_hours, practice_hours, lab_hours, default_counts_toward_gpa, default_counts_toward_progress, default_grading_mode)
values ('CSC16005', 'CSC16005', 'Xử lý ảnh số và video số', 4, 4, 18, 0, true, true, 'numeric')
on conflict (id) do update set
  code = excluded.code,
  title = excluded.title,
  credits = excluded.credits,
  lecture_hours = excluded.lecture_hours,
  practice_hours = excluded.practice_hours,
  lab_hours = excluded.lab_hours,
  default_counts_toward_gpa = excluded.default_counts_toward_gpa,
  default_counts_toward_progress = excluded.default_counts_toward_progress,
  default_grading_mode = excluded.default_grading_mode;

insert into public.course_catalog (id, code, title, credits, lecture_hours, practice_hours, lab_hours, default_counts_toward_gpa, default_counts_toward_progress, default_grading_mode)
values ('CSC16101', 'CSC16101', 'Đồ họa ứng dụng', 4, 45, 30, 0, true, true, 'numeric')
on conflict (id) do update set
  code = excluded.code,
  title = excluded.title,
  credits = excluded.credits,
  lecture_hours = excluded.lecture_hours,
  practice_hours = excluded.practice_hours,
  lab_hours = excluded.lab_hours,
  default_counts_toward_gpa = excluded.default_counts_toward_gpa,
  default_counts_toward_progress = excluded.default_counts_toward_progress,
  default_grading_mode = excluded.default_grading_mode;

insert into public.course_catalog (id, code, title, credits, lecture_hours, practice_hours, lab_hours, default_counts_toward_gpa, default_counts_toward_progress, default_grading_mode)
values ('CSC16102', 'CSC16102', 'Kỹ thuật lập trình xử lý ảnh số và video số', 4, 45, 30, 0, true, true, 'numeric')
on conflict (id) do update set
  code = excluded.code,
  title = excluded.title,
  credits = excluded.credits,
  lecture_hours = excluded.lecture_hours,
  practice_hours = excluded.practice_hours,
  lab_hours = excluded.lab_hours,
  default_counts_toward_gpa = excluded.default_counts_toward_gpa,
  default_counts_toward_progress = excluded.default_counts_toward_progress,
  default_grading_mode = excluded.default_grading_mode;

insert into public.course_catalog (id, code, title, credits, lecture_hours, practice_hours, lab_hours, default_counts_toward_gpa, default_counts_toward_progress, default_grading_mode)
values ('CSC16105', 'CSC16105', 'Truy vấn thông tin thị giác', 4, 45, 30, 0, true, true, 'numeric')
on conflict (id) do update set
  code = excluded.code,
  title = excluded.title,
  credits = excluded.credits,
  lecture_hours = excluded.lecture_hours,
  practice_hours = excluded.practice_hours,
  lab_hours = excluded.lab_hours,
  default_counts_toward_gpa = excluded.default_counts_toward_gpa,
  default_counts_toward_progress = excluded.default_counts_toward_progress,
  default_grading_mode = excluded.default_grading_mode;

insert into public.course_catalog (id, code, title, credits, lecture_hours, practice_hours, lab_hours, default_counts_toward_gpa, default_counts_toward_progress, default_grading_mode)
values ('CSC16106', 'CSC16106', 'Nhập môn lập trình điều khiển thiết bị thông minh', 4, 45, 30, 0, true, true, 'numeric')
on conflict (id) do update set
  code = excluded.code,
  title = excluded.title,
  credits = excluded.credits,
  lecture_hours = excluded.lecture_hours,
  practice_hours = excluded.practice_hours,
  lab_hours = excluded.lab_hours,
  default_counts_toward_gpa = excluded.default_counts_toward_gpa,
  default_counts_toward_progress = excluded.default_counts_toward_progress,
  default_grading_mode = excluded.default_grading_mode;

insert into public.course_catalog (id, code, title, credits, lecture_hours, practice_hours, lab_hours, default_counts_toward_gpa, default_counts_toward_progress, default_grading_mode)
values ('CSC16107', 'CSC16107', 'Ứng dụng thị giác máy tính', 4, 45, 30, 0, true, true, 'numeric')
on conflict (id) do update set
  code = excluded.code,
  title = excluded.title,
  credits = excluded.credits,
  lecture_hours = excluded.lecture_hours,
  practice_hours = excluded.practice_hours,
  lab_hours = excluded.lab_hours,
  default_counts_toward_gpa = excluded.default_counts_toward_gpa,
  default_counts_toward_progress = excluded.default_counts_toward_progress,
  default_grading_mode = excluded.default_grading_mode;

insert into public.course_catalog (id, code, title, credits, lecture_hours, practice_hours, lab_hours, default_counts_toward_gpa, default_counts_toward_progress, default_grading_mode)
values ('CSC16109', 'CSC16109', 'Ứng dụng xử lý ảnh số và video số', 4, 45, 30, 0, true, true, 'numeric')
on conflict (id) do update set
  code = excluded.code,
  title = excluded.title,
  credits = excluded.credits,
  lecture_hours = excluded.lecture_hours,
  practice_hours = excluded.practice_hours,
  lab_hours = excluded.lab_hours,
  default_counts_toward_gpa = excluded.default_counts_toward_gpa,
  default_counts_toward_progress = excluded.default_counts_toward_progress,
  default_grading_mode = excluded.default_grading_mode;

insert into public.course_catalog (id, code, title, credits, lecture_hours, practice_hours, lab_hours, default_counts_toward_gpa, default_counts_toward_progress, default_grading_mode)
values ('CSC16110', 'CSC16110', 'Chuyên đề Đồ họa máy tính', 4, 45, 30, 0, true, true, 'numeric')
on conflict (id) do update set
  code = excluded.code,
  title = excluded.title,
  credits = excluded.credits,
  lecture_hours = excluded.lecture_hours,
  practice_hours = excluded.practice_hours,
  lab_hours = excluded.lab_hours,
  default_counts_toward_gpa = excluded.default_counts_toward_gpa,
  default_counts_toward_progress = excluded.default_counts_toward_progress,
  default_grading_mode = excluded.default_grading_mode;

insert into public.course_catalog (id, code, title, credits, lecture_hours, practice_hours, lab_hours, default_counts_toward_gpa, default_counts_toward_progress, default_grading_mode)
values ('CSC16111', 'CSC16111', 'Chuyên đề Thị giác máy tính', 4, 45, 30, 0, true, true, 'numeric')
on conflict (id) do update set
  code = excluded.code,
  title = excluded.title,
  credits = excluded.credits,
  lecture_hours = excluded.lecture_hours,
  practice_hours = excluded.practice_hours,
  lab_hours = excluded.lab_hours,
  default_counts_toward_gpa = excluded.default_counts_toward_gpa,
  default_counts_toward_progress = excluded.default_counts_toward_progress,
  default_grading_mode = excluded.default_grading_mode;

insert into public.course_catalog (id, code, title, credits, lecture_hours, practice_hours, lab_hours, default_counts_toward_gpa, default_counts_toward_progress, default_grading_mode)
values ('CSC16112', 'CSC16112', 'Chuyên đề Xử lý ảnh số và video số', 4, 45, 30, 0, true, true, 'numeric')
on conflict (id) do update set
  code = excluded.code,
  title = excluded.title,
  credits = excluded.credits,
  lecture_hours = excluded.lecture_hours,
  practice_hours = excluded.practice_hours,
  lab_hours = excluded.lab_hours,
  default_counts_toward_gpa = excluded.default_counts_toward_gpa,
  default_counts_toward_progress = excluded.default_counts_toward_progress,
  default_grading_mode = excluded.default_grading_mode;

insert into public.course_catalog (id, code, title, credits, lecture_hours, practice_hours, lab_hours, default_counts_toward_gpa, default_counts_toward_progress, default_grading_mode)
values ('CSC16113', 'CSC16113', 'Thị giác máy tính ba chiều', 4, 45, 30, 0, true, true, 'numeric')
on conflict (id) do update set
  code = excluded.code,
  title = excluded.title,
  credits = excluded.credits,
  lecture_hours = excluded.lecture_hours,
  practice_hours = excluded.practice_hours,
  lab_hours = excluded.lab_hours,
  default_counts_toward_gpa = excluded.default_counts_toward_gpa,
  default_counts_toward_progress = excluded.default_counts_toward_progress,
  default_grading_mode = excluded.default_grading_mode;

insert into public.course_catalog (id, code, title, credits, lecture_hours, practice_hours, lab_hours, default_counts_toward_gpa, default_counts_toward_progress, default_grading_mode)
values ('CSC16114', 'CSC16114', 'Học sâu trong Thị giác máy tính', 4, 45, 30, 0, true, true, 'numeric')
on conflict (id) do update set
  code = excluded.code,
  title = excluded.title,
  credits = excluded.credits,
  lecture_hours = excluded.lecture_hours,
  practice_hours = excluded.practice_hours,
  lab_hours = excluded.lab_hours,
  default_counts_toward_gpa = excluded.default_counts_toward_gpa,
  default_counts_toward_progress = excluded.default_counts_toward_progress,
  default_grading_mode = excluded.default_grading_mode;

insert into public.course_catalog (id, code, title, credits, lecture_hours, practice_hours, lab_hours, default_counts_toward_gpa, default_counts_toward_progress, default_grading_mode)
values ('CSC17001', 'CSC17001', 'Phân tích dữ liệu thông minh', 4, 4, 0, 0, true, true, 'numeric')
on conflict (id) do update set
  code = excluded.code,
  title = excluded.title,
  credits = excluded.credits,
  lecture_hours = excluded.lecture_hours,
  practice_hours = excluded.practice_hours,
  lab_hours = excluded.lab_hours,
  default_counts_toward_gpa = excluded.default_counts_toward_gpa,
  default_counts_toward_progress = excluded.default_counts_toward_progress,
  default_grading_mode = excluded.default_grading_mode;

insert into public.course_catalog (id, code, title, credits, lecture_hours, practice_hours, lab_hours, default_counts_toward_gpa, default_counts_toward_progress, default_grading_mode)
values ('CSC17101', 'CSC17101', 'Hệ thống tư vấn', 4, 45, 30, 0, true, true, 'numeric')
on conflict (id) do update set
  code = excluded.code,
  title = excluded.title,
  credits = excluded.credits,
  lecture_hours = excluded.lecture_hours,
  practice_hours = excluded.practice_hours,
  lab_hours = excluded.lab_hours,
  default_counts_toward_gpa = excluded.default_counts_toward_gpa,
  default_counts_toward_progress = excluded.default_counts_toward_progress,
  default_grading_mode = excluded.default_grading_mode;

insert into public.course_catalog (id, code, title, credits, lecture_hours, practice_hours, lab_hours, default_counts_toward_gpa, default_counts_toward_progress, default_grading_mode)
values ('CSC17102', 'CSC17102', 'Học sâu cho khoa học dữ liệu', 4, 45, 30, 0, true, true, 'numeric')
on conflict (id) do update set
  code = excluded.code,
  title = excluded.title,
  credits = excluded.credits,
  lecture_hours = excluded.lecture_hours,
  practice_hours = excluded.practice_hours,
  lab_hours = excluded.lab_hours,
  default_counts_toward_gpa = excluded.default_counts_toward_gpa,
  default_counts_toward_progress = excluded.default_counts_toward_progress,
  default_grading_mode = excluded.default_grading_mode;

insert into public.course_catalog (id, code, title, credits, lecture_hours, practice_hours, lab_hours, default_counts_toward_gpa, default_counts_toward_progress, default_grading_mode)
values ('CSC17103', 'CSC17103', 'Khai thác dữ liệu đồ thị', 4, 4, 20, 0, true, true, 'numeric')
on conflict (id) do update set
  code = excluded.code,
  title = excluded.title,
  credits = excluded.credits,
  lecture_hours = excluded.lecture_hours,
  practice_hours = excluded.practice_hours,
  lab_hours = excluded.lab_hours,
  default_counts_toward_gpa = excluded.default_counts_toward_gpa,
  default_counts_toward_progress = excluded.default_counts_toward_progress,
  default_grading_mode = excluded.default_grading_mode;

insert into public.course_catalog (id, code, title, credits, lecture_hours, practice_hours, lab_hours, default_counts_toward_gpa, default_counts_toward_progress, default_grading_mode)
values ('CSC17104', 'CSC17104', 'Lập trình cho khoa học dữ liệu', 4, 45, 30, 0, true, true, 'numeric')
on conflict (id) do update set
  code = excluded.code,
  title = excluded.title,
  credits = excluded.credits,
  lecture_hours = excluded.lecture_hours,
  practice_hours = excluded.practice_hours,
  lab_hours = excluded.lab_hours,
  default_counts_toward_gpa = excluded.default_counts_toward_gpa,
  default_counts_toward_progress = excluded.default_counts_toward_progress,
  default_grading_mode = excluded.default_grading_mode;

insert into public.course_catalog (id, code, title, credits, lecture_hours, practice_hours, lab_hours, default_counts_toward_gpa, default_counts_toward_progress, default_grading_mode)
values ('CSC17106', 'CSC17106', 'Xử lý phân tích dữ liệu trực tuyến', 4, 45, 30, 0, true, true, 'numeric')
on conflict (id) do update set
  code = excluded.code,
  title = excluded.title,
  credits = excluded.credits,
  lecture_hours = excluded.lecture_hours,
  practice_hours = excluded.practice_hours,
  lab_hours = excluded.lab_hours,
  default_counts_toward_gpa = excluded.default_counts_toward_gpa,
  default_counts_toward_progress = excluded.default_counts_toward_progress,
  default_grading_mode = excluded.default_grading_mode;

insert into public.course_catalog (id, code, title, credits, lecture_hours, practice_hours, lab_hours, default_counts_toward_gpa, default_counts_toward_progress, default_grading_mode)
values ('CSC17107', 'CSC17107', 'Ứng dụng phân tích dữ liệu thông minh', 4, 4, 21, 0, true, true, 'numeric')
on conflict (id) do update set
  code = excluded.code,
  title = excluded.title,
  credits = excluded.credits,
  lecture_hours = excluded.lecture_hours,
  practice_hours = excluded.practice_hours,
  lab_hours = excluded.lab_hours,
  default_counts_toward_gpa = excluded.default_counts_toward_gpa,
  default_counts_toward_progress = excluded.default_counts_toward_progress,
  default_grading_mode = excluded.default_grading_mode;

insert into public.course_catalog (id, code, title, credits, lecture_hours, practice_hours, lab_hours, default_counts_toward_gpa, default_counts_toward_progress, default_grading_mode)
values ('CSC18001', 'CSC18001', 'Nhập môn học sâu', 4, 4, 0, 0, true, true, 'numeric')
on conflict (id) do update set
  code = excluded.code,
  title = excluded.title,
  credits = excluded.credits,
  lecture_hours = excluded.lecture_hours,
  practice_hours = excluded.practice_hours,
  lab_hours = excluded.lab_hours,
  default_counts_toward_gpa = excluded.default_counts_toward_gpa,
  default_counts_toward_progress = excluded.default_counts_toward_progress,
  default_grading_mode = excluded.default_grading_mode;

insert into public.course_catalog (id, code, title, credits, lecture_hours, practice_hours, lab_hours, default_counts_toward_gpa, default_counts_toward_progress, default_grading_mode)
values ('CSC18101', 'CSC18101', 'Trí tuệ nhân tạo cho an ninh thông tin', 4, 45, 30, 0, true, true, 'numeric')
on conflict (id) do update set
  code = excluded.code,
  title = excluded.title,
  credits = excluded.credits,
  lecture_hours = excluded.lecture_hours,
  practice_hours = excluded.practice_hours,
  lab_hours = excluded.lab_hours,
  default_counts_toward_gpa = excluded.default_counts_toward_gpa,
  default_counts_toward_progress = excluded.default_counts_toward_progress,
  default_grading_mode = excluded.default_grading_mode;

insert into public.course_catalog (id, code, title, credits, lecture_hours, practice_hours, lab_hours, default_counts_toward_gpa, default_counts_toward_progress, default_grading_mode)
values ('CSC18102', 'CSC18102', 'Phương pháp toán cho tối ưu hóa', 4, 45, 30, 0, true, true, 'numeric')
on conflict (id) do update set
  code = excluded.code,
  title = excluded.title,
  credits = excluded.credits,
  lecture_hours = excluded.lecture_hours,
  practice_hours = excluded.practice_hours,
  lab_hours = excluded.lab_hours,
  default_counts_toward_gpa = excluded.default_counts_toward_gpa,
  default_counts_toward_progress = excluded.default_counts_toward_progress,
  default_grading_mode = excluded.default_grading_mode;

insert into public.course_catalog (id, code, title, credits, lecture_hours, practice_hours, lab_hours, default_counts_toward_gpa, default_counts_toward_progress, default_grading_mode)
values ('CSC18103', 'CSC18103', 'Trí tuệ bầy đàn', 4, 45, 30, 0, true, true, 'numeric')
on conflict (id) do update set
  code = excluded.code,
  title = excluded.title,
  credits = excluded.credits,
  lecture_hours = excluded.lecture_hours,
  practice_hours = excluded.practice_hours,
  lab_hours = excluded.lab_hours,
  default_counts_toward_gpa = excluded.default_counts_toward_gpa,
  default_counts_toward_progress = excluded.default_counts_toward_progress,
  default_grading_mode = excluded.default_grading_mode;

insert into public.course_catalog (id, code, title, credits, lecture_hours, practice_hours, lab_hours, default_counts_toward_gpa, default_counts_toward_progress, default_grading_mode)
values ('CSC18104', 'CSC18104', 'Nhập môn hệ thống đa tác nhân', 4, 45, 30, 0, true, true, 'numeric')
on conflict (id) do update set
  code = excluded.code,
  title = excluded.title,
  credits = excluded.credits,
  lecture_hours = excluded.lecture_hours,
  practice_hours = excluded.practice_hours,
  lab_hours = excluded.lab_hours,
  default_counts_toward_gpa = excluded.default_counts_toward_gpa,
  default_counts_toward_progress = excluded.default_counts_toward_progress,
  default_grading_mode = excluded.default_grading_mode;

insert into public.course_catalog (id, code, title, credits, lecture_hours, practice_hours, lab_hours, default_counts_toward_gpa, default_counts_toward_progress, default_grading_mode)
values ('CSC18105', 'CSC18105', 'Trí tuệ nhân tạo ứng dụng', 4, 45, 30, 0, true, true, 'numeric')
on conflict (id) do update set
  code = excluded.code,
  title = excluded.title,
  credits = excluded.credits,
  lecture_hours = excluded.lecture_hours,
  practice_hours = excluded.practice_hours,
  lab_hours = excluded.lab_hours,
  default_counts_toward_gpa = excluded.default_counts_toward_gpa,
  default_counts_toward_progress = excluded.default_counts_toward_progress,
  default_grading_mode = excluded.default_grading_mode;

insert into public.course_catalog (id, code, title, credits, lecture_hours, practice_hours, lab_hours, default_counts_toward_gpa, default_counts_toward_progress, default_grading_mode)
values ('CSCI11112', 'CSCI11112', 'Chuyen de he thong phan tan', 4, 45, 30, 0, true, true, 'numeric')
on conflict (id) do update set
  code = excluded.code,
  title = excluded.title,
  credits = excluded.credits,
  lecture_hours = excluded.lecture_hours,
  practice_hours = excluded.practice_hours,
  lab_hours = excluded.lab_hours,
  default_counts_toward_gpa = excluded.default_counts_toward_gpa,
  default_counts_toward_progress = excluded.default_counts_toward_progress,
  default_grading_mode = excluded.default_grading_mode;

insert into public.course_catalog (id, code, title, credits, lecture_hours, practice_hours, lab_hours, default_counts_toward_gpa, default_counts_toward_progress, default_grading_mode)
values ('CSCI11117', 'CSCI11117', 'Hệ điều hành Linux và ứng dụng', 4, 45, 30, 0, true, true, 'numeric')
on conflict (id) do update set
  code = excluded.code,
  title = excluded.title,
  credits = excluded.credits,
  lecture_hours = excluded.lecture_hours,
  practice_hours = excluded.practice_hours,
  lab_hours = excluded.lab_hours,
  default_counts_toward_gpa = excluded.default_counts_toward_gpa,
  default_counts_toward_progress = excluded.default_counts_toward_progress,
  default_grading_mode = excluded.default_grading_mode;

insert into public.course_catalog (id, code, title, credits, lecture_hours, practice_hours, lab_hours, default_counts_toward_gpa, default_counts_toward_progress, default_grading_mode)
values ('ENV00001', 'ENV00001', 'Môi trường đại cương', 2, 30, 0, 0, true, true, 'numeric')
on conflict (id) do update set
  code = excluded.code,
  title = excluded.title,
  credits = excluded.credits,
  lecture_hours = excluded.lecture_hours,
  practice_hours = excluded.practice_hours,
  lab_hours = excluded.lab_hours,
  default_counts_toward_gpa = excluded.default_counts_toward_gpa,
  default_counts_toward_progress = excluded.default_counts_toward_progress,
  default_grading_mode = excluded.default_grading_mode;

insert into public.course_catalog (id, code, title, credits, lecture_hours, practice_hours, lab_hours, default_counts_toward_gpa, default_counts_toward_progress, default_grading_mode)
values ('ENV00003', 'ENV00003', 'Con người và môi trường', 2, 30, 0, 0, true, true, 'numeric')
on conflict (id) do update set
  code = excluded.code,
  title = excluded.title,
  credits = excluded.credits,
  lecture_hours = excluded.lecture_hours,
  practice_hours = excluded.practice_hours,
  lab_hours = excluded.lab_hours,
  default_counts_toward_gpa = excluded.default_counts_toward_gpa,
  default_counts_toward_progress = excluded.default_counts_toward_progress,
  default_grading_mode = excluded.default_grading_mode;

insert into public.course_catalog (id, code, title, credits, lecture_hours, practice_hours, lab_hours, default_counts_toward_gpa, default_counts_toward_progress, default_grading_mode)
values ('GEO00002', 'GEO00002', 'Khoa học Trái đất', 2, 30, 0, 0, true, true, 'numeric')
on conflict (id) do update set
  code = excluded.code,
  title = excluded.title,
  credits = excluded.credits,
  lecture_hours = excluded.lecture_hours,
  practice_hours = excluded.practice_hours,
  lab_hours = excluded.lab_hours,
  default_counts_toward_gpa = excluded.default_counts_toward_gpa,
  default_counts_toward_progress = excluded.default_counts_toward_progress,
  default_grading_mode = excluded.default_grading_mode;

insert into public.course_catalog (id, code, title, credits, lecture_hours, practice_hours, lab_hours, default_counts_toward_gpa, default_counts_toward_progress, default_grading_mode)
values ('MTH00021', 'MTH00021', 'Vi tích phân 1', 4, 45, 30, 0, true, true, 'numeric')
on conflict (id) do update set
  code = excluded.code,
  title = excluded.title,
  credits = excluded.credits,
  lecture_hours = excluded.lecture_hours,
  practice_hours = excluded.practice_hours,
  lab_hours = excluded.lab_hours,
  default_counts_toward_gpa = excluded.default_counts_toward_gpa,
  default_counts_toward_progress = excluded.default_counts_toward_progress,
  default_grading_mode = excluded.default_grading_mode;

insert into public.course_catalog (id, code, title, credits, lecture_hours, practice_hours, lab_hours, default_counts_toward_gpa, default_counts_toward_progress, default_grading_mode)
values ('MTH00022', 'MTH00022', 'Vi tích phân 2', 4, 45, 30, 0, true, true, 'numeric')
on conflict (id) do update set
  code = excluded.code,
  title = excluded.title,
  credits = excluded.credits,
  lecture_hours = excluded.lecture_hours,
  practice_hours = excluded.practice_hours,
  lab_hours = excluded.lab_hours,
  default_counts_toward_gpa = excluded.default_counts_toward_gpa,
  default_counts_toward_progress = excluded.default_counts_toward_progress,
  default_grading_mode = excluded.default_grading_mode;

insert into public.course_catalog (id, code, title, credits, lecture_hours, practice_hours, lab_hours, default_counts_toward_gpa, default_counts_toward_progress, default_grading_mode)
values ('MTH00035', 'MTH00035', 'Đại số tuyến tính', 4, 45, 30, 0, true, true, 'numeric')
on conflict (id) do update set
  code = excluded.code,
  title = excluded.title,
  credits = excluded.credits,
  lecture_hours = excluded.lecture_hours,
  practice_hours = excluded.practice_hours,
  lab_hours = excluded.lab_hours,
  default_counts_toward_gpa = excluded.default_counts_toward_gpa,
  default_counts_toward_progress = excluded.default_counts_toward_progress,
  default_grading_mode = excluded.default_grading_mode;

insert into public.course_catalog (id, code, title, credits, lecture_hours, practice_hours, lab_hours, default_counts_toward_gpa, default_counts_toward_progress, default_grading_mode)
values ('MTH00044', 'MTH00044', 'Xác suất thống kê', 4, 45, 30, 0, true, true, 'numeric')
on conflict (id) do update set
  code = excluded.code,
  title = excluded.title,
  credits = excluded.credits,
  lecture_hours = excluded.lecture_hours,
  practice_hours = excluded.practice_hours,
  lab_hours = excluded.lab_hours,
  default_counts_toward_gpa = excluded.default_counts_toward_gpa,
  default_counts_toward_progress = excluded.default_counts_toward_progress,
  default_grading_mode = excluded.default_grading_mode;

insert into public.course_catalog (id, code, title, credits, lecture_hours, practice_hours, lab_hours, default_counts_toward_gpa, default_counts_toward_progress, default_grading_mode)
values ('MTH00045', 'MTH00045', 'Toán rời rạc', 4, 45, 30, 0, true, true, 'numeric')
on conflict (id) do update set
  code = excluded.code,
  title = excluded.title,
  credits = excluded.credits,
  lecture_hours = excluded.lecture_hours,
  practice_hours = excluded.practice_hours,
  lab_hours = excluded.lab_hours,
  default_counts_toward_gpa = excluded.default_counts_toward_gpa,
  default_counts_toward_progress = excluded.default_counts_toward_progress,
  default_grading_mode = excluded.default_grading_mode;

insert into public.course_catalog (id, code, title, credits, lecture_hours, practice_hours, lab_hours, default_counts_toward_gpa, default_counts_toward_progress, default_grading_mode)
values ('MTH00050', 'MTH00050', 'Toán học tổ hợp', 4, 45, 30, 0, true, true, 'numeric')
on conflict (id) do update set
  code = excluded.code,
  title = excluded.title,
  credits = excluded.credits,
  lecture_hours = excluded.lecture_hours,
  practice_hours = excluded.practice_hours,
  lab_hours = excluded.lab_hours,
  default_counts_toward_gpa = excluded.default_counts_toward_gpa,
  default_counts_toward_progress = excluded.default_counts_toward_progress,
  default_grading_mode = excluded.default_grading_mode;

insert into public.course_catalog (id, code, title, credits, lecture_hours, practice_hours, lab_hours, default_counts_toward_gpa, default_counts_toward_progress, default_grading_mode)
values ('MTH00051', 'MTH00051', 'Toán ứng dụng và thống kê', 4, 45, 30, 0, true, true, 'numeric')
on conflict (id) do update set
  code = excluded.code,
  title = excluded.title,
  credits = excluded.credits,
  lecture_hours = excluded.lecture_hours,
  practice_hours = excluded.practice_hours,
  lab_hours = excluded.lab_hours,
  default_counts_toward_gpa = excluded.default_counts_toward_gpa,
  default_counts_toward_progress = excluded.default_counts_toward_progress,
  default_grading_mode = excluded.default_grading_mode;

insert into public.course_catalog (id, code, title, credits, lecture_hours, practice_hours, lab_hours, default_counts_toward_gpa, default_counts_toward_progress, default_grading_mode)
values ('MTH00052', 'MTH00052', 'Phương pháp tính', 4, 45, 30, 0, true, true, 'numeric')
on conflict (id) do update set
  code = excluded.code,
  title = excluded.title,
  credits = excluded.credits,
  lecture_hours = excluded.lecture_hours,
  practice_hours = excluded.practice_hours,
  lab_hours = excluded.lab_hours,
  default_counts_toward_gpa = excluded.default_counts_toward_gpa,
  default_counts_toward_progress = excluded.default_counts_toward_progress,
  default_grading_mode = excluded.default_grading_mode;

insert into public.course_catalog (id, code, title, credits, lecture_hours, practice_hours, lab_hours, default_counts_toward_gpa, default_counts_toward_progress, default_grading_mode)
values ('MTH00053', 'MTH00053', 'Lý thuyết số', 4, 45, 30, 0, true, true, 'numeric')
on conflict (id) do update set
  code = excluded.code,
  title = excluded.title,
  credits = excluded.credits,
  lecture_hours = excluded.lecture_hours,
  practice_hours = excluded.practice_hours,
  lab_hours = excluded.lab_hours,
  default_counts_toward_gpa = excluded.default_counts_toward_gpa,
  default_counts_toward_progress = excluded.default_counts_toward_progress,
  default_grading_mode = excluded.default_grading_mode;

insert into public.course_catalog (id, code, title, credits, lecture_hours, practice_hours, lab_hours, default_counts_toward_gpa, default_counts_toward_progress, default_grading_mode)
values ('PHY00001', 'PHY00001', 'Vật lý đại cương 1 (Cơ - Nhiệt)', 3, 45, 0, 0, true, true, 'numeric')
on conflict (id) do update set
  code = excluded.code,
  title = excluded.title,
  credits = excluded.credits,
  lecture_hours = excluded.lecture_hours,
  practice_hours = excluded.practice_hours,
  lab_hours = excluded.lab_hours,
  default_counts_toward_gpa = excluded.default_counts_toward_gpa,
  default_counts_toward_progress = excluded.default_counts_toward_progress,
  default_grading_mode = excluded.default_grading_mode;

insert into public.course_catalog (id, code, title, credits, lecture_hours, practice_hours, lab_hours, default_counts_toward_gpa, default_counts_toward_progress, default_grading_mode)
values ('PHY00081', 'PHY00081', 'Thực hành Vật lý đại cương', 2, 0, 60, 0, true, true, 'numeric')
on conflict (id) do update set
  code = excluded.code,
  title = excluded.title,
  credits = excluded.credits,
  lecture_hours = excluded.lecture_hours,
  practice_hours = excluded.practice_hours,
  lab_hours = excluded.lab_hours,
  default_counts_toward_gpa = excluded.default_counts_toward_gpa,
  default_counts_toward_progress = excluded.default_counts_toward_progress,
  default_grading_mode = excluded.default_grading_mode;

insert into public.programs (id, code, name, english_name, degree, duration_years, total_credits, source_note, curriculum_coverage_note)
values ('cntt-2024', '7480201', 'Công nghệ thông tin', 'Information Technology', 'Cử nhân Công nghệ thông tin', 4, 138, 'Dữ liệu curriculum được chuẩn hóa từ bộ docs HCMUS khóa tuyển 2024.', 'Bao phủ đầy đủ phần chương trình đào tạo chính của CTĐT CNTT khóa 2024; runtime chỉ dùng dữ liệu seed đã chuẩn hóa, không parse PDF.')
on conflict (id) do update set
  code = excluded.code,
  name = excluded.name,
  english_name = excluded.english_name,
  degree = excluded.degree,
  duration_years = excluded.duration_years,
  total_credits = excluded.total_credits,
  source_note = excluded.source_note,
  curriculum_coverage_note = excluded.curriculum_coverage_note;

insert into public.course_groups (id, program_id, title, category, required_credits, description, display_order)
values ('cntt-2024-general-education', 'cntt-2024', 'Giáo dục đại cương', 'general-education', 56, 'Khối kiến thức đại cương tính vào tín chỉ tốt nghiệp; không kể Ngoại ngữ, GDTC và GDQPAN.', 1)
on conflict (id) do update set
  title = excluded.title,
  category = excluded.category,
  required_credits = excluded.required_credits,
  description = excluded.description,
  display_order = excluded.display_order;

insert into public.course_groups (id, program_id, title, category, required_credits, description, display_order)
values ('cntt-2024-foundation', 'cntt-2024', 'Cơ sở ngành', 'foundation', 38, 'Khối kiến thức nền tảng và cơ sở của ngành công nghệ thông tin.', 2)
on conflict (id) do update set
  title = excluded.title,
  category = excluded.category,
  required_credits = excluded.required_credits,
  description = excluded.description,
  display_order = excluded.display_order;

insert into public.course_groups (id, program_id, title, category, required_credits, description, display_order)
values ('cntt-2024-major-core', 'cntt-2024', 'Ngành chuyên ngành', 'major-core', 16, 'Các học phần chuyên ngành bắt buộc theo định hướng chương trình.', 3)
on conflict (id) do update set
  title = excluded.title,
  category = excluded.category,
  required_credits = excluded.required_credits,
  description = excluded.description,
  display_order = excluded.display_order;

insert into public.course_groups (id, program_id, title, category, required_credits, description, display_order)
values ('cntt-2024-major-elective', 'cntt-2024', 'Tự chọn chuyên ngành', 'major-elective', 18, 'Các học phần tự chọn ngành, chuyên ngành và học phần mở rộng theo CTĐT.', 4)
on conflict (id) do update set
  title = excluded.title,
  category = excluded.category,
  required_credits = excluded.required_credits,
  description = excluded.description,
  display_order = excluded.display_order;

insert into public.course_groups (id, program_id, title, category, required_credits, description, display_order)
values ('cntt-2024-graduation', 'cntt-2024', 'Tốt nghiệp', 'graduation', 10, 'Thực tập, đồ án, khóa luận và các học phần tốt nghiệp.', 5)
on conflict (id) do update set
  title = excluded.title,
  category = excluded.category,
  required_credits = excluded.required_credits,
  description = excluded.description,
  display_order = excluded.display_order;

insert into public.program_requirement_sections (id, program_id, title, category, required_credits, elective_credits, free_elective_credits, total_credits, counts_toward_program_total, source_note, display_order)
values ('cntt-2024-general-education-requirement', 'cntt-2024', 'Giáo dục đại cương (I)', 'general-education', 42, 14, 0, 56, true, 'Theo bảng tổng hợp CTĐT khóa 2024; không kể Ngoại ngữ, GDTC và GDQPAN.', 1)
on conflict (id) do update set
  title = excluded.title,
  category = excluded.category,
  required_credits = excluded.required_credits,
  elective_credits = excluded.elective_credits,
  free_elective_credits = excluded.free_elective_credits,
  total_credits = excluded.total_credits,
  counts_toward_program_total = excluded.counts_toward_program_total,
  source_note = excluded.source_note,
  display_order = excluded.display_order;

insert into public.program_requirement_sections (id, program_id, title, category, required_credits, elective_credits, free_elective_credits, total_credits, counts_toward_program_total, source_note, display_order)
values ('cntt-2024-foundation-requirement', 'cntt-2024', 'Cơ sở ngành (2)', 'foundation', 38, 0, 0, 38, true, 'Theo bảng tổng hợp CTĐT khóa 2024.', 2)
on conflict (id) do update set
  title = excluded.title,
  category = excluded.category,
  required_credits = excluded.required_credits,
  elective_credits = excluded.elective_credits,
  free_elective_credits = excluded.free_elective_credits,
  total_credits = excluded.total_credits,
  counts_toward_program_total = excluded.counts_toward_program_total,
  source_note = excluded.source_note,
  display_order = excluded.display_order;

insert into public.program_requirement_sections (id, program_id, title, category, required_credits, elective_credits, free_elective_credits, total_credits, counts_toward_program_total, source_note, display_order)
values ('cntt-2024-major-requirement', 'cntt-2024', 'Chuyên ngành (3)', 'major', 16, 8, 10, 34, true, 'Theo bảng tổng hợp CTĐT khóa 2024; app hiện hiển thị tổng, chưa khóa hướng chuyên ngành.', 3)
on conflict (id) do update set
  title = excluded.title,
  category = excluded.category,
  required_credits = excluded.required_credits,
  elective_credits = excluded.elective_credits,
  free_elective_credits = excluded.free_elective_credits,
  total_credits = excluded.total_credits,
  counts_toward_program_total = excluded.counts_toward_program_total,
  source_note = excluded.source_note,
  display_order = excluded.display_order;

insert into public.program_requirement_sections (id, program_id, title, category, required_credits, elective_credits, free_elective_credits, total_credits, counts_toward_program_total, source_note, display_order)
values ('cntt-2024-graduation-requirement', 'cntt-2024', 'Tốt nghiệp (4)', 'graduation', 0, 10, 0, 10, true, 'Theo bảng tổng hợp CTĐT khóa 2024.', 4)
on conflict (id) do update set
  title = excluded.title,
  category = excluded.category,
  required_credits = excluded.required_credits,
  elective_credits = excluded.elective_credits,
  free_elective_credits = excluded.free_elective_credits,
  total_credits = excluded.total_credits,
  counts_toward_program_total = excluded.counts_toward_program_total,
  source_note = excluded.source_note,
  display_order = excluded.display_order;

insert into public.program_courses (id, program_id, catalog_course_id, group_id, category, kind, suggested_term, notes, counts_toward_gpa, counts_toward_progress, grading_mode, display_order)
values ('cntt-2024-add00031', 'cntt-2024', 'ADD00031', 'cntt-2024-general-education', 'general-education', 'required', 1, null, false, false, 'numeric_or_pass_fail', 1)
on conflict (id) do update set
  program_id = excluded.program_id,
  catalog_course_id = excluded.catalog_course_id,
  group_id = excluded.group_id,
  category = excluded.category,
  kind = excluded.kind,
  suggested_term = excluded.suggested_term,
  notes = excluded.notes,
  counts_toward_gpa = excluded.counts_toward_gpa,
  counts_toward_progress = excluded.counts_toward_progress,
  grading_mode = excluded.grading_mode,
  display_order = excluded.display_order;

insert into public.courses (id, program_id, group_id, category, code, title, credits, lecture_hours, practice_hours, lab_hours, kind, suggested_term, notes, counts_toward_gpa, counts_toward_progress, grading_mode)
values ('cntt-2024-add00031', 'cntt-2024', 'cntt-2024-general-education', 'general-education', 'ADD00031', 'Anh văn 1', 3, 30, 30, 0, 'required', 1, null, false, false, 'numeric_or_pass_fail')
on conflict (id) do update set
  group_id = excluded.group_id,
  category = excluded.category,
  code = excluded.code,
  title = excluded.title,
  credits = excluded.credits,
  lecture_hours = excluded.lecture_hours,
  practice_hours = excluded.practice_hours,
  lab_hours = excluded.lab_hours,
  kind = excluded.kind,
  suggested_term = excluded.suggested_term,
  notes = excluded.notes,
  counts_toward_gpa = excluded.counts_toward_gpa,
  counts_toward_progress = excluded.counts_toward_progress,
  grading_mode = excluded.grading_mode;

insert into public.program_courses (id, program_id, catalog_course_id, group_id, category, kind, suggested_term, notes, counts_toward_gpa, counts_toward_progress, grading_mode, display_order)
values ('cntt-2024-baa00021', 'cntt-2024', 'BAA00021', 'cntt-2024-general-education', 'general-education', 'required', 1, null, false, false, 'numeric_or_pass_fail', 2)
on conflict (id) do update set
  program_id = excluded.program_id,
  catalog_course_id = excluded.catalog_course_id,
  group_id = excluded.group_id,
  category = excluded.category,
  kind = excluded.kind,
  suggested_term = excluded.suggested_term,
  notes = excluded.notes,
  counts_toward_gpa = excluded.counts_toward_gpa,
  counts_toward_progress = excluded.counts_toward_progress,
  grading_mode = excluded.grading_mode,
  display_order = excluded.display_order;

insert into public.courses (id, program_id, group_id, category, code, title, credits, lecture_hours, practice_hours, lab_hours, kind, suggested_term, notes, counts_toward_gpa, counts_toward_progress, grading_mode)
values ('cntt-2024-baa00021', 'cntt-2024', 'cntt-2024-general-education', 'general-education', 'BAA00021', 'Thể dục 1', 2, 15, 30, 0, 'required', 1, null, false, false, 'numeric_or_pass_fail')
on conflict (id) do update set
  group_id = excluded.group_id,
  category = excluded.category,
  code = excluded.code,
  title = excluded.title,
  credits = excluded.credits,
  lecture_hours = excluded.lecture_hours,
  practice_hours = excluded.practice_hours,
  lab_hours = excluded.lab_hours,
  kind = excluded.kind,
  suggested_term = excluded.suggested_term,
  notes = excluded.notes,
  counts_toward_gpa = excluded.counts_toward_gpa,
  counts_toward_progress = excluded.counts_toward_progress,
  grading_mode = excluded.grading_mode;

insert into public.program_courses (id, program_id, catalog_course_id, group_id, category, kind, suggested_term, notes, counts_toward_gpa, counts_toward_progress, grading_mode, display_order)
values ('cntt-2024-csc00004', 'cntt-2024', 'CSC00004', 'cntt-2024-foundation', 'foundation', 'required', 1, null, true, true, 'numeric', 3)
on conflict (id) do update set
  program_id = excluded.program_id,
  catalog_course_id = excluded.catalog_course_id,
  group_id = excluded.group_id,
  category = excluded.category,
  kind = excluded.kind,
  suggested_term = excluded.suggested_term,
  notes = excluded.notes,
  counts_toward_gpa = excluded.counts_toward_gpa,
  counts_toward_progress = excluded.counts_toward_progress,
  grading_mode = excluded.grading_mode,
  display_order = excluded.display_order;

insert into public.courses (id, program_id, group_id, category, code, title, credits, lecture_hours, practice_hours, lab_hours, kind, suggested_term, notes, counts_toward_gpa, counts_toward_progress, grading_mode)
values ('cntt-2024-csc00004', 'cntt-2024', 'cntt-2024-foundation', 'foundation', 'CSC00004', 'Nhập môn công nghệ thông tin', 4, 45, 30, 0, 'required', 1, null, true, true, 'numeric')
on conflict (id) do update set
  group_id = excluded.group_id,
  category = excluded.category,
  code = excluded.code,
  title = excluded.title,
  credits = excluded.credits,
  lecture_hours = excluded.lecture_hours,
  practice_hours = excluded.practice_hours,
  lab_hours = excluded.lab_hours,
  kind = excluded.kind,
  suggested_term = excluded.suggested_term,
  notes = excluded.notes,
  counts_toward_gpa = excluded.counts_toward_gpa,
  counts_toward_progress = excluded.counts_toward_progress,
  grading_mode = excluded.grading_mode;

insert into public.program_courses (id, program_id, catalog_course_id, group_id, category, kind, suggested_term, notes, counts_toward_gpa, counts_toward_progress, grading_mode, display_order)
values ('cntt-2024-csc10012', 'cntt-2024', 'CSC10012', 'cntt-2024-foundation', 'foundation', 'required', 1, null, true, true, 'numeric', 4)
on conflict (id) do update set
  program_id = excluded.program_id,
  catalog_course_id = excluded.catalog_course_id,
  group_id = excluded.group_id,
  category = excluded.category,
  kind = excluded.kind,
  suggested_term = excluded.suggested_term,
  notes = excluded.notes,
  counts_toward_gpa = excluded.counts_toward_gpa,
  counts_toward_progress = excluded.counts_toward_progress,
  grading_mode = excluded.grading_mode,
  display_order = excluded.display_order;

insert into public.courses (id, program_id, group_id, category, code, title, credits, lecture_hours, practice_hours, lab_hours, kind, suggested_term, notes, counts_toward_gpa, counts_toward_progress, grading_mode)
values ('cntt-2024-csc10012', 'cntt-2024', 'cntt-2024-foundation', 'foundation', 'CSC10012', 'Cơ sở lập trình', 4, 45, 30, 0, 'required', 1, null, true, true, 'numeric')
on conflict (id) do update set
  group_id = excluded.group_id,
  category = excluded.category,
  code = excluded.code,
  title = excluded.title,
  credits = excluded.credits,
  lecture_hours = excluded.lecture_hours,
  practice_hours = excluded.practice_hours,
  lab_hours = excluded.lab_hours,
  kind = excluded.kind,
  suggested_term = excluded.suggested_term,
  notes = excluded.notes,
  counts_toward_gpa = excluded.counts_toward_gpa,
  counts_toward_progress = excluded.counts_toward_progress,
  grading_mode = excluded.grading_mode;

insert into public.program_courses (id, program_id, catalog_course_id, group_id, category, kind, suggested_term, notes, counts_toward_gpa, counts_toward_progress, grading_mode, display_order)
values ('cntt-2024-env00001', 'cntt-2024', 'ENV00001', 'cntt-2024-general-education', 'general-education', 'elective', 1, null, true, true, 'numeric', 5)
on conflict (id) do update set
  program_id = excluded.program_id,
  catalog_course_id = excluded.catalog_course_id,
  group_id = excluded.group_id,
  category = excluded.category,
  kind = excluded.kind,
  suggested_term = excluded.suggested_term,
  notes = excluded.notes,
  counts_toward_gpa = excluded.counts_toward_gpa,
  counts_toward_progress = excluded.counts_toward_progress,
  grading_mode = excluded.grading_mode,
  display_order = excluded.display_order;

insert into public.courses (id, program_id, group_id, category, code, title, credits, lecture_hours, practice_hours, lab_hours, kind, suggested_term, notes, counts_toward_gpa, counts_toward_progress, grading_mode)
values ('cntt-2024-env00001', 'cntt-2024', 'cntt-2024-general-education', 'general-education', 'ENV00001', 'Môi trường đại cương', 2, 30, 0, 0, 'elective', 1, null, true, true, 'numeric')
on conflict (id) do update set
  group_id = excluded.group_id,
  category = excluded.category,
  code = excluded.code,
  title = excluded.title,
  credits = excluded.credits,
  lecture_hours = excluded.lecture_hours,
  practice_hours = excluded.practice_hours,
  lab_hours = excluded.lab_hours,
  kind = excluded.kind,
  suggested_term = excluded.suggested_term,
  notes = excluded.notes,
  counts_toward_gpa = excluded.counts_toward_gpa,
  counts_toward_progress = excluded.counts_toward_progress,
  grading_mode = excluded.grading_mode;

insert into public.program_courses (id, program_id, catalog_course_id, group_id, category, kind, suggested_term, notes, counts_toward_gpa, counts_toward_progress, grading_mode, display_order)
values ('cntt-2024-mth00021', 'cntt-2024', 'MTH00021', 'cntt-2024-general-education', 'general-education', 'required', 1, null, true, true, 'numeric', 6)
on conflict (id) do update set
  program_id = excluded.program_id,
  catalog_course_id = excluded.catalog_course_id,
  group_id = excluded.group_id,
  category = excluded.category,
  kind = excluded.kind,
  suggested_term = excluded.suggested_term,
  notes = excluded.notes,
  counts_toward_gpa = excluded.counts_toward_gpa,
  counts_toward_progress = excluded.counts_toward_progress,
  grading_mode = excluded.grading_mode,
  display_order = excluded.display_order;

insert into public.courses (id, program_id, group_id, category, code, title, credits, lecture_hours, practice_hours, lab_hours, kind, suggested_term, notes, counts_toward_gpa, counts_toward_progress, grading_mode)
values ('cntt-2024-mth00021', 'cntt-2024', 'cntt-2024-general-education', 'general-education', 'MTH00021', 'Vi tích phân 1', 4, 45, 30, 0, 'required', 1, null, true, true, 'numeric')
on conflict (id) do update set
  group_id = excluded.group_id,
  category = excluded.category,
  code = excluded.code,
  title = excluded.title,
  credits = excluded.credits,
  lecture_hours = excluded.lecture_hours,
  practice_hours = excluded.practice_hours,
  lab_hours = excluded.lab_hours,
  kind = excluded.kind,
  suggested_term = excluded.suggested_term,
  notes = excluded.notes,
  counts_toward_gpa = excluded.counts_toward_gpa,
  counts_toward_progress = excluded.counts_toward_progress,
  grading_mode = excluded.grading_mode;

insert into public.program_courses (id, program_id, catalog_course_id, group_id, category, kind, suggested_term, notes, counts_toward_gpa, counts_toward_progress, grading_mode, display_order)
values ('cntt-2024-mth00045', 'cntt-2024', 'MTH00045', 'cntt-2024-general-education', 'general-education', 'required', 1, null, true, true, 'numeric', 7)
on conflict (id) do update set
  program_id = excluded.program_id,
  catalog_course_id = excluded.catalog_course_id,
  group_id = excluded.group_id,
  category = excluded.category,
  kind = excluded.kind,
  suggested_term = excluded.suggested_term,
  notes = excluded.notes,
  counts_toward_gpa = excluded.counts_toward_gpa,
  counts_toward_progress = excluded.counts_toward_progress,
  grading_mode = excluded.grading_mode,
  display_order = excluded.display_order;

insert into public.courses (id, program_id, group_id, category, code, title, credits, lecture_hours, practice_hours, lab_hours, kind, suggested_term, notes, counts_toward_gpa, counts_toward_progress, grading_mode)
values ('cntt-2024-mth00045', 'cntt-2024', 'cntt-2024-general-education', 'general-education', 'MTH00045', 'Toán rời rạc', 4, 45, 30, 0, 'required', 1, null, true, true, 'numeric')
on conflict (id) do update set
  group_id = excluded.group_id,
  category = excluded.category,
  code = excluded.code,
  title = excluded.title,
  credits = excluded.credits,
  lecture_hours = excluded.lecture_hours,
  practice_hours = excluded.practice_hours,
  lab_hours = excluded.lab_hours,
  kind = excluded.kind,
  suggested_term = excluded.suggested_term,
  notes = excluded.notes,
  counts_toward_gpa = excluded.counts_toward_gpa,
  counts_toward_progress = excluded.counts_toward_progress,
  grading_mode = excluded.grading_mode;

insert into public.program_courses (id, program_id, catalog_course_id, group_id, category, kind, suggested_term, notes, counts_toward_gpa, counts_toward_progress, grading_mode, display_order)
values ('cntt-2024-add00032', 'cntt-2024', 'ADD00032', 'cntt-2024-general-education', 'general-education', 'required', 2, null, false, false, 'numeric_or_pass_fail', 8)
on conflict (id) do update set
  program_id = excluded.program_id,
  catalog_course_id = excluded.catalog_course_id,
  group_id = excluded.group_id,
  category = excluded.category,
  kind = excluded.kind,
  suggested_term = excluded.suggested_term,
  notes = excluded.notes,
  counts_toward_gpa = excluded.counts_toward_gpa,
  counts_toward_progress = excluded.counts_toward_progress,
  grading_mode = excluded.grading_mode,
  display_order = excluded.display_order;

insert into public.courses (id, program_id, group_id, category, code, title, credits, lecture_hours, practice_hours, lab_hours, kind, suggested_term, notes, counts_toward_gpa, counts_toward_progress, grading_mode)
values ('cntt-2024-add00032', 'cntt-2024', 'cntt-2024-general-education', 'general-education', 'ADD00032', 'Anh văn 2', 3, 30, 30, 0, 'required', 2, null, false, false, 'numeric_or_pass_fail')
on conflict (id) do update set
  group_id = excluded.group_id,
  category = excluded.category,
  code = excluded.code,
  title = excluded.title,
  credits = excluded.credits,
  lecture_hours = excluded.lecture_hours,
  practice_hours = excluded.practice_hours,
  lab_hours = excluded.lab_hours,
  kind = excluded.kind,
  suggested_term = excluded.suggested_term,
  notes = excluded.notes,
  counts_toward_gpa = excluded.counts_toward_gpa,
  counts_toward_progress = excluded.counts_toward_progress,
  grading_mode = excluded.grading_mode;

insert into public.program_courses (id, program_id, catalog_course_id, group_id, category, kind, suggested_term, notes, counts_toward_gpa, counts_toward_progress, grading_mode, display_order)
values ('cntt-2024-baa00004', 'cntt-2024', 'BAA00004', 'cntt-2024-general-education', 'general-education', 'required', 2, null, true, true, 'numeric', 9)
on conflict (id) do update set
  program_id = excluded.program_id,
  catalog_course_id = excluded.catalog_course_id,
  group_id = excluded.group_id,
  category = excluded.category,
  kind = excluded.kind,
  suggested_term = excluded.suggested_term,
  notes = excluded.notes,
  counts_toward_gpa = excluded.counts_toward_gpa,
  counts_toward_progress = excluded.counts_toward_progress,
  grading_mode = excluded.grading_mode,
  display_order = excluded.display_order;

insert into public.courses (id, program_id, group_id, category, code, title, credits, lecture_hours, practice_hours, lab_hours, kind, suggested_term, notes, counts_toward_gpa, counts_toward_progress, grading_mode)
values ('cntt-2024-baa00004', 'cntt-2024', 'cntt-2024-general-education', 'general-education', 'BAA00004', 'Pháp luật đại cương', 3, 45, 0, 0, 'required', 2, null, true, true, 'numeric')
on conflict (id) do update set
  group_id = excluded.group_id,
  category = excluded.category,
  code = excluded.code,
  title = excluded.title,
  credits = excluded.credits,
  lecture_hours = excluded.lecture_hours,
  practice_hours = excluded.practice_hours,
  lab_hours = excluded.lab_hours,
  kind = excluded.kind,
  suggested_term = excluded.suggested_term,
  notes = excluded.notes,
  counts_toward_gpa = excluded.counts_toward_gpa,
  counts_toward_progress = excluded.counts_toward_progress,
  grading_mode = excluded.grading_mode;

insert into public.program_courses (id, program_id, catalog_course_id, group_id, category, kind, suggested_term, notes, counts_toward_gpa, counts_toward_progress, grading_mode, display_order)
values ('cntt-2024-baa00022', 'cntt-2024', 'BAA00022', 'cntt-2024-general-education', 'general-education', 'required', 2, null, false, false, 'numeric_or_pass_fail', 10)
on conflict (id) do update set
  program_id = excluded.program_id,
  catalog_course_id = excluded.catalog_course_id,
  group_id = excluded.group_id,
  category = excluded.category,
  kind = excluded.kind,
  suggested_term = excluded.suggested_term,
  notes = excluded.notes,
  counts_toward_gpa = excluded.counts_toward_gpa,
  counts_toward_progress = excluded.counts_toward_progress,
  grading_mode = excluded.grading_mode,
  display_order = excluded.display_order;

insert into public.courses (id, program_id, group_id, category, code, title, credits, lecture_hours, practice_hours, lab_hours, kind, suggested_term, notes, counts_toward_gpa, counts_toward_progress, grading_mode)
values ('cntt-2024-baa00022', 'cntt-2024', 'cntt-2024-general-education', 'general-education', 'BAA00022', 'Thể dục 2', 2, 15, 30, 0, 'required', 2, null, false, false, 'numeric_or_pass_fail')
on conflict (id) do update set
  group_id = excluded.group_id,
  category = excluded.category,
  code = excluded.code,
  title = excluded.title,
  credits = excluded.credits,
  lecture_hours = excluded.lecture_hours,
  practice_hours = excluded.practice_hours,
  lab_hours = excluded.lab_hours,
  kind = excluded.kind,
  suggested_term = excluded.suggested_term,
  notes = excluded.notes,
  counts_toward_gpa = excluded.counts_toward_gpa,
  counts_toward_progress = excluded.counts_toward_progress,
  grading_mode = excluded.grading_mode;

insert into public.program_courses (id, program_id, catalog_course_id, group_id, category, kind, suggested_term, notes, counts_toward_gpa, counts_toward_progress, grading_mode, display_order)
values ('cntt-2024-bio00001', 'cntt-2024', 'BIO00001', 'cntt-2024-general-education', 'general-education', 'elective', 2, null, true, true, 'numeric', 11)
on conflict (id) do update set
  program_id = excluded.program_id,
  catalog_course_id = excluded.catalog_course_id,
  group_id = excluded.group_id,
  category = excluded.category,
  kind = excluded.kind,
  suggested_term = excluded.suggested_term,
  notes = excluded.notes,
  counts_toward_gpa = excluded.counts_toward_gpa,
  counts_toward_progress = excluded.counts_toward_progress,
  grading_mode = excluded.grading_mode,
  display_order = excluded.display_order;

insert into public.courses (id, program_id, group_id, category, code, title, credits, lecture_hours, practice_hours, lab_hours, kind, suggested_term, notes, counts_toward_gpa, counts_toward_progress, grading_mode)
values ('cntt-2024-bio00001', 'cntt-2024', 'cntt-2024-general-education', 'general-education', 'BIO00001', 'Sinh đại cương 1', 3, 45, 0, 0, 'elective', 2, null, true, true, 'numeric')
on conflict (id) do update set
  group_id = excluded.group_id,
  category = excluded.category,
  code = excluded.code,
  title = excluded.title,
  credits = excluded.credits,
  lecture_hours = excluded.lecture_hours,
  practice_hours = excluded.practice_hours,
  lab_hours = excluded.lab_hours,
  kind = excluded.kind,
  suggested_term = excluded.suggested_term,
  notes = excluded.notes,
  counts_toward_gpa = excluded.counts_toward_gpa,
  counts_toward_progress = excluded.counts_toward_progress,
  grading_mode = excluded.grading_mode;

insert into public.program_courses (id, program_id, catalog_course_id, group_id, category, kind, suggested_term, notes, counts_toward_gpa, counts_toward_progress, grading_mode, display_order)
values ('cntt-2024-che00001', 'cntt-2024', 'CHE00001', 'cntt-2024-general-education', 'general-education', 'elective', 2, null, true, true, 'numeric', 12)
on conflict (id) do update set
  program_id = excluded.program_id,
  catalog_course_id = excluded.catalog_course_id,
  group_id = excluded.group_id,
  category = excluded.category,
  kind = excluded.kind,
  suggested_term = excluded.suggested_term,
  notes = excluded.notes,
  counts_toward_gpa = excluded.counts_toward_gpa,
  counts_toward_progress = excluded.counts_toward_progress,
  grading_mode = excluded.grading_mode,
  display_order = excluded.display_order;

insert into public.courses (id, program_id, group_id, category, code, title, credits, lecture_hours, practice_hours, lab_hours, kind, suggested_term, notes, counts_toward_gpa, counts_toward_progress, grading_mode)
values ('cntt-2024-che00001', 'cntt-2024', 'cntt-2024-general-education', 'general-education', 'CHE00001', 'Hóa đại cương 1', 3, 30, 0, 30, 'elective', 2, null, true, true, 'numeric')
on conflict (id) do update set
  group_id = excluded.group_id,
  category = excluded.category,
  code = excluded.code,
  title = excluded.title,
  credits = excluded.credits,
  lecture_hours = excluded.lecture_hours,
  practice_hours = excluded.practice_hours,
  lab_hours = excluded.lab_hours,
  kind = excluded.kind,
  suggested_term = excluded.suggested_term,
  notes = excluded.notes,
  counts_toward_gpa = excluded.counts_toward_gpa,
  counts_toward_progress = excluded.counts_toward_progress,
  grading_mode = excluded.grading_mode;

insert into public.program_courses (id, program_id, catalog_course_id, group_id, category, kind, suggested_term, notes, counts_toward_gpa, counts_toward_progress, grading_mode, display_order)
values ('cntt-2024-che00081', 'cntt-2024', 'CHE00081', 'cntt-2024-general-education', 'general-education', 'elective', 2, null, true, true, 'numeric', 13)
on conflict (id) do update set
  program_id = excluded.program_id,
  catalog_course_id = excluded.catalog_course_id,
  group_id = excluded.group_id,
  category = excluded.category,
  kind = excluded.kind,
  suggested_term = excluded.suggested_term,
  notes = excluded.notes,
  counts_toward_gpa = excluded.counts_toward_gpa,
  counts_toward_progress = excluded.counts_toward_progress,
  grading_mode = excluded.grading_mode,
  display_order = excluded.display_order;

insert into public.courses (id, program_id, group_id, category, code, title, credits, lecture_hours, practice_hours, lab_hours, kind, suggested_term, notes, counts_toward_gpa, counts_toward_progress, grading_mode)
values ('cntt-2024-che00081', 'cntt-2024', 'cntt-2024-general-education', 'general-education', 'CHE00081', 'Thực hành Hóa đại cương 1', 2, 0, 60, 0, 'elective', 2, null, true, true, 'numeric')
on conflict (id) do update set
  group_id = excluded.group_id,
  category = excluded.category,
  code = excluded.code,
  title = excluded.title,
  credits = excluded.credits,
  lecture_hours = excluded.lecture_hours,
  practice_hours = excluded.practice_hours,
  lab_hours = excluded.lab_hours,
  kind = excluded.kind,
  suggested_term = excluded.suggested_term,
  notes = excluded.notes,
  counts_toward_gpa = excluded.counts_toward_gpa,
  counts_toward_progress = excluded.counts_toward_progress,
  grading_mode = excluded.grading_mode;

insert into public.program_courses (id, program_id, catalog_course_id, group_id, category, kind, suggested_term, notes, counts_toward_gpa, counts_toward_progress, grading_mode, display_order)
values ('cntt-2024-csc10004', 'cntt-2024', 'CSC10004', 'cntt-2024-foundation', 'foundation', 'required', 2, null, true, true, 'numeric', 14)
on conflict (id) do update set
  program_id = excluded.program_id,
  catalog_course_id = excluded.catalog_course_id,
  group_id = excluded.group_id,
  category = excluded.category,
  kind = excluded.kind,
  suggested_term = excluded.suggested_term,
  notes = excluded.notes,
  counts_toward_gpa = excluded.counts_toward_gpa,
  counts_toward_progress = excluded.counts_toward_progress,
  grading_mode = excluded.grading_mode,
  display_order = excluded.display_order;

insert into public.courses (id, program_id, group_id, category, code, title, credits, lecture_hours, practice_hours, lab_hours, kind, suggested_term, notes, counts_toward_gpa, counts_toward_progress, grading_mode)
values ('cntt-2024-csc10004', 'cntt-2024', 'cntt-2024-foundation', 'foundation', 'CSC10004', 'Cấu trúc dữ liệu và giải thuật', 4, 45, 30, 0, 'required', 2, null, true, true, 'numeric')
on conflict (id) do update set
  group_id = excluded.group_id,
  category = excluded.category,
  code = excluded.code,
  title = excluded.title,
  credits = excluded.credits,
  lecture_hours = excluded.lecture_hours,
  practice_hours = excluded.practice_hours,
  lab_hours = excluded.lab_hours,
  kind = excluded.kind,
  suggested_term = excluded.suggested_term,
  notes = excluded.notes,
  counts_toward_gpa = excluded.counts_toward_gpa,
  counts_toward_progress = excluded.counts_toward_progress,
  grading_mode = excluded.grading_mode;

insert into public.program_courses (id, program_id, catalog_course_id, group_id, category, kind, suggested_term, notes, counts_toward_gpa, counts_toward_progress, grading_mode, display_order)
values ('cntt-2024-mth00022', 'cntt-2024', 'MTH00022', 'cntt-2024-general-education', 'general-education', 'required', 2, null, true, true, 'numeric', 15)
on conflict (id) do update set
  program_id = excluded.program_id,
  catalog_course_id = excluded.catalog_course_id,
  group_id = excluded.group_id,
  category = excluded.category,
  kind = excluded.kind,
  suggested_term = excluded.suggested_term,
  notes = excluded.notes,
  counts_toward_gpa = excluded.counts_toward_gpa,
  counts_toward_progress = excluded.counts_toward_progress,
  grading_mode = excluded.grading_mode,
  display_order = excluded.display_order;

insert into public.courses (id, program_id, group_id, category, code, title, credits, lecture_hours, practice_hours, lab_hours, kind, suggested_term, notes, counts_toward_gpa, counts_toward_progress, grading_mode)
values ('cntt-2024-mth00022', 'cntt-2024', 'cntt-2024-general-education', 'general-education', 'MTH00022', 'Vi tích phân 2', 4, 45, 30, 0, 'required', 2, null, true, true, 'numeric')
on conflict (id) do update set
  group_id = excluded.group_id,
  category = excluded.category,
  code = excluded.code,
  title = excluded.title,
  credits = excluded.credits,
  lecture_hours = excluded.lecture_hours,
  practice_hours = excluded.practice_hours,
  lab_hours = excluded.lab_hours,
  kind = excluded.kind,
  suggested_term = excluded.suggested_term,
  notes = excluded.notes,
  counts_toward_gpa = excluded.counts_toward_gpa,
  counts_toward_progress = excluded.counts_toward_progress,
  grading_mode = excluded.grading_mode;

insert into public.program_courses (id, program_id, catalog_course_id, group_id, category, kind, suggested_term, notes, counts_toward_gpa, counts_toward_progress, grading_mode, display_order)
values ('cntt-2024-mth00035', 'cntt-2024', 'MTH00035', 'cntt-2024-general-education', 'general-education', 'required', 2, null, true, true, 'numeric', 16)
on conflict (id) do update set
  program_id = excluded.program_id,
  catalog_course_id = excluded.catalog_course_id,
  group_id = excluded.group_id,
  category = excluded.category,
  kind = excluded.kind,
  suggested_term = excluded.suggested_term,
  notes = excluded.notes,
  counts_toward_gpa = excluded.counts_toward_gpa,
  counts_toward_progress = excluded.counts_toward_progress,
  grading_mode = excluded.grading_mode,
  display_order = excluded.display_order;

insert into public.courses (id, program_id, group_id, category, code, title, credits, lecture_hours, practice_hours, lab_hours, kind, suggested_term, notes, counts_toward_gpa, counts_toward_progress, grading_mode)
values ('cntt-2024-mth00035', 'cntt-2024', 'cntt-2024-general-education', 'general-education', 'MTH00035', 'Đại số tuyến tính', 4, 45, 30, 0, 'required', 2, null, true, true, 'numeric')
on conflict (id) do update set
  group_id = excluded.group_id,
  category = excluded.category,
  code = excluded.code,
  title = excluded.title,
  credits = excluded.credits,
  lecture_hours = excluded.lecture_hours,
  practice_hours = excluded.practice_hours,
  lab_hours = excluded.lab_hours,
  kind = excluded.kind,
  suggested_term = excluded.suggested_term,
  notes = excluded.notes,
  counts_toward_gpa = excluded.counts_toward_gpa,
  counts_toward_progress = excluded.counts_toward_progress,
  grading_mode = excluded.grading_mode;

insert into public.program_courses (id, program_id, catalog_course_id, group_id, category, kind, suggested_term, notes, counts_toward_gpa, counts_toward_progress, grading_mode, display_order)
values ('cntt-2024-phy00001', 'cntt-2024', 'PHY00001', 'cntt-2024-general-education', 'general-education', 'elective', 2, null, true, true, 'numeric', 17)
on conflict (id) do update set
  program_id = excluded.program_id,
  catalog_course_id = excluded.catalog_course_id,
  group_id = excluded.group_id,
  category = excluded.category,
  kind = excluded.kind,
  suggested_term = excluded.suggested_term,
  notes = excluded.notes,
  counts_toward_gpa = excluded.counts_toward_gpa,
  counts_toward_progress = excluded.counts_toward_progress,
  grading_mode = excluded.grading_mode,
  display_order = excluded.display_order;

insert into public.courses (id, program_id, group_id, category, code, title, credits, lecture_hours, practice_hours, lab_hours, kind, suggested_term, notes, counts_toward_gpa, counts_toward_progress, grading_mode)
values ('cntt-2024-phy00001', 'cntt-2024', 'cntt-2024-general-education', 'general-education', 'PHY00001', 'Vật lý đại cương 1 (Cơ - Nhiệt)', 3, 45, 0, 0, 'elective', 2, null, true, true, 'numeric')
on conflict (id) do update set
  group_id = excluded.group_id,
  category = excluded.category,
  code = excluded.code,
  title = excluded.title,
  credits = excluded.credits,
  lecture_hours = excluded.lecture_hours,
  practice_hours = excluded.practice_hours,
  lab_hours = excluded.lab_hours,
  kind = excluded.kind,
  suggested_term = excluded.suggested_term,
  notes = excluded.notes,
  counts_toward_gpa = excluded.counts_toward_gpa,
  counts_toward_progress = excluded.counts_toward_progress,
  grading_mode = excluded.grading_mode;

insert into public.program_courses (id, program_id, catalog_course_id, group_id, category, kind, suggested_term, notes, counts_toward_gpa, counts_toward_progress, grading_mode, display_order)
values ('cntt-2024-add00033', 'cntt-2024', 'ADD00033', 'cntt-2024-general-education', 'general-education', 'required', 3, null, false, false, 'numeric_or_pass_fail', 18)
on conflict (id) do update set
  program_id = excluded.program_id,
  catalog_course_id = excluded.catalog_course_id,
  group_id = excluded.group_id,
  category = excluded.category,
  kind = excluded.kind,
  suggested_term = excluded.suggested_term,
  notes = excluded.notes,
  counts_toward_gpa = excluded.counts_toward_gpa,
  counts_toward_progress = excluded.counts_toward_progress,
  grading_mode = excluded.grading_mode,
  display_order = excluded.display_order;

insert into public.courses (id, program_id, group_id, category, code, title, credits, lecture_hours, practice_hours, lab_hours, kind, suggested_term, notes, counts_toward_gpa, counts_toward_progress, grading_mode)
values ('cntt-2024-add00033', 'cntt-2024', 'cntt-2024-general-education', 'general-education', 'ADD00033', 'Anh văn 3', 3, 30, 30, 0, 'required', 3, null, false, false, 'numeric_or_pass_fail')
on conflict (id) do update set
  group_id = excluded.group_id,
  category = excluded.category,
  code = excluded.code,
  title = excluded.title,
  credits = excluded.credits,
  lecture_hours = excluded.lecture_hours,
  practice_hours = excluded.practice_hours,
  lab_hours = excluded.lab_hours,
  kind = excluded.kind,
  suggested_term = excluded.suggested_term,
  notes = excluded.notes,
  counts_toward_gpa = excluded.counts_toward_gpa,
  counts_toward_progress = excluded.counts_toward_progress,
  grading_mode = excluded.grading_mode;

insert into public.program_courses (id, program_id, catalog_course_id, group_id, category, kind, suggested_term, notes, counts_toward_gpa, counts_toward_progress, grading_mode, display_order)
values ('cntt-2024-bio00002', 'cntt-2024', 'BIO00002', 'cntt-2024-general-education', 'general-education', 'elective', 3, null, true, true, 'numeric', 19)
on conflict (id) do update set
  program_id = excluded.program_id,
  catalog_course_id = excluded.catalog_course_id,
  group_id = excluded.group_id,
  category = excluded.category,
  kind = excluded.kind,
  suggested_term = excluded.suggested_term,
  notes = excluded.notes,
  counts_toward_gpa = excluded.counts_toward_gpa,
  counts_toward_progress = excluded.counts_toward_progress,
  grading_mode = excluded.grading_mode,
  display_order = excluded.display_order;

insert into public.courses (id, program_id, group_id, category, code, title, credits, lecture_hours, practice_hours, lab_hours, kind, suggested_term, notes, counts_toward_gpa, counts_toward_progress, grading_mode)
values ('cntt-2024-bio00002', 'cntt-2024', 'cntt-2024-general-education', 'general-education', 'BIO00002', 'Sinh đại cương 2', 1, 0, 30, 0, 'elective', 3, null, true, true, 'numeric')
on conflict (id) do update set
  group_id = excluded.group_id,
  category = excluded.category,
  code = excluded.code,
  title = excluded.title,
  credits = excluded.credits,
  lecture_hours = excluded.lecture_hours,
  practice_hours = excluded.practice_hours,
  lab_hours = excluded.lab_hours,
  kind = excluded.kind,
  suggested_term = excluded.suggested_term,
  notes = excluded.notes,
  counts_toward_gpa = excluded.counts_toward_gpa,
  counts_toward_progress = excluded.counts_toward_progress,
  grading_mode = excluded.grading_mode;

insert into public.program_courses (id, program_id, catalog_course_id, group_id, category, kind, suggested_term, notes, counts_toward_gpa, counts_toward_progress, grading_mode, display_order)
values ('cntt-2024-bio00082', 'cntt-2024', 'BIO00082', 'cntt-2024-general-education', 'general-education', 'elective', 3, null, true, true, 'numeric', 20)
on conflict (id) do update set
  program_id = excluded.program_id,
  catalog_course_id = excluded.catalog_course_id,
  group_id = excluded.group_id,
  category = excluded.category,
  kind = excluded.kind,
  suggested_term = excluded.suggested_term,
  notes = excluded.notes,
  counts_toward_gpa = excluded.counts_toward_gpa,
  counts_toward_progress = excluded.counts_toward_progress,
  grading_mode = excluded.grading_mode,
  display_order = excluded.display_order;

insert into public.courses (id, program_id, group_id, category, code, title, credits, lecture_hours, practice_hours, lab_hours, kind, suggested_term, notes, counts_toward_gpa, counts_toward_progress, grading_mode)
values ('cntt-2024-bio00082', 'cntt-2024', 'cntt-2024-general-education', 'general-education', 'BIO00082', 'Thực tập Sinh đại cương 2', 1, 0, 30, 0, 'elective', 3, null, true, true, 'numeric')
on conflict (id) do update set
  group_id = excluded.group_id,
  category = excluded.category,
  code = excluded.code,
  title = excluded.title,
  credits = excluded.credits,
  lecture_hours = excluded.lecture_hours,
  practice_hours = excluded.practice_hours,
  lab_hours = excluded.lab_hours,
  kind = excluded.kind,
  suggested_term = excluded.suggested_term,
  notes = excluded.notes,
  counts_toward_gpa = excluded.counts_toward_gpa,
  counts_toward_progress = excluded.counts_toward_progress,
  grading_mode = excluded.grading_mode;

insert into public.program_courses (id, program_id, catalog_course_id, group_id, category, kind, suggested_term, notes, counts_toward_gpa, counts_toward_progress, grading_mode, display_order)
values ('cntt-2024-che00002', 'cntt-2024', 'CHE00002', 'cntt-2024-general-education', 'general-education', 'elective', 3, null, true, true, 'numeric', 21)
on conflict (id) do update set
  program_id = excluded.program_id,
  catalog_course_id = excluded.catalog_course_id,
  group_id = excluded.group_id,
  category = excluded.category,
  kind = excluded.kind,
  suggested_term = excluded.suggested_term,
  notes = excluded.notes,
  counts_toward_gpa = excluded.counts_toward_gpa,
  counts_toward_progress = excluded.counts_toward_progress,
  grading_mode = excluded.grading_mode,
  display_order = excluded.display_order;

insert into public.courses (id, program_id, group_id, category, code, title, credits, lecture_hours, practice_hours, lab_hours, kind, suggested_term, notes, counts_toward_gpa, counts_toward_progress, grading_mode)
values ('cntt-2024-che00002', 'cntt-2024', 'cntt-2024-general-education', 'general-education', 'CHE00002', 'Hóa đại cương 2', 3, 30, 0, 30, 'elective', 3, null, true, true, 'numeric')
on conflict (id) do update set
  group_id = excluded.group_id,
  category = excluded.category,
  code = excluded.code,
  title = excluded.title,
  credits = excluded.credits,
  lecture_hours = excluded.lecture_hours,
  practice_hours = excluded.practice_hours,
  lab_hours = excluded.lab_hours,
  kind = excluded.kind,
  suggested_term = excluded.suggested_term,
  notes = excluded.notes,
  counts_toward_gpa = excluded.counts_toward_gpa,
  counts_toward_progress = excluded.counts_toward_progress,
  grading_mode = excluded.grading_mode;

insert into public.program_courses (id, program_id, catalog_course_id, group_id, category, kind, suggested_term, notes, counts_toward_gpa, counts_toward_progress, grading_mode, display_order)
values ('cntt-2024-che00082', 'cntt-2024', 'CHE00082', 'cntt-2024-general-education', 'general-education', 'elective', 3, null, true, true, 'numeric', 22)
on conflict (id) do update set
  program_id = excluded.program_id,
  catalog_course_id = excluded.catalog_course_id,
  group_id = excluded.group_id,
  category = excluded.category,
  kind = excluded.kind,
  suggested_term = excluded.suggested_term,
  notes = excluded.notes,
  counts_toward_gpa = excluded.counts_toward_gpa,
  counts_toward_progress = excluded.counts_toward_progress,
  grading_mode = excluded.grading_mode,
  display_order = excluded.display_order;

insert into public.courses (id, program_id, group_id, category, code, title, credits, lecture_hours, practice_hours, lab_hours, kind, suggested_term, notes, counts_toward_gpa, counts_toward_progress, grading_mode)
values ('cntt-2024-che00082', 'cntt-2024', 'cntt-2024-general-education', 'general-education', 'CHE00082', 'Thực hành Hóa đại cương 2', 2, 0, 60, 0, 'elective', 3, null, true, true, 'numeric')
on conflict (id) do update set
  group_id = excluded.group_id,
  category = excluded.category,
  code = excluded.code,
  title = excluded.title,
  credits = excluded.credits,
  lecture_hours = excluded.lecture_hours,
  practice_hours = excluded.practice_hours,
  lab_hours = excluded.lab_hours,
  kind = excluded.kind,
  suggested_term = excluded.suggested_term,
  notes = excluded.notes,
  counts_toward_gpa = excluded.counts_toward_gpa,
  counts_toward_progress = excluded.counts_toward_progress,
  grading_mode = excluded.grading_mode;

insert into public.program_courses (id, program_id, catalog_course_id, group_id, category, kind, suggested_term, notes, counts_toward_gpa, counts_toward_progress, grading_mode, display_order)
values ('cntt-2024-csc10003', 'cntt-2024', 'CSC10003', 'cntt-2024-foundation', 'foundation', 'required', 3, null, true, true, 'numeric', 23)
on conflict (id) do update set
  program_id = excluded.program_id,
  catalog_course_id = excluded.catalog_course_id,
  group_id = excluded.group_id,
  category = excluded.category,
  kind = excluded.kind,
  suggested_term = excluded.suggested_term,
  notes = excluded.notes,
  counts_toward_gpa = excluded.counts_toward_gpa,
  counts_toward_progress = excluded.counts_toward_progress,
  grading_mode = excluded.grading_mode,
  display_order = excluded.display_order;

insert into public.courses (id, program_id, group_id, category, code, title, credits, lecture_hours, practice_hours, lab_hours, kind, suggested_term, notes, counts_toward_gpa, counts_toward_progress, grading_mode)
values ('cntt-2024-csc10003', 'cntt-2024', 'cntt-2024-foundation', 'foundation', 'CSC10003', 'Phương pháp lập trình hướng đối tượng', 4, 0, 10, 0, 'required', 3, null, true, true, 'numeric')
on conflict (id) do update set
  group_id = excluded.group_id,
  category = excluded.category,
  code = excluded.code,
  title = excluded.title,
  credits = excluded.credits,
  lecture_hours = excluded.lecture_hours,
  practice_hours = excluded.practice_hours,
  lab_hours = excluded.lab_hours,
  kind = excluded.kind,
  suggested_term = excluded.suggested_term,
  notes = excluded.notes,
  counts_toward_gpa = excluded.counts_toward_gpa,
  counts_toward_progress = excluded.counts_toward_progress,
  grading_mode = excluded.grading_mode;

insert into public.program_courses (id, program_id, catalog_course_id, group_id, category, kind, suggested_term, notes, counts_toward_gpa, counts_toward_progress, grading_mode, display_order)
values ('cntt-2024-csc10008', 'cntt-2024', 'CSC10008', 'cntt-2024-foundation', 'foundation', 'required', 3, null, true, true, 'numeric', 24)
on conflict (id) do update set
  program_id = excluded.program_id,
  catalog_course_id = excluded.catalog_course_id,
  group_id = excluded.group_id,
  category = excluded.category,
  kind = excluded.kind,
  suggested_term = excluded.suggested_term,
  notes = excluded.notes,
  counts_toward_gpa = excluded.counts_toward_gpa,
  counts_toward_progress = excluded.counts_toward_progress,
  grading_mode = excluded.grading_mode,
  display_order = excluded.display_order;

insert into public.courses (id, program_id, group_id, category, code, title, credits, lecture_hours, practice_hours, lab_hours, kind, suggested_term, notes, counts_toward_gpa, counts_toward_progress, grading_mode)
values ('cntt-2024-csc10008', 'cntt-2024', 'cntt-2024-foundation', 'foundation', 'CSC10008', 'Mạng máy tính', 4, 45, 30, 0, 'required', 3, null, true, true, 'numeric')
on conflict (id) do update set
  group_id = excluded.group_id,
  category = excluded.category,
  code = excluded.code,
  title = excluded.title,
  credits = excluded.credits,
  lecture_hours = excluded.lecture_hours,
  practice_hours = excluded.practice_hours,
  lab_hours = excluded.lab_hours,
  kind = excluded.kind,
  suggested_term = excluded.suggested_term,
  notes = excluded.notes,
  counts_toward_gpa = excluded.counts_toward_gpa,
  counts_toward_progress = excluded.counts_toward_progress,
  grading_mode = excluded.grading_mode;

insert into public.program_courses (id, program_id, catalog_course_id, group_id, category, kind, suggested_term, notes, counts_toward_gpa, counts_toward_progress, grading_mode, display_order)
values ('cntt-2024-mth00044', 'cntt-2024', 'MTH00044', 'cntt-2024-general-education', 'general-education', 'required', 3, null, true, true, 'numeric', 25)
on conflict (id) do update set
  program_id = excluded.program_id,
  catalog_course_id = excluded.catalog_course_id,
  group_id = excluded.group_id,
  category = excluded.category,
  kind = excluded.kind,
  suggested_term = excluded.suggested_term,
  notes = excluded.notes,
  counts_toward_gpa = excluded.counts_toward_gpa,
  counts_toward_progress = excluded.counts_toward_progress,
  grading_mode = excluded.grading_mode,
  display_order = excluded.display_order;

insert into public.courses (id, program_id, group_id, category, code, title, credits, lecture_hours, practice_hours, lab_hours, kind, suggested_term, notes, counts_toward_gpa, counts_toward_progress, grading_mode)
values ('cntt-2024-mth00044', 'cntt-2024', 'cntt-2024-general-education', 'general-education', 'MTH00044', 'Xác suất thống kê', 4, 45, 30, 0, 'required', 3, null, true, true, 'numeric')
on conflict (id) do update set
  group_id = excluded.group_id,
  category = excluded.category,
  code = excluded.code,
  title = excluded.title,
  credits = excluded.credits,
  lecture_hours = excluded.lecture_hours,
  practice_hours = excluded.practice_hours,
  lab_hours = excluded.lab_hours,
  kind = excluded.kind,
  suggested_term = excluded.suggested_term,
  notes = excluded.notes,
  counts_toward_gpa = excluded.counts_toward_gpa,
  counts_toward_progress = excluded.counts_toward_progress,
  grading_mode = excluded.grading_mode;

insert into public.program_courses (id, program_id, catalog_course_id, group_id, category, kind, suggested_term, notes, counts_toward_gpa, counts_toward_progress, grading_mode, display_order)
values ('cntt-2024-mth00050', 'cntt-2024', 'MTH00050', 'cntt-2024-general-education', 'general-education', 'required', 3, null, true, true, 'numeric', 26)
on conflict (id) do update set
  program_id = excluded.program_id,
  catalog_course_id = excluded.catalog_course_id,
  group_id = excluded.group_id,
  category = excluded.category,
  kind = excluded.kind,
  suggested_term = excluded.suggested_term,
  notes = excluded.notes,
  counts_toward_gpa = excluded.counts_toward_gpa,
  counts_toward_progress = excluded.counts_toward_progress,
  grading_mode = excluded.grading_mode,
  display_order = excluded.display_order;

insert into public.courses (id, program_id, group_id, category, code, title, credits, lecture_hours, practice_hours, lab_hours, kind, suggested_term, notes, counts_toward_gpa, counts_toward_progress, grading_mode)
values ('cntt-2024-mth00050', 'cntt-2024', 'cntt-2024-general-education', 'general-education', 'MTH00050', 'Toán học tổ hợp', 4, 45, 30, 0, 'required', 3, null, true, true, 'numeric')
on conflict (id) do update set
  group_id = excluded.group_id,
  category = excluded.category,
  code = excluded.code,
  title = excluded.title,
  credits = excluded.credits,
  lecture_hours = excluded.lecture_hours,
  practice_hours = excluded.practice_hours,
  lab_hours = excluded.lab_hours,
  kind = excluded.kind,
  suggested_term = excluded.suggested_term,
  notes = excluded.notes,
  counts_toward_gpa = excluded.counts_toward_gpa,
  counts_toward_progress = excluded.counts_toward_progress,
  grading_mode = excluded.grading_mode;

insert into public.program_courses (id, program_id, catalog_course_id, group_id, category, kind, suggested_term, notes, counts_toward_gpa, counts_toward_progress, grading_mode, display_order)
values ('cntt-2024-add00034', 'cntt-2024', 'ADD00034', 'cntt-2024-general-education', 'general-education', 'elective', 4, null, false, false, 'numeric_or_pass_fail', 27)
on conflict (id) do update set
  program_id = excluded.program_id,
  catalog_course_id = excluded.catalog_course_id,
  group_id = excluded.group_id,
  category = excluded.category,
  kind = excluded.kind,
  suggested_term = excluded.suggested_term,
  notes = excluded.notes,
  counts_toward_gpa = excluded.counts_toward_gpa,
  counts_toward_progress = excluded.counts_toward_progress,
  grading_mode = excluded.grading_mode,
  display_order = excluded.display_order;

insert into public.courses (id, program_id, group_id, category, code, title, credits, lecture_hours, practice_hours, lab_hours, kind, suggested_term, notes, counts_toward_gpa, counts_toward_progress, grading_mode)
values ('cntt-2024-add00034', 'cntt-2024', 'cntt-2024-general-education', 'general-education', 'ADD00034', 'Anh văn 4', 3, 30, 30, 0, 'elective', 4, null, false, false, 'numeric_or_pass_fail')
on conflict (id) do update set
  group_id = excluded.group_id,
  category = excluded.category,
  code = excluded.code,
  title = excluded.title,
  credits = excluded.credits,
  lecture_hours = excluded.lecture_hours,
  practice_hours = excluded.practice_hours,
  lab_hours = excluded.lab_hours,
  kind = excluded.kind,
  suggested_term = excluded.suggested_term,
  notes = excluded.notes,
  counts_toward_gpa = excluded.counts_toward_gpa,
  counts_toward_progress = excluded.counts_toward_progress,
  grading_mode = excluded.grading_mode;

insert into public.program_courses (id, program_id, catalog_course_id, group_id, category, kind, suggested_term, notes, counts_toward_gpa, counts_toward_progress, grading_mode, display_order)
values ('cntt-2024-baa00005', 'cntt-2024', 'BAA00005', 'cntt-2024-general-education', 'general-education', 'elective', 4, null, true, true, 'numeric', 28)
on conflict (id) do update set
  program_id = excluded.program_id,
  catalog_course_id = excluded.catalog_course_id,
  group_id = excluded.group_id,
  category = excluded.category,
  kind = excluded.kind,
  suggested_term = excluded.suggested_term,
  notes = excluded.notes,
  counts_toward_gpa = excluded.counts_toward_gpa,
  counts_toward_progress = excluded.counts_toward_progress,
  grading_mode = excluded.grading_mode,
  display_order = excluded.display_order;

insert into public.courses (id, program_id, group_id, category, code, title, credits, lecture_hours, practice_hours, lab_hours, kind, suggested_term, notes, counts_toward_gpa, counts_toward_progress, grading_mode)
values ('cntt-2024-baa00005', 'cntt-2024', 'cntt-2024-general-education', 'general-education', 'BAA00005', 'Kinh tế đại cương', 2, 30, 0, 0, 'elective', 4, null, true, true, 'numeric')
on conflict (id) do update set
  group_id = excluded.group_id,
  category = excluded.category,
  code = excluded.code,
  title = excluded.title,
  credits = excluded.credits,
  lecture_hours = excluded.lecture_hours,
  practice_hours = excluded.practice_hours,
  lab_hours = excluded.lab_hours,
  kind = excluded.kind,
  suggested_term = excluded.suggested_term,
  notes = excluded.notes,
  counts_toward_gpa = excluded.counts_toward_gpa,
  counts_toward_progress = excluded.counts_toward_progress,
  grading_mode = excluded.grading_mode;

insert into public.program_courses (id, program_id, catalog_course_id, group_id, category, kind, suggested_term, notes, counts_toward_gpa, counts_toward_progress, grading_mode, display_order)
values ('cntt-2024-baa00006', 'cntt-2024', 'BAA00006', 'cntt-2024-general-education', 'general-education', 'required', 4, null, true, true, 'numeric', 29)
on conflict (id) do update set
  program_id = excluded.program_id,
  catalog_course_id = excluded.catalog_course_id,
  group_id = excluded.group_id,
  category = excluded.category,
  kind = excluded.kind,
  suggested_term = excluded.suggested_term,
  notes = excluded.notes,
  counts_toward_gpa = excluded.counts_toward_gpa,
  counts_toward_progress = excluded.counts_toward_progress,
  grading_mode = excluded.grading_mode,
  display_order = excluded.display_order;

insert into public.courses (id, program_id, group_id, category, code, title, credits, lecture_hours, practice_hours, lab_hours, kind, suggested_term, notes, counts_toward_gpa, counts_toward_progress, grading_mode)
values ('cntt-2024-baa00006', 'cntt-2024', 'cntt-2024-general-education', 'general-education', 'BAA00006', 'Tâm lý đại cương', 2, 30, 0, 5, 'required', 4, null, true, true, 'numeric')
on conflict (id) do update set
  group_id = excluded.group_id,
  category = excluded.category,
  code = excluded.code,
  title = excluded.title,
  credits = excluded.credits,
  lecture_hours = excluded.lecture_hours,
  practice_hours = excluded.practice_hours,
  lab_hours = excluded.lab_hours,
  kind = excluded.kind,
  suggested_term = excluded.suggested_term,
  notes = excluded.notes,
  counts_toward_gpa = excluded.counts_toward_gpa,
  counts_toward_progress = excluded.counts_toward_progress,
  grading_mode = excluded.grading_mode;

insert into public.program_courses (id, program_id, catalog_course_id, group_id, category, kind, suggested_term, notes, counts_toward_gpa, counts_toward_progress, grading_mode, display_order)
values ('cntt-2024-baa00007', 'cntt-2024', 'BAA00007', 'cntt-2024-general-education', 'general-education', 'elective', 4, null, true, true, 'numeric', 30)
on conflict (id) do update set
  program_id = excluded.program_id,
  catalog_course_id = excluded.catalog_course_id,
  group_id = excluded.group_id,
  category = excluded.category,
  kind = excluded.kind,
  suggested_term = excluded.suggested_term,
  notes = excluded.notes,
  counts_toward_gpa = excluded.counts_toward_gpa,
  counts_toward_progress = excluded.counts_toward_progress,
  grading_mode = excluded.grading_mode,
  display_order = excluded.display_order;

insert into public.courses (id, program_id, group_id, category, code, title, credits, lecture_hours, practice_hours, lab_hours, kind, suggested_term, notes, counts_toward_gpa, counts_toward_progress, grading_mode)
values ('cntt-2024-baa00007', 'cntt-2024', 'cntt-2024-general-education', 'general-education', 'BAA00007', 'Phương pháp luận sáng tạo', 2, 30, 0, 0, 'elective', 4, null, true, true, 'numeric')
on conflict (id) do update set
  group_id = excluded.group_id,
  category = excluded.category,
  code = excluded.code,
  title = excluded.title,
  credits = excluded.credits,
  lecture_hours = excluded.lecture_hours,
  practice_hours = excluded.practice_hours,
  lab_hours = excluded.lab_hours,
  kind = excluded.kind,
  suggested_term = excluded.suggested_term,
  notes = excluded.notes,
  counts_toward_gpa = excluded.counts_toward_gpa,
  counts_toward_progress = excluded.counts_toward_progress,
  grading_mode = excluded.grading_mode;

insert into public.program_courses (id, program_id, catalog_course_id, group_id, category, kind, suggested_term, notes, counts_toward_gpa, counts_toward_progress, grading_mode, display_order)
values ('cntt-2024-baa00101', 'cntt-2024', 'BAA00101', 'cntt-2024-general-education', 'general-education', 'required', 4, null, true, true, 'numeric', 31)
on conflict (id) do update set
  program_id = excluded.program_id,
  catalog_course_id = excluded.catalog_course_id,
  group_id = excluded.group_id,
  category = excluded.category,
  kind = excluded.kind,
  suggested_term = excluded.suggested_term,
  notes = excluded.notes,
  counts_toward_gpa = excluded.counts_toward_gpa,
  counts_toward_progress = excluded.counts_toward_progress,
  grading_mode = excluded.grading_mode,
  display_order = excluded.display_order;

insert into public.courses (id, program_id, group_id, category, code, title, credits, lecture_hours, practice_hours, lab_hours, kind, suggested_term, notes, counts_toward_gpa, counts_toward_progress, grading_mode)
values ('cntt-2024-baa00101', 'cntt-2024', 'cntt-2024-general-education', 'general-education', 'BAA00101', 'Triết học Mác - Lênin', 3, 45, 0, 0, 'required', 4, null, true, true, 'numeric')
on conflict (id) do update set
  group_id = excluded.group_id,
  category = excluded.category,
  code = excluded.code,
  title = excluded.title,
  credits = excluded.credits,
  lecture_hours = excluded.lecture_hours,
  practice_hours = excluded.practice_hours,
  lab_hours = excluded.lab_hours,
  kind = excluded.kind,
  suggested_term = excluded.suggested_term,
  notes = excluded.notes,
  counts_toward_gpa = excluded.counts_toward_gpa,
  counts_toward_progress = excluded.counts_toward_progress,
  grading_mode = excluded.grading_mode;

insert into public.program_courses (id, program_id, catalog_course_id, group_id, category, kind, suggested_term, notes, counts_toward_gpa, counts_toward_progress, grading_mode, display_order)
values ('cntt-2024-csc10006', 'cntt-2024', 'CSC10006', 'cntt-2024-foundation', 'foundation', 'required', 4, null, true, true, 'numeric', 32)
on conflict (id) do update set
  program_id = excluded.program_id,
  catalog_course_id = excluded.catalog_course_id,
  group_id = excluded.group_id,
  category = excluded.category,
  kind = excluded.kind,
  suggested_term = excluded.suggested_term,
  notes = excluded.notes,
  counts_toward_gpa = excluded.counts_toward_gpa,
  counts_toward_progress = excluded.counts_toward_progress,
  grading_mode = excluded.grading_mode,
  display_order = excluded.display_order;

insert into public.courses (id, program_id, group_id, category, code, title, credits, lecture_hours, practice_hours, lab_hours, kind, suggested_term, notes, counts_toward_gpa, counts_toward_progress, grading_mode)
values ('cntt-2024-csc10006', 'cntt-2024', 'cntt-2024-foundation', 'foundation', 'CSC10006', 'Cơ sở dữ liệu', 4, 4, 2, 0, 'required', 4, null, true, true, 'numeric')
on conflict (id) do update set
  group_id = excluded.group_id,
  category = excluded.category,
  code = excluded.code,
  title = excluded.title,
  credits = excluded.credits,
  lecture_hours = excluded.lecture_hours,
  practice_hours = excluded.practice_hours,
  lab_hours = excluded.lab_hours,
  kind = excluded.kind,
  suggested_term = excluded.suggested_term,
  notes = excluded.notes,
  counts_toward_gpa = excluded.counts_toward_gpa,
  counts_toward_progress = excluded.counts_toward_progress,
  grading_mode = excluded.grading_mode;

insert into public.program_courses (id, program_id, catalog_course_id, group_id, category, kind, suggested_term, notes, counts_toward_gpa, counts_toward_progress, grading_mode, display_order)
values ('cntt-2024-csc10009', 'cntt-2024', 'CSC10009', 'cntt-2024-foundation', 'foundation', 'required', 4, null, true, true, 'numeric', 33)
on conflict (id) do update set
  program_id = excluded.program_id,
  catalog_course_id = excluded.catalog_course_id,
  group_id = excluded.group_id,
  category = excluded.category,
  kind = excluded.kind,
  suggested_term = excluded.suggested_term,
  notes = excluded.notes,
  counts_toward_gpa = excluded.counts_toward_gpa,
  counts_toward_progress = excluded.counts_toward_progress,
  grading_mode = excluded.grading_mode,
  display_order = excluded.display_order;

insert into public.courses (id, program_id, group_id, category, code, title, credits, lecture_hours, practice_hours, lab_hours, kind, suggested_term, notes, counts_toward_gpa, counts_toward_progress, grading_mode)
values ('cntt-2024-csc10009', 'cntt-2024', 'cntt-2024-foundation', 'foundation', 'CSC10009', 'Hệ thống máy tính', 2, 30, 0, 0, 'required', 4, null, true, true, 'numeric')
on conflict (id) do update set
  group_id = excluded.group_id,
  category = excluded.category,
  code = excluded.code,
  title = excluded.title,
  credits = excluded.credits,
  lecture_hours = excluded.lecture_hours,
  practice_hours = excluded.practice_hours,
  lab_hours = excluded.lab_hours,
  kind = excluded.kind,
  suggested_term = excluded.suggested_term,
  notes = excluded.notes,
  counts_toward_gpa = excluded.counts_toward_gpa,
  counts_toward_progress = excluded.counts_toward_progress,
  grading_mode = excluded.grading_mode;

insert into public.program_courses (id, program_id, catalog_course_id, group_id, category, kind, suggested_term, notes, counts_toward_gpa, counts_toward_progress, grading_mode, display_order)
values ('cntt-2024-csc10014', 'cntt-2024', 'CSC10014', 'cntt-2024-foundation', 'foundation', 'required', 4, null, true, true, 'numeric', 34)
on conflict (id) do update set
  program_id = excluded.program_id,
  catalog_course_id = excluded.catalog_course_id,
  group_id = excluded.group_id,
  category = excluded.category,
  kind = excluded.kind,
  suggested_term = excluded.suggested_term,
  notes = excluded.notes,
  counts_toward_gpa = excluded.counts_toward_gpa,
  counts_toward_progress = excluded.counts_toward_progress,
  grading_mode = excluded.grading_mode,
  display_order = excluded.display_order;

insert into public.courses (id, program_id, group_id, category, code, title, credits, lecture_hours, practice_hours, lab_hours, kind, suggested_term, notes, counts_toward_gpa, counts_toward_progress, grading_mode)
values ('cntt-2024-csc10014', 'cntt-2024', 'cntt-2024-foundation', 'foundation', 'CSC10014', 'Tư duy tính toán', 4, 45, 30, 0, 'required', 4, null, true, true, 'numeric')
on conflict (id) do update set
  group_id = excluded.group_id,
  category = excluded.category,
  code = excluded.code,
  title = excluded.title,
  credits = excluded.credits,
  lecture_hours = excluded.lecture_hours,
  practice_hours = excluded.practice_hours,
  lab_hours = excluded.lab_hours,
  kind = excluded.kind,
  suggested_term = excluded.suggested_term,
  notes = excluded.notes,
  counts_toward_gpa = excluded.counts_toward_gpa,
  counts_toward_progress = excluded.counts_toward_progress,
  grading_mode = excluded.grading_mode;

insert into public.program_courses (id, program_id, catalog_course_id, group_id, category, kind, suggested_term, notes, counts_toward_gpa, counts_toward_progress, grading_mode, display_order)
values ('cntt-2024-mth00051', 'cntt-2024', 'MTH00051', 'cntt-2024-general-education', 'general-education', 'elective', 4, null, true, true, 'numeric', 35)
on conflict (id) do update set
  program_id = excluded.program_id,
  catalog_course_id = excluded.catalog_course_id,
  group_id = excluded.group_id,
  category = excluded.category,
  kind = excluded.kind,
  suggested_term = excluded.suggested_term,
  notes = excluded.notes,
  counts_toward_gpa = excluded.counts_toward_gpa,
  counts_toward_progress = excluded.counts_toward_progress,
  grading_mode = excluded.grading_mode,
  display_order = excluded.display_order;

insert into public.courses (id, program_id, group_id, category, code, title, credits, lecture_hours, practice_hours, lab_hours, kind, suggested_term, notes, counts_toward_gpa, counts_toward_progress, grading_mode)
values ('cntt-2024-mth00051', 'cntt-2024', 'cntt-2024-general-education', 'general-education', 'MTH00051', 'Toán ứng dụng và thống kê', 4, 45, 0, 30, 'elective', 4, null, true, true, 'numeric')
on conflict (id) do update set
  group_id = excluded.group_id,
  category = excluded.category,
  code = excluded.code,
  title = excluded.title,
  credits = excluded.credits,
  lecture_hours = excluded.lecture_hours,
  practice_hours = excluded.practice_hours,
  lab_hours = excluded.lab_hours,
  kind = excluded.kind,
  suggested_term = excluded.suggested_term,
  notes = excluded.notes,
  counts_toward_gpa = excluded.counts_toward_gpa,
  counts_toward_progress = excluded.counts_toward_progress,
  grading_mode = excluded.grading_mode;

insert into public.program_courses (id, program_id, catalog_course_id, group_id, category, kind, suggested_term, notes, counts_toward_gpa, counts_toward_progress, grading_mode, display_order)
values ('cntt-2024-mth00052', 'cntt-2024', 'MTH00052', 'cntt-2024-general-education', 'general-education', 'required', 4, null, true, true, 'numeric', 36)
on conflict (id) do update set
  program_id = excluded.program_id,
  catalog_course_id = excluded.catalog_course_id,
  group_id = excluded.group_id,
  category = excluded.category,
  kind = excluded.kind,
  suggested_term = excluded.suggested_term,
  notes = excluded.notes,
  counts_toward_gpa = excluded.counts_toward_gpa,
  counts_toward_progress = excluded.counts_toward_progress,
  grading_mode = excluded.grading_mode,
  display_order = excluded.display_order;

insert into public.courses (id, program_id, group_id, category, code, title, credits, lecture_hours, practice_hours, lab_hours, kind, suggested_term, notes, counts_toward_gpa, counts_toward_progress, grading_mode)
values ('cntt-2024-mth00052', 'cntt-2024', 'cntt-2024-general-education', 'general-education', 'MTH00052', 'Phương pháp tính', 4, 45, 0, 0, 'required', 4, null, true, true, 'numeric')
on conflict (id) do update set
  group_id = excluded.group_id,
  category = excluded.category,
  code = excluded.code,
  title = excluded.title,
  credits = excluded.credits,
  lecture_hours = excluded.lecture_hours,
  practice_hours = excluded.practice_hours,
  lab_hours = excluded.lab_hours,
  kind = excluded.kind,
  suggested_term = excluded.suggested_term,
  notes = excluded.notes,
  counts_toward_gpa = excluded.counts_toward_gpa,
  counts_toward_progress = excluded.counts_toward_progress,
  grading_mode = excluded.grading_mode;

insert into public.program_courses (id, program_id, catalog_course_id, group_id, category, kind, suggested_term, notes, counts_toward_gpa, counts_toward_progress, grading_mode, display_order)
values ('cntt-2024-mth00053', 'cntt-2024', 'MTH00053', 'cntt-2024-general-education', 'general-education', 'elective', 4, null, true, true, 'numeric', 37)
on conflict (id) do update set
  program_id = excluded.program_id,
  catalog_course_id = excluded.catalog_course_id,
  group_id = excluded.group_id,
  category = excluded.category,
  kind = excluded.kind,
  suggested_term = excluded.suggested_term,
  notes = excluded.notes,
  counts_toward_gpa = excluded.counts_toward_gpa,
  counts_toward_progress = excluded.counts_toward_progress,
  grading_mode = excluded.grading_mode,
  display_order = excluded.display_order;

insert into public.courses (id, program_id, group_id, category, code, title, credits, lecture_hours, practice_hours, lab_hours, kind, suggested_term, notes, counts_toward_gpa, counts_toward_progress, grading_mode)
values ('cntt-2024-mth00053', 'cntt-2024', 'cntt-2024-general-education', 'general-education', 'MTH00053', 'Lý thuyết số', 4, 45, 30, 0, 'elective', 4, null, true, true, 'numeric')
on conflict (id) do update set
  group_id = excluded.group_id,
  category = excluded.category,
  code = excluded.code,
  title = excluded.title,
  credits = excluded.credits,
  lecture_hours = excluded.lecture_hours,
  practice_hours = excluded.practice_hours,
  lab_hours = excluded.lab_hours,
  kind = excluded.kind,
  suggested_term = excluded.suggested_term,
  notes = excluded.notes,
  counts_toward_gpa = excluded.counts_toward_gpa,
  counts_toward_progress = excluded.counts_toward_progress,
  grading_mode = excluded.grading_mode;

insert into public.program_courses (id, program_id, catalog_course_id, group_id, category, kind, suggested_term, notes, counts_toward_gpa, counts_toward_progress, grading_mode, display_order)
values ('cntt-2024-baa00102', 'cntt-2024', 'BAA00102', 'cntt-2024-general-education', 'general-education', 'required', 5, null, true, true, 'numeric', 38)
on conflict (id) do update set
  program_id = excluded.program_id,
  catalog_course_id = excluded.catalog_course_id,
  group_id = excluded.group_id,
  category = excluded.category,
  kind = excluded.kind,
  suggested_term = excluded.suggested_term,
  notes = excluded.notes,
  counts_toward_gpa = excluded.counts_toward_gpa,
  counts_toward_progress = excluded.counts_toward_progress,
  grading_mode = excluded.grading_mode,
  display_order = excluded.display_order;

insert into public.courses (id, program_id, group_id, category, code, title, credits, lecture_hours, practice_hours, lab_hours, kind, suggested_term, notes, counts_toward_gpa, counts_toward_progress, grading_mode)
values ('cntt-2024-baa00102', 'cntt-2024', 'cntt-2024-general-education', 'general-education', 'BAA00102', 'Kinh tế chính trị Mác - Lênin', 2, 30, 0, 0, 'required', 5, null, true, true, 'numeric')
on conflict (id) do update set
  group_id = excluded.group_id,
  category = excluded.category,
  code = excluded.code,
  title = excluded.title,
  credits = excluded.credits,
  lecture_hours = excluded.lecture_hours,
  practice_hours = excluded.practice_hours,
  lab_hours = excluded.lab_hours,
  kind = excluded.kind,
  suggested_term = excluded.suggested_term,
  notes = excluded.notes,
  counts_toward_gpa = excluded.counts_toward_gpa,
  counts_toward_progress = excluded.counts_toward_progress,
  grading_mode = excluded.grading_mode;

insert into public.program_courses (id, program_id, catalog_course_id, group_id, category, kind, suggested_term, notes, counts_toward_gpa, counts_toward_progress, grading_mode, display_order)
values ('cntt-2024-csc10007', 'cntt-2024', 'CSC10007', 'cntt-2024-foundation', 'foundation', 'required', 5, null, true, true, 'numeric', 39)
on conflict (id) do update set
  program_id = excluded.program_id,
  catalog_course_id = excluded.catalog_course_id,
  group_id = excluded.group_id,
  category = excluded.category,
  kind = excluded.kind,
  suggested_term = excluded.suggested_term,
  notes = excluded.notes,
  counts_toward_gpa = excluded.counts_toward_gpa,
  counts_toward_progress = excluded.counts_toward_progress,
  grading_mode = excluded.grading_mode,
  display_order = excluded.display_order;

insert into public.courses (id, program_id, group_id, category, code, title, credits, lecture_hours, practice_hours, lab_hours, kind, suggested_term, notes, counts_toward_gpa, counts_toward_progress, grading_mode)
values ('cntt-2024-csc10007', 'cntt-2024', 'cntt-2024-foundation', 'foundation', 'CSC10007', 'Hệ điều hành', 4, 45, 30, 0, 'required', 5, null, true, true, 'numeric')
on conflict (id) do update set
  group_id = excluded.group_id,
  category = excluded.category,
  code = excluded.code,
  title = excluded.title,
  credits = excluded.credits,
  lecture_hours = excluded.lecture_hours,
  practice_hours = excluded.practice_hours,
  lab_hours = excluded.lab_hours,
  kind = excluded.kind,
  suggested_term = excluded.suggested_term,
  notes = excluded.notes,
  counts_toward_gpa = excluded.counts_toward_gpa,
  counts_toward_progress = excluded.counts_toward_progress,
  grading_mode = excluded.grading_mode;

insert into public.program_courses (id, program_id, catalog_course_id, group_id, category, kind, suggested_term, notes, counts_toward_gpa, counts_toward_progress, grading_mode, display_order)
values ('cntt-2024-csc10102', 'cntt-2024', 'CSC10102', 'cntt-2024-major-core', 'major-core', 'elective', 5, null, true, true, 'numeric', 40)
on conflict (id) do update set
  program_id = excluded.program_id,
  catalog_course_id = excluded.catalog_course_id,
  group_id = excluded.group_id,
  category = excluded.category,
  kind = excluded.kind,
  suggested_term = excluded.suggested_term,
  notes = excluded.notes,
  counts_toward_gpa = excluded.counts_toward_gpa,
  counts_toward_progress = excluded.counts_toward_progress,
  grading_mode = excluded.grading_mode,
  display_order = excluded.display_order;

insert into public.courses (id, program_id, group_id, category, code, title, credits, lecture_hours, practice_hours, lab_hours, kind, suggested_term, notes, counts_toward_gpa, counts_toward_progress, grading_mode)
values ('cntt-2024-csc10102', 'cntt-2024', 'cntt-2024-major-core', 'major-core', 'CSC10102', 'Kiến tập nghề nghiệp kho', 2, 15, 30, 0, 'elective', 5, null, true, true, 'numeric')
on conflict (id) do update set
  group_id = excluded.group_id,
  category = excluded.category,
  code = excluded.code,
  title = excluded.title,
  credits = excluded.credits,
  lecture_hours = excluded.lecture_hours,
  practice_hours = excluded.practice_hours,
  lab_hours = excluded.lab_hours,
  kind = excluded.kind,
  suggested_term = excluded.suggested_term,
  notes = excluded.notes,
  counts_toward_gpa = excluded.counts_toward_gpa,
  counts_toward_progress = excluded.counts_toward_progress,
  grading_mode = excluded.grading_mode;

insert into public.program_courses (id, program_id, catalog_course_id, group_id, category, kind, suggested_term, notes, counts_toward_gpa, counts_toward_progress, grading_mode, display_order)
values ('cntt-2024-csc10103', 'cntt-2024', 'CSC10103', 'cntt-2024-major-core', 'major-core', 'elective', 5, null, true, true, 'numeric', 41)
on conflict (id) do update set
  program_id = excluded.program_id,
  catalog_course_id = excluded.catalog_course_id,
  group_id = excluded.group_id,
  category = excluded.category,
  kind = excluded.kind,
  suggested_term = excluded.suggested_term,
  notes = excluded.notes,
  counts_toward_gpa = excluded.counts_toward_gpa,
  counts_toward_progress = excluded.counts_toward_progress,
  grading_mode = excluded.grading_mode,
  display_order = excluded.display_order;

insert into public.courses (id, program_id, group_id, category, code, title, credits, lecture_hours, practice_hours, lab_hours, kind, suggested_term, notes, counts_toward_gpa, counts_toward_progress, grading_mode)
values ('cntt-2024-csc10103', 'cntt-2024', 'cntt-2024-major-core', 'major-core', 'CSC10103', 'Khởi nghiệp', 3, 30, 30, 0, 'elective', 5, null, true, true, 'numeric')
on conflict (id) do update set
  group_id = excluded.group_id,
  category = excluded.category,
  code = excluded.code,
  title = excluded.title,
  credits = excluded.credits,
  lecture_hours = excluded.lecture_hours,
  practice_hours = excluded.practice_hours,
  lab_hours = excluded.lab_hours,
  kind = excluded.kind,
  suggested_term = excluded.suggested_term,
  notes = excluded.notes,
  counts_toward_gpa = excluded.counts_toward_gpa,
  counts_toward_progress = excluded.counts_toward_progress,
  grading_mode = excluded.grading_mode;

insert into public.program_courses (id, program_id, catalog_course_id, group_id, category, kind, suggested_term, notes, counts_toward_gpa, counts_toward_progress, grading_mode, display_order)
values ('cntt-2024-csc10104', 'cntt-2024', 'CSC10104', 'cntt-2024-major-core', 'major-core', 'elective', 5, null, true, true, 'numeric', 42)
on conflict (id) do update set
  program_id = excluded.program_id,
  catalog_course_id = excluded.catalog_course_id,
  group_id = excluded.group_id,
  category = excluded.category,
  kind = excluded.kind,
  suggested_term = excluded.suggested_term,
  notes = excluded.notes,
  counts_toward_gpa = excluded.counts_toward_gpa,
  counts_toward_progress = excluded.counts_toward_progress,
  grading_mode = excluded.grading_mode,
  display_order = excluded.display_order;

insert into public.courses (id, program_id, group_id, category, code, title, credits, lecture_hours, practice_hours, lab_hours, kind, suggested_term, notes, counts_toward_gpa, counts_toward_progress, grading_mode)
values ('cntt-2024-csc10104', 'cntt-2024', 'cntt-2024-major-core', 'major-core', 'CSC10104', 'Quy hoạch tuyến tính', 4, 45, 30, 0, 'elective', 5, null, true, true, 'numeric')
on conflict (id) do update set
  group_id = excluded.group_id,
  category = excluded.category,
  code = excluded.code,
  title = excluded.title,
  credits = excluded.credits,
  lecture_hours = excluded.lecture_hours,
  practice_hours = excluded.practice_hours,
  lab_hours = excluded.lab_hours,
  kind = excluded.kind,
  suggested_term = excluded.suggested_term,
  notes = excluded.notes,
  counts_toward_gpa = excluded.counts_toward_gpa,
  counts_toward_progress = excluded.counts_toward_progress,
  grading_mode = excluded.grading_mode;

insert into public.program_courses (id, program_id, catalog_course_id, group_id, category, kind, suggested_term, notes, counts_toward_gpa, counts_toward_progress, grading_mode, display_order)
values ('cntt-2024-csc10105', 'cntt-2024', 'CSC10105', 'cntt-2024-major-core', 'major-core', 'elective', 5, null, true, true, 'numeric', 43)
on conflict (id) do update set
  program_id = excluded.program_id,
  catalog_course_id = excluded.catalog_course_id,
  group_id = excluded.group_id,
  category = excluded.category,
  kind = excluded.kind,
  suggested_term = excluded.suggested_term,
  notes = excluded.notes,
  counts_toward_gpa = excluded.counts_toward_gpa,
  counts_toward_progress = excluded.counts_toward_progress,
  grading_mode = excluded.grading_mode,
  display_order = excluded.display_order;

insert into public.courses (id, program_id, group_id, category, code, title, credits, lecture_hours, practice_hours, lab_hours, kind, suggested_term, notes, counts_toward_gpa, counts_toward_progress, grading_mode)
values ('cntt-2024-csc10105', 'cntt-2024', 'cntt-2024-major-core', 'major-core', 'CSC10105', 'Nhập môn tư duy thuật toán', 4, 45, 30, 0, 'elective', 5, null, true, true, 'numeric')
on conflict (id) do update set
  group_id = excluded.group_id,
  category = excluded.category,
  code = excluded.code,
  title = excluded.title,
  credits = excluded.credits,
  lecture_hours = excluded.lecture_hours,
  practice_hours = excluded.practice_hours,
  lab_hours = excluded.lab_hours,
  kind = excluded.kind,
  suggested_term = excluded.suggested_term,
  notes = excluded.notes,
  counts_toward_gpa = excluded.counts_toward_gpa,
  counts_toward_progress = excluded.counts_toward_progress,
  grading_mode = excluded.grading_mode;

insert into public.program_courses (id, program_id, catalog_course_id, group_id, category, kind, suggested_term, notes, counts_toward_gpa, counts_toward_progress, grading_mode, display_order)
values ('cntt-2024-csc10106', 'cntt-2024', 'CSC10106', 'cntt-2024-major-core', 'major-core', 'elective', 5, null, true, true, 'numeric', 44)
on conflict (id) do update set
  program_id = excluded.program_id,
  catalog_course_id = excluded.catalog_course_id,
  group_id = excluded.group_id,
  category = excluded.category,
  kind = excluded.kind,
  suggested_term = excluded.suggested_term,
  notes = excluded.notes,
  counts_toward_gpa = excluded.counts_toward_gpa,
  counts_toward_progress = excluded.counts_toward_progress,
  grading_mode = excluded.grading_mode,
  display_order = excluded.display_order;

insert into public.courses (id, program_id, group_id, category, code, title, credits, lecture_hours, practice_hours, lab_hours, kind, suggested_term, notes, counts_toward_gpa, counts_toward_progress, grading_mode)
values ('cntt-2024-csc10106', 'cntt-2024', 'cntt-2024-major-core', 'major-core', 'CSC10106', 'Thuật toán tổ hợp và ứng dụng', 4, 45, 30, 0, 'elective', 5, null, true, true, 'numeric')
on conflict (id) do update set
  group_id = excluded.group_id,
  category = excluded.category,
  code = excluded.code,
  title = excluded.title,
  credits = excluded.credits,
  lecture_hours = excluded.lecture_hours,
  practice_hours = excluded.practice_hours,
  lab_hours = excluded.lab_hours,
  kind = excluded.kind,
  suggested_term = excluded.suggested_term,
  notes = excluded.notes,
  counts_toward_gpa = excluded.counts_toward_gpa,
  counts_toward_progress = excluded.counts_toward_progress,
  grading_mode = excluded.grading_mode;

insert into public.program_courses (id, program_id, catalog_course_id, group_id, category, kind, suggested_term, notes, counts_toward_gpa, counts_toward_progress, grading_mode, display_order)
values ('cntt-2024-csc10108', 'cntt-2024', 'CSC10108', 'cntt-2024-major-core', 'major-core', 'required', 5, null, true, true, 'numeric', 45)
on conflict (id) do update set
  program_id = excluded.program_id,
  catalog_course_id = excluded.catalog_course_id,
  group_id = excluded.group_id,
  category = excluded.category,
  kind = excluded.kind,
  suggested_term = excluded.suggested_term,
  notes = excluded.notes,
  counts_toward_gpa = excluded.counts_toward_gpa,
  counts_toward_progress = excluded.counts_toward_progress,
  grading_mode = excluded.grading_mode,
  display_order = excluded.display_order;

insert into public.courses (id, program_id, group_id, category, code, title, credits, lecture_hours, practice_hours, lab_hours, kind, suggested_term, notes, counts_toward_gpa, counts_toward_progress, grading_mode)
values ('cntt-2024-csc10108', 'cntt-2024', 'cntt-2024-major-core', 'major-core', 'CSC10108', 'Trực quan hóa dữ liệu', 4, 4, 4, 0, 'required', 5, null, true, true, 'numeric')
on conflict (id) do update set
  group_id = excluded.group_id,
  category = excluded.category,
  code = excluded.code,
  title = excluded.title,
  credits = excluded.credits,
  lecture_hours = excluded.lecture_hours,
  practice_hours = excluded.practice_hours,
  lab_hours = excluded.lab_hours,
  kind = excluded.kind,
  suggested_term = excluded.suggested_term,
  notes = excluded.notes,
  counts_toward_gpa = excluded.counts_toward_gpa,
  counts_toward_progress = excluded.counts_toward_progress,
  grading_mode = excluded.grading_mode;

insert into public.program_courses (id, program_id, catalog_course_id, group_id, category, kind, suggested_term, notes, counts_toward_gpa, counts_toward_progress, grading_mode, display_order)
values ('cntt-2024-csc10121', 'cntt-2024', 'CSC10121', 'cntt-2024-major-core', 'major-core', 'elective', 5, null, true, true, 'numeric', 46)
on conflict (id) do update set
  program_id = excluded.program_id,
  catalog_course_id = excluded.catalog_course_id,
  group_id = excluded.group_id,
  category = excluded.category,
  kind = excluded.kind,
  suggested_term = excluded.suggested_term,
  notes = excluded.notes,
  counts_toward_gpa = excluded.counts_toward_gpa,
  counts_toward_progress = excluded.counts_toward_progress,
  grading_mode = excluded.grading_mode,
  display_order = excluded.display_order;

insert into public.courses (id, program_id, group_id, category, code, title, credits, lecture_hours, practice_hours, lab_hours, kind, suggested_term, notes, counts_toward_gpa, counts_toward_progress, grading_mode)
values ('cntt-2024-csc10121', 'cntt-2024', 'cntt-2024-major-core', 'major-core', 'CSC10121', 'Kỹ năng mềm', 3, 30, 30, 0, 'elective', 5, null, true, true, 'numeric')
on conflict (id) do update set
  group_id = excluded.group_id,
  category = excluded.category,
  code = excluded.code,
  title = excluded.title,
  credits = excluded.credits,
  lecture_hours = excluded.lecture_hours,
  practice_hours = excluded.practice_hours,
  lab_hours = excluded.lab_hours,
  kind = excluded.kind,
  suggested_term = excluded.suggested_term,
  notes = excluded.notes,
  counts_toward_gpa = excluded.counts_toward_gpa,
  counts_toward_progress = excluded.counts_toward_progress,
  grading_mode = excluded.grading_mode;

insert into public.program_courses (id, program_id, catalog_course_id, group_id, category, kind, suggested_term, notes, counts_toward_gpa, counts_toward_progress, grading_mode, display_order)
values ('cntt-2024-csc10202', 'cntt-2024', 'CSC10202', 'cntt-2024-major-core', 'major-core', 'elective', 5, null, true, true, 'numeric', 47)
on conflict (id) do update set
  program_id = excluded.program_id,
  catalog_course_id = excluded.catalog_course_id,
  group_id = excluded.group_id,
  category = excluded.category,
  kind = excluded.kind,
  suggested_term = excluded.suggested_term,
  notes = excluded.notes,
  counts_toward_gpa = excluded.counts_toward_gpa,
  counts_toward_progress = excluded.counts_toward_progress,
  grading_mode = excluded.grading_mode,
  display_order = excluded.display_order;

insert into public.courses (id, program_id, group_id, category, code, title, credits, lecture_hours, practice_hours, lab_hours, kind, suggested_term, notes, counts_toward_gpa, counts_toward_progress, grading_mode)
values ('cntt-2024-csc10202', 'cntt-2024', 'cntt-2024-major-core', 'major-core', 'CSC10202', 'Chuyen de to churc du lieu', 6, 60, 60, 0, 'elective', 5, null, true, true, 'numeric')
on conflict (id) do update set
  group_id = excluded.group_id,
  category = excluded.category,
  code = excluded.code,
  title = excluded.title,
  credits = excluded.credits,
  lecture_hours = excluded.lecture_hours,
  practice_hours = excluded.practice_hours,
  lab_hours = excluded.lab_hours,
  kind = excluded.kind,
  suggested_term = excluded.suggested_term,
  notes = excluded.notes,
  counts_toward_gpa = excluded.counts_toward_gpa,
  counts_toward_progress = excluded.counts_toward_progress,
  grading_mode = excluded.grading_mode;

insert into public.program_courses (id, program_id, catalog_course_id, group_id, category, kind, suggested_term, notes, counts_toward_gpa, counts_toward_progress, grading_mode, display_order)
values ('cntt-2024-csc10203', 'cntt-2024', 'CSC10203', 'cntt-2024-major-core', 'major-core', 'elective', 5, null, true, true, 'numeric', 48)
on conflict (id) do update set
  program_id = excluded.program_id,
  catalog_course_id = excluded.catalog_course_id,
  group_id = excluded.group_id,
  category = excluded.category,
  kind = excluded.kind,
  suggested_term = excluded.suggested_term,
  notes = excluded.notes,
  counts_toward_gpa = excluded.counts_toward_gpa,
  counts_toward_progress = excluded.counts_toward_progress,
  grading_mode = excluded.grading_mode,
  display_order = excluded.display_order;

insert into public.courses (id, program_id, group_id, category, code, title, credits, lecture_hours, practice_hours, lab_hours, kind, suggested_term, notes, counts_toward_gpa, counts_toward_progress, grading_mode)
values ('cntt-2024-csc10203', 'cntt-2024', 'cntt-2024-major-core', 'major-core', 'CSC10203', 'Chuyen de thiết kế phần mềm nang cao', 6, 60, 60, 0, 'elective', 5, null, true, true, 'numeric')
on conflict (id) do update set
  group_id = excluded.group_id,
  category = excluded.category,
  code = excluded.code,
  title = excluded.title,
  credits = excluded.credits,
  lecture_hours = excluded.lecture_hours,
  practice_hours = excluded.practice_hours,
  lab_hours = excluded.lab_hours,
  kind = excluded.kind,
  suggested_term = excluded.suggested_term,
  notes = excluded.notes,
  counts_toward_gpa = excluded.counts_toward_gpa,
  counts_toward_progress = excluded.counts_toward_progress,
  grading_mode = excluded.grading_mode;

insert into public.program_courses (id, program_id, catalog_course_id, group_id, category, kind, suggested_term, notes, counts_toward_gpa, counts_toward_progress, grading_mode, display_order)
values ('cntt-2024-csc11004', 'cntt-2024', 'CSC11004', 'cntt-2024-major-core', 'major-core', 'elective', 5, null, true, true, 'numeric', 49)
on conflict (id) do update set
  program_id = excluded.program_id,
  catalog_course_id = excluded.catalog_course_id,
  group_id = excluded.group_id,
  category = excluded.category,
  kind = excluded.kind,
  suggested_term = excluded.suggested_term,
  notes = excluded.notes,
  counts_toward_gpa = excluded.counts_toward_gpa,
  counts_toward_progress = excluded.counts_toward_progress,
  grading_mode = excluded.grading_mode,
  display_order = excluded.display_order;

insert into public.courses (id, program_id, group_id, category, code, title, credits, lecture_hours, practice_hours, lab_hours, kind, suggested_term, notes, counts_toward_gpa, counts_toward_progress, grading_mode)
values ('cntt-2024-csc11004', 'cntt-2024', 'cntt-2024-major-core', 'major-core', 'CSC11004', 'Lập trình mạng', 4, 45, 30, 0, 'elective', 5, null, true, true, 'numeric')
on conflict (id) do update set
  group_id = excluded.group_id,
  category = excluded.category,
  code = excluded.code,
  title = excluded.title,
  credits = excluded.credits,
  lecture_hours = excluded.lecture_hours,
  practice_hours = excluded.practice_hours,
  lab_hours = excluded.lab_hours,
  kind = excluded.kind,
  suggested_term = excluded.suggested_term,
  notes = excluded.notes,
  counts_toward_gpa = excluded.counts_toward_gpa,
  counts_toward_progress = excluded.counts_toward_progress,
  grading_mode = excluded.grading_mode;

insert into public.program_courses (id, program_id, catalog_course_id, group_id, category, kind, suggested_term, notes, counts_toward_gpa, counts_toward_progress, grading_mode, display_order)
values ('cntt-2024-csc11006', 'cntt-2024', 'CSC11006', 'cntt-2024-major-core', 'major-core', 'elective', 5, null, true, true, 'numeric', 50)
on conflict (id) do update set
  program_id = excluded.program_id,
  catalog_course_id = excluded.catalog_course_id,
  group_id = excluded.group_id,
  category = excluded.category,
  kind = excluded.kind,
  suggested_term = excluded.suggested_term,
  notes = excluded.notes,
  counts_toward_gpa = excluded.counts_toward_gpa,
  counts_toward_progress = excluded.counts_toward_progress,
  grading_mode = excluded.grading_mode,
  display_order = excluded.display_order;

insert into public.courses (id, program_id, group_id, category, code, title, credits, lecture_hours, practice_hours, lab_hours, kind, suggested_term, notes, counts_toward_gpa, counts_toward_progress, grading_mode)
values ('cntt-2024-csc11006', 'cntt-2024', 'cntt-2024-major-core', 'major-core', 'CSC11006', 'Nhập môn điện toán đám mây', 4, 45, 30, 0, 'elective', 5, null, true, true, 'numeric')
on conflict (id) do update set
  group_id = excluded.group_id,
  category = excluded.category,
  code = excluded.code,
  title = excluded.title,
  credits = excluded.credits,
  lecture_hours = excluded.lecture_hours,
  practice_hours = excluded.practice_hours,
  lab_hours = excluded.lab_hours,
  kind = excluded.kind,
  suggested_term = excluded.suggested_term,
  notes = excluded.notes,
  counts_toward_gpa = excluded.counts_toward_gpa,
  counts_toward_progress = excluded.counts_toward_progress,
  grading_mode = excluded.grading_mode;

insert into public.program_courses (id, program_id, catalog_course_id, group_id, category, kind, suggested_term, notes, counts_toward_gpa, counts_toward_progress, grading_mode, display_order)
values ('cntt-2024-csc11007', 'cntt-2024', 'CSC11007', 'cntt-2024-major-core', 'major-core', 'elective', 5, null, true, true, 'numeric', 51)
on conflict (id) do update set
  program_id = excluded.program_id,
  catalog_course_id = excluded.catalog_course_id,
  group_id = excluded.group_id,
  category = excluded.category,
  kind = excluded.kind,
  suggested_term = excluded.suggested_term,
  notes = excluded.notes,
  counts_toward_gpa = excluded.counts_toward_gpa,
  counts_toward_progress = excluded.counts_toward_progress,
  grading_mode = excluded.grading_mode,
  display_order = excluded.display_order;

insert into public.courses (id, program_id, group_id, category, code, title, credits, lecture_hours, practice_hours, lab_hours, kind, suggested_term, notes, counts_toward_gpa, counts_toward_progress, grading_mode)
values ('cntt-2024-csc11007', 'cntt-2024', 'cntt-2024-major-core', 'major-core', 'CSC11007', 'An ninh mạng', 4, 45, 30, 0, 'elective', 5, null, true, true, 'numeric')
on conflict (id) do update set
  group_id = excluded.group_id,
  category = excluded.category,
  code = excluded.code,
  title = excluded.title,
  credits = excluded.credits,
  lecture_hours = excluded.lecture_hours,
  practice_hours = excluded.practice_hours,
  lab_hours = excluded.lab_hours,
  kind = excluded.kind,
  suggested_term = excluded.suggested_term,
  notes = excluded.notes,
  counts_toward_gpa = excluded.counts_toward_gpa,
  counts_toward_progress = excluded.counts_toward_progress,
  grading_mode = excluded.grading_mode;

insert into public.program_courses (id, program_id, catalog_course_id, group_id, category, kind, suggested_term, notes, counts_toward_gpa, counts_toward_progress, grading_mode, display_order)
values ('cntt-2024-csc11111', 'cntt-2024', 'CSC11111', 'cntt-2024-major-core', 'major-core', 'elective', 5, null, true, true, 'numeric', 52)
on conflict (id) do update set
  program_id = excluded.program_id,
  catalog_course_id = excluded.catalog_course_id,
  group_id = excluded.group_id,
  category = excluded.category,
  kind = excluded.kind,
  suggested_term = excluded.suggested_term,
  notes = excluded.notes,
  counts_toward_gpa = excluded.counts_toward_gpa,
  counts_toward_progress = excluded.counts_toward_progress,
  grading_mode = excluded.grading_mode,
  display_order = excluded.display_order;

insert into public.courses (id, program_id, group_id, category, code, title, credits, lecture_hours, practice_hours, lab_hours, kind, suggested_term, notes, counts_toward_gpa, counts_toward_progress, grading_mode)
values ('cntt-2024-csc11111', 'cntt-2024', 'cntt-2024-major-core', 'major-core', 'CSC11111', 'Chuyen de tot nghiep mạng máy tính', 4, 45, 30, 0, 'elective', 5, null, true, true, 'numeric')
on conflict (id) do update set
  group_id = excluded.group_id,
  category = excluded.category,
  code = excluded.code,
  title = excluded.title,
  credits = excluded.credits,
  lecture_hours = excluded.lecture_hours,
  practice_hours = excluded.practice_hours,
  lab_hours = excluded.lab_hours,
  kind = excluded.kind,
  suggested_term = excluded.suggested_term,
  notes = excluded.notes,
  counts_toward_gpa = excluded.counts_toward_gpa,
  counts_toward_progress = excluded.counts_toward_progress,
  grading_mode = excluded.grading_mode;

insert into public.program_courses (id, program_id, catalog_course_id, group_id, category, kind, suggested_term, notes, counts_toward_gpa, counts_toward_progress, grading_mode, display_order)
values ('cntt-2024-csc11112', 'cntt-2024', 'CSC11112', 'cntt-2024-major-core', 'major-core', 'elective', 5, null, true, true, 'numeric', 53)
on conflict (id) do update set
  program_id = excluded.program_id,
  catalog_course_id = excluded.catalog_course_id,
  group_id = excluded.group_id,
  category = excluded.category,
  kind = excluded.kind,
  suggested_term = excluded.suggested_term,
  notes = excluded.notes,
  counts_toward_gpa = excluded.counts_toward_gpa,
  counts_toward_progress = excluded.counts_toward_progress,
  grading_mode = excluded.grading_mode,
  display_order = excluded.display_order;

insert into public.courses (id, program_id, group_id, category, code, title, credits, lecture_hours, practice_hours, lab_hours, kind, suggested_term, notes, counts_toward_gpa, counts_toward_progress, grading_mode)
values ('cntt-2024-csc11112', 'cntt-2024', 'cntt-2024-major-core', 'major-core', 'CSC11112', 'Chuyen de he thong phan tan', 4, 45, 30, 0, 'elective', 5, null, true, true, 'numeric')
on conflict (id) do update set
  group_id = excluded.group_id,
  category = excluded.category,
  code = excluded.code,
  title = excluded.title,
  credits = excluded.credits,
  lecture_hours = excluded.lecture_hours,
  practice_hours = excluded.practice_hours,
  lab_hours = excluded.lab_hours,
  kind = excluded.kind,
  suggested_term = excluded.suggested_term,
  notes = excluded.notes,
  counts_toward_gpa = excluded.counts_toward_gpa,
  counts_toward_progress = excluded.counts_toward_progress,
  grading_mode = excluded.grading_mode;

insert into public.program_courses (id, program_id, catalog_course_id, group_id, category, kind, suggested_term, notes, counts_toward_gpa, counts_toward_progress, grading_mode, display_order)
values ('cntt-2024-csc11114', 'cntt-2024', 'CSC11114', 'cntt-2024-major-core', 'major-core', 'elective', 5, null, true, true, 'numeric', 54)
on conflict (id) do update set
  program_id = excluded.program_id,
  catalog_course_id = excluded.catalog_course_id,
  group_id = excluded.group_id,
  category = excluded.category,
  kind = excluded.kind,
  suggested_term = excluded.suggested_term,
  notes = excluded.notes,
  counts_toward_gpa = excluded.counts_toward_gpa,
  counts_toward_progress = excluded.counts_toward_progress,
  grading_mode = excluded.grading_mode,
  display_order = excluded.display_order;

insert into public.courses (id, program_id, group_id, category, code, title, credits, lecture_hours, practice_hours, lab_hours, kind, suggested_term, notes, counts_toward_gpa, counts_toward_progress, grading_mode)
values ('cntt-2024-csc11114', 'cntt-2024', 'cntt-2024-major-core', 'major-core', 'CSC11114', 'Ứng dụng dịch vụ điện toán đám mây cho doanh nghiệp', 4, 45, 30, 0, 'elective', 5, null, true, true, 'numeric')
on conflict (id) do update set
  group_id = excluded.group_id,
  category = excluded.category,
  code = excluded.code,
  title = excluded.title,
  credits = excluded.credits,
  lecture_hours = excluded.lecture_hours,
  practice_hours = excluded.practice_hours,
  lab_hours = excluded.lab_hours,
  kind = excluded.kind,
  suggested_term = excluded.suggested_term,
  notes = excluded.notes,
  counts_toward_gpa = excluded.counts_toward_gpa,
  counts_toward_progress = excluded.counts_toward_progress,
  grading_mode = excluded.grading_mode;

insert into public.program_courses (id, program_id, catalog_course_id, group_id, category, kind, suggested_term, notes, counts_toward_gpa, counts_toward_progress, grading_mode, display_order)
values ('cntt-2024-csc11115', 'cntt-2024', 'CSC11115', 'cntt-2024-major-core', 'major-core', 'elective', 5, null, true, true, 'numeric', 55)
on conflict (id) do update set
  program_id = excluded.program_id,
  catalog_course_id = excluded.catalog_course_id,
  group_id = excluded.group_id,
  category = excluded.category,
  kind = excluded.kind,
  suggested_term = excluded.suggested_term,
  notes = excluded.notes,
  counts_toward_gpa = excluded.counts_toward_gpa,
  counts_toward_progress = excluded.counts_toward_progress,
  grading_mode = excluded.grading_mode,
  display_order = excluded.display_order;

insert into public.courses (id, program_id, group_id, category, code, title, credits, lecture_hours, practice_hours, lab_hours, kind, suggested_term, notes, counts_toward_gpa, counts_toward_progress, grading_mode)
values ('cntt-2024-csc11115', 'cntt-2024', 'cntt-2024-major-core', 'major-core', 'CSC11115', 'An ninh mạng nâng cao', 4, 45, 30, 0, 'elective', 5, null, true, true, 'numeric')
on conflict (id) do update set
  group_id = excluded.group_id,
  category = excluded.category,
  code = excluded.code,
  title = excluded.title,
  credits = excluded.credits,
  lecture_hours = excluded.lecture_hours,
  practice_hours = excluded.practice_hours,
  lab_hours = excluded.lab_hours,
  kind = excluded.kind,
  suggested_term = excluded.suggested_term,
  notes = excluded.notes,
  counts_toward_gpa = excluded.counts_toward_gpa,
  counts_toward_progress = excluded.counts_toward_progress,
  grading_mode = excluded.grading_mode;

insert into public.program_courses (id, program_id, catalog_course_id, group_id, category, kind, suggested_term, notes, counts_toward_gpa, counts_toward_progress, grading_mode, display_order)
values ('cntt-2024-csc11119', 'cntt-2024', 'CSC11119', 'cntt-2024-major-core', 'major-core', 'elective', 5, null, true, true, 'numeric', 56)
on conflict (id) do update set
  program_id = excluded.program_id,
  catalog_course_id = excluded.catalog_course_id,
  group_id = excluded.group_id,
  category = excluded.category,
  kind = excluded.kind,
  suggested_term = excluded.suggested_term,
  notes = excluded.notes,
  counts_toward_gpa = excluded.counts_toward_gpa,
  counts_toward_progress = excluded.counts_toward_progress,
  grading_mode = excluded.grading_mode,
  display_order = excluded.display_order;

insert into public.courses (id, program_id, group_id, category, code, title, credits, lecture_hours, practice_hours, lab_hours, kind, suggested_term, notes, counts_toward_gpa, counts_toward_progress, grading_mode)
values ('cntt-2024-csc11119', 'cntt-2024', 'cntt-2024-major-core', 'major-core', 'CSC11119', 'Chuyen de phan tich mang', 4, 45, 30, 0, 'elective', 5, null, true, true, 'numeric')
on conflict (id) do update set
  group_id = excluded.group_id,
  category = excluded.category,
  code = excluded.code,
  title = excluded.title,
  credits = excluded.credits,
  lecture_hours = excluded.lecture_hours,
  practice_hours = excluded.practice_hours,
  lab_hours = excluded.lab_hours,
  kind = excluded.kind,
  suggested_term = excluded.suggested_term,
  notes = excluded.notes,
  counts_toward_gpa = excluded.counts_toward_gpa,
  counts_toward_progress = excluded.counts_toward_progress,
  grading_mode = excluded.grading_mode;

insert into public.program_courses (id, program_id, catalog_course_id, group_id, category, kind, suggested_term, notes, counts_toward_gpa, counts_toward_progress, grading_mode, display_order)
values ('cntt-2024-csc11120', 'cntt-2024', 'CSC11120', 'cntt-2024-major-core', 'major-core', 'elective', 5, null, true, true, 'numeric', 57)
on conflict (id) do update set
  program_id = excluded.program_id,
  catalog_course_id = excluded.catalog_course_id,
  group_id = excluded.group_id,
  category = excluded.category,
  kind = excluded.kind,
  suggested_term = excluded.suggested_term,
  notes = excluded.notes,
  counts_toward_gpa = excluded.counts_toward_gpa,
  counts_toward_progress = excluded.counts_toward_progress,
  grading_mode = excluded.grading_mode,
  display_order = excluded.display_order;

insert into public.courses (id, program_id, group_id, category, code, title, credits, lecture_hours, practice_hours, lab_hours, kind, suggested_term, notes, counts_toward_gpa, counts_toward_progress, grading_mode)
values ('cntt-2024-csc11120', 'cntt-2024', 'cntt-2024-major-core', 'major-core', 'CSC11120', 'An toàn và bảo mật dữ liệu', 4, 45, 30, 0, 'elective', 5, null, true, true, 'numeric')
on conflict (id) do update set
  group_id = excluded.group_id,
  category = excluded.category,
  code = excluded.code,
  title = excluded.title,
  credits = excluded.credits,
  lecture_hours = excluded.lecture_hours,
  practice_hours = excluded.practice_hours,
  lab_hours = excluded.lab_hours,
  kind = excluded.kind,
  suggested_term = excluded.suggested_term,
  notes = excluded.notes,
  counts_toward_gpa = excluded.counts_toward_gpa,
  counts_toward_progress = excluded.counts_toward_progress,
  grading_mode = excluded.grading_mode;

insert into public.program_courses (id, program_id, catalog_course_id, group_id, category, kind, suggested_term, notes, counts_toward_gpa, counts_toward_progress, grading_mode, display_order)
values ('cntt-2024-csc12001', 'cntt-2024', 'CSC12001', 'cntt-2024-major-core', 'major-core', 'elective', 5, null, true, true, 'numeric', 58)
on conflict (id) do update set
  program_id = excluded.program_id,
  catalog_course_id = excluded.catalog_course_id,
  group_id = excluded.group_id,
  category = excluded.category,
  kind = excluded.kind,
  suggested_term = excluded.suggested_term,
  notes = excluded.notes,
  counts_toward_gpa = excluded.counts_toward_gpa,
  counts_toward_progress = excluded.counts_toward_progress,
  grading_mode = excluded.grading_mode,
  display_order = excluded.display_order;

insert into public.courses (id, program_id, group_id, category, code, title, credits, lecture_hours, practice_hours, lab_hours, kind, suggested_term, notes, counts_toward_gpa, counts_toward_progress, grading_mode)
values ('cntt-2024-csc12001', 'cntt-2024', 'cntt-2024-major-core', 'major-core', 'CSC12001', 'An toan va bao mat du lieu trong hệ thống thông tin', 4, 45, 30, 0, 'elective', 5, null, true, true, 'numeric')
on conflict (id) do update set
  group_id = excluded.group_id,
  category = excluded.category,
  code = excluded.code,
  title = excluded.title,
  credits = excluded.credits,
  lecture_hours = excluded.lecture_hours,
  practice_hours = excluded.practice_hours,
  lab_hours = excluded.lab_hours,
  kind = excluded.kind,
  suggested_term = excluded.suggested_term,
  notes = excluded.notes,
  counts_toward_gpa = excluded.counts_toward_gpa,
  counts_toward_progress = excluded.counts_toward_progress,
  grading_mode = excluded.grading_mode;

insert into public.program_courses (id, program_id, catalog_course_id, group_id, category, kind, suggested_term, notes, counts_toward_gpa, counts_toward_progress, grading_mode, display_order)
values ('cntt-2024-csc12002', 'cntt-2024', 'CSC12002', 'cntt-2024-major-core', 'major-core', 'elective', 5, null, true, true, 'numeric', 59)
on conflict (id) do update set
  program_id = excluded.program_id,
  catalog_course_id = excluded.catalog_course_id,
  group_id = excluded.group_id,
  category = excluded.category,
  kind = excluded.kind,
  suggested_term = excluded.suggested_term,
  notes = excluded.notes,
  counts_toward_gpa = excluded.counts_toward_gpa,
  counts_toward_progress = excluded.counts_toward_progress,
  grading_mode = excluded.grading_mode,
  display_order = excluded.display_order;

insert into public.courses (id, program_id, group_id, category, code, title, credits, lecture_hours, practice_hours, lab_hours, kind, suggested_term, notes, counts_toward_gpa, counts_toward_progress, grading_mode)
values ('cntt-2024-csc12002', 'cntt-2024', 'cntt-2024-major-core', 'major-core', 'CSC12002', 'Cơ sở dữ liệu nâng cao', 4, 45, 30, 0, 'elective', 5, null, true, true, 'numeric')
on conflict (id) do update set
  group_id = excluded.group_id,
  category = excluded.category,
  code = excluded.code,
  title = excluded.title,
  credits = excluded.credits,
  lecture_hours = excluded.lecture_hours,
  practice_hours = excluded.practice_hours,
  lab_hours = excluded.lab_hours,
  kind = excluded.kind,
  suggested_term = excluded.suggested_term,
  notes = excluded.notes,
  counts_toward_gpa = excluded.counts_toward_gpa,
  counts_toward_progress = excluded.counts_toward_progress,
  grading_mode = excluded.grading_mode;

insert into public.program_courses (id, program_id, catalog_course_id, group_id, category, kind, suggested_term, notes, counts_toward_gpa, counts_toward_progress, grading_mode, display_order)
values ('cntt-2024-csc12003', 'cntt-2024', 'CSC12003', 'cntt-2024-major-core', 'major-core', 'elective', 5, null, true, true, 'numeric', 60)
on conflict (id) do update set
  program_id = excluded.program_id,
  catalog_course_id = excluded.catalog_course_id,
  group_id = excluded.group_id,
  category = excluded.category,
  kind = excluded.kind,
  suggested_term = excluded.suggested_term,
  notes = excluded.notes,
  counts_toward_gpa = excluded.counts_toward_gpa,
  counts_toward_progress = excluded.counts_toward_progress,
  grading_mode = excluded.grading_mode,
  display_order = excluded.display_order;

insert into public.courses (id, program_id, group_id, category, code, title, credits, lecture_hours, practice_hours, lab_hours, kind, suggested_term, notes, counts_toward_gpa, counts_toward_progress, grading_mode)
values ('cntt-2024-csc12003', 'cntt-2024', 'cntt-2024-major-core', 'major-core', 'CSC12003', 'Hệ quản trị cơ sở dữ liệu', 4, 45, 30, 0, 'elective', 5, null, true, true, 'numeric')
on conflict (id) do update set
  group_id = excluded.group_id,
  category = excluded.category,
  code = excluded.code,
  title = excluded.title,
  credits = excluded.credits,
  lecture_hours = excluded.lecture_hours,
  practice_hours = excluded.practice_hours,
  lab_hours = excluded.lab_hours,
  kind = excluded.kind,
  suggested_term = excluded.suggested_term,
  notes = excluded.notes,
  counts_toward_gpa = excluded.counts_toward_gpa,
  counts_toward_progress = excluded.counts_toward_progress,
  grading_mode = excluded.grading_mode;

insert into public.program_courses (id, program_id, catalog_course_id, group_id, category, kind, suggested_term, notes, counts_toward_gpa, counts_toward_progress, grading_mode, display_order)
values ('cntt-2024-csc12004', 'cntt-2024', 'CSC12004', 'cntt-2024-major-core', 'major-core', 'required', 5, null, true, true, 'numeric', 61)
on conflict (id) do update set
  program_id = excluded.program_id,
  catalog_course_id = excluded.catalog_course_id,
  group_id = excluded.group_id,
  category = excluded.category,
  kind = excluded.kind,
  suggested_term = excluded.suggested_term,
  notes = excluded.notes,
  counts_toward_gpa = excluded.counts_toward_gpa,
  counts_toward_progress = excluded.counts_toward_progress,
  grading_mode = excluded.grading_mode,
  display_order = excluded.display_order;

insert into public.courses (id, program_id, group_id, category, code, title, credits, lecture_hours, practice_hours, lab_hours, kind, suggested_term, notes, counts_toward_gpa, counts_toward_progress, grading_mode)
values ('cntt-2024-csc12004', 'cntt-2024', 'cntt-2024-major-core', 'major-core', 'CSC12004', 'Phân tích thiết kế hệ thống thông tin', 4, 4, 5, 0, 'required', 5, null, true, true, 'numeric')
on conflict (id) do update set
  group_id = excluded.group_id,
  category = excluded.category,
  code = excluded.code,
  title = excluded.title,
  credits = excluded.credits,
  lecture_hours = excluded.lecture_hours,
  practice_hours = excluded.practice_hours,
  lab_hours = excluded.lab_hours,
  kind = excluded.kind,
  suggested_term = excluded.suggested_term,
  notes = excluded.notes,
  counts_toward_gpa = excluded.counts_toward_gpa,
  counts_toward_progress = excluded.counts_toward_progress,
  grading_mode = excluded.grading_mode;

insert into public.program_courses (id, program_id, catalog_course_id, group_id, category, kind, suggested_term, notes, counts_toward_gpa, counts_toward_progress, grading_mode, display_order)
values ('cntt-2024-csc12005', 'cntt-2024', 'CSC12005', 'cntt-2024-major-core', 'major-core', 'elective', 5, null, true, true, 'numeric', 62)
on conflict (id) do update set
  program_id = excluded.program_id,
  catalog_course_id = excluded.catalog_course_id,
  group_id = excluded.group_id,
  category = excluded.category,
  kind = excluded.kind,
  suggested_term = excluded.suggested_term,
  notes = excluded.notes,
  counts_toward_gpa = excluded.counts_toward_gpa,
  counts_toward_progress = excluded.counts_toward_progress,
  grading_mode = excluded.grading_mode,
  display_order = excluded.display_order;

insert into public.courses (id, program_id, group_id, category, code, title, credits, lecture_hours, practice_hours, lab_hours, kind, suggested_term, notes, counts_toward_gpa, counts_toward_progress, grading_mode)
values ('cntt-2024-csc12005', 'cntt-2024', 'cntt-2024-major-core', 'major-core', 'CSC12005', 'Phát triển ứng dụng hệ thống thông tin hiện đại', 4, 45, 30, 0, 'elective', 5, null, true, true, 'numeric')
on conflict (id) do update set
  group_id = excluded.group_id,
  category = excluded.category,
  code = excluded.code,
  title = excluded.title,
  credits = excluded.credits,
  lecture_hours = excluded.lecture_hours,
  practice_hours = excluded.practice_hours,
  lab_hours = excluded.lab_hours,
  kind = excluded.kind,
  suggested_term = excluded.suggested_term,
  notes = excluded.notes,
  counts_toward_gpa = excluded.counts_toward_gpa,
  counts_toward_progress = excluded.counts_toward_progress,
  grading_mode = excluded.grading_mode;

insert into public.program_courses (id, program_id, catalog_course_id, group_id, category, kind, suggested_term, notes, counts_toward_gpa, counts_toward_progress, grading_mode, display_order)
values ('cntt-2024-csc12105', 'cntt-2024', 'CSC12105', 'cntt-2024-major-core', 'major-core', 'elective', 5, null, true, true, 'numeric', 63)
on conflict (id) do update set
  program_id = excluded.program_id,
  catalog_course_id = excluded.catalog_course_id,
  group_id = excluded.group_id,
  category = excluded.category,
  kind = excluded.kind,
  suggested_term = excluded.suggested_term,
  notes = excluded.notes,
  counts_toward_gpa = excluded.counts_toward_gpa,
  counts_toward_progress = excluded.counts_toward_progress,
  grading_mode = excluded.grading_mode,
  display_order = excluded.display_order;

insert into public.courses (id, program_id, group_id, category, code, title, credits, lecture_hours, practice_hours, lab_hours, kind, suggested_term, notes, counts_toward_gpa, counts_toward_progress, grading_mode)
values ('cntt-2024-csc12105', 'cntt-2024', 'cntt-2024-major-core', 'major-core', 'CSC12105', 'Thương mại điện tử', 4, 45, 30, 0, 'elective', 5, null, true, true, 'numeric')
on conflict (id) do update set
  group_id = excluded.group_id,
  category = excluded.category,
  code = excluded.code,
  title = excluded.title,
  credits = excluded.credits,
  lecture_hours = excluded.lecture_hours,
  practice_hours = excluded.practice_hours,
  lab_hours = excluded.lab_hours,
  kind = excluded.kind,
  suggested_term = excluded.suggested_term,
  notes = excluded.notes,
  counts_toward_gpa = excluded.counts_toward_gpa,
  counts_toward_progress = excluded.counts_toward_progress,
  grading_mode = excluded.grading_mode;

insert into public.program_courses (id, program_id, catalog_course_id, group_id, category, kind, suggested_term, notes, counts_toward_gpa, counts_toward_progress, grading_mode, display_order)
values ('cntt-2024-csc12106', 'cntt-2024', 'CSC12106', 'cntt-2024-major-core', 'major-core', 'elective', 5, null, true, true, 'numeric', 64)
on conflict (id) do update set
  program_id = excluded.program_id,
  catalog_course_id = excluded.catalog_course_id,
  group_id = excluded.group_id,
  category = excluded.category,
  kind = excluded.kind,
  suggested_term = excluded.suggested_term,
  notes = excluded.notes,
  counts_toward_gpa = excluded.counts_toward_gpa,
  counts_toward_progress = excluded.counts_toward_progress,
  grading_mode = excluded.grading_mode,
  display_order = excluded.display_order;

insert into public.courses (id, program_id, group_id, category, code, title, credits, lecture_hours, practice_hours, lab_hours, kind, suggested_term, notes, counts_toward_gpa, counts_toward_progress, grading_mode)
values ('cntt-2024-csc12106', 'cntt-2024', 'cntt-2024-major-core', 'major-core', 'CSC12106', 'Tương tác người - máy', 4, 45, 30, 0, 'elective', 5, null, true, true, 'numeric')
on conflict (id) do update set
  group_id = excluded.group_id,
  category = excluded.category,
  code = excluded.code,
  title = excluded.title,
  credits = excluded.credits,
  lecture_hours = excluded.lecture_hours,
  practice_hours = excluded.practice_hours,
  lab_hours = excluded.lab_hours,
  kind = excluded.kind,
  suggested_term = excluded.suggested_term,
  notes = excluded.notes,
  counts_toward_gpa = excluded.counts_toward_gpa,
  counts_toward_progress = excluded.counts_toward_progress,
  grading_mode = excluded.grading_mode;

insert into public.program_courses (id, program_id, catalog_course_id, group_id, category, kind, suggested_term, notes, counts_toward_gpa, counts_toward_progress, grading_mode, display_order)
values ('cntt-2024-csc12107', 'cntt-2024', 'CSC12107', 'cntt-2024-major-core', 'major-core', 'required', 5, null, true, true, 'numeric', 65)
on conflict (id) do update set
  program_id = excluded.program_id,
  catalog_course_id = excluded.catalog_course_id,
  group_id = excluded.group_id,
  category = excluded.category,
  kind = excluded.kind,
  suggested_term = excluded.suggested_term,
  notes = excluded.notes,
  counts_toward_gpa = excluded.counts_toward_gpa,
  counts_toward_progress = excluded.counts_toward_progress,
  grading_mode = excluded.grading_mode,
  display_order = excluded.display_order;

insert into public.courses (id, program_id, group_id, category, code, title, credits, lecture_hours, practice_hours, lab_hours, kind, suggested_term, notes, counts_toward_gpa, counts_toward_progress, grading_mode)
values ('cntt-2024-csc12107', 'cntt-2024', 'cntt-2024-major-core', 'major-core', 'CSC12107', 'Hệ thống thông tin phục vụ trí tuệ kinh doanh', 4, 4, 6, 0, 'required', 5, null, true, true, 'numeric')
on conflict (id) do update set
  group_id = excluded.group_id,
  category = excluded.category,
  code = excluded.code,
  title = excluded.title,
  credits = excluded.credits,
  lecture_hours = excluded.lecture_hours,
  practice_hours = excluded.practice_hours,
  lab_hours = excluded.lab_hours,
  kind = excluded.kind,
  suggested_term = excluded.suggested_term,
  notes = excluded.notes,
  counts_toward_gpa = excluded.counts_toward_gpa,
  counts_toward_progress = excluded.counts_toward_progress,
  grading_mode = excluded.grading_mode;

insert into public.program_courses (id, program_id, catalog_course_id, group_id, category, kind, suggested_term, notes, counts_toward_gpa, counts_toward_progress, grading_mode, display_order)
values ('cntt-2024-csc12108', 'cntt-2024', 'CSC12108', 'cntt-2024-major-core', 'major-core', 'elective', 5, null, true, true, 'numeric', 66)
on conflict (id) do update set
  program_id = excluded.program_id,
  catalog_course_id = excluded.catalog_course_id,
  group_id = excluded.group_id,
  category = excluded.category,
  kind = excluded.kind,
  suggested_term = excluded.suggested_term,
  notes = excluded.notes,
  counts_toward_gpa = excluded.counts_toward_gpa,
  counts_toward_progress = excluded.counts_toward_progress,
  grading_mode = excluded.grading_mode,
  display_order = excluded.display_order;

insert into public.courses (id, program_id, group_id, category, code, title, credits, lecture_hours, practice_hours, lab_hours, kind, suggested_term, notes, counts_toward_gpa, counts_toward_progress, grading_mode)
values ('cntt-2024-csc12108', 'cntt-2024', 'cntt-2024-major-core', 'major-core', 'CSC12108', 'Ứng dụng phân tán', 4, 45, 30, 0, 'elective', 5, null, true, true, 'numeric')
on conflict (id) do update set
  group_id = excluded.group_id,
  category = excluded.category,
  code = excluded.code,
  title = excluded.title,
  credits = excluded.credits,
  lecture_hours = excluded.lecture_hours,
  practice_hours = excluded.practice_hours,
  lab_hours = excluded.lab_hours,
  kind = excluded.kind,
  suggested_term = excluded.suggested_term,
  notes = excluded.notes,
  counts_toward_gpa = excluded.counts_toward_gpa,
  counts_toward_progress = excluded.counts_toward_progress,
  grading_mode = excluded.grading_mode;

insert into public.program_courses (id, program_id, catalog_course_id, group_id, category, kind, suggested_term, notes, counts_toward_gpa, counts_toward_progress, grading_mode, display_order)
values ('cntt-2024-csc12111', 'cntt-2024', 'CSC12111', 'cntt-2024-major-core', 'major-core', 'elective', 5, null, true, true, 'numeric', 67)
on conflict (id) do update set
  program_id = excluded.program_id,
  catalog_course_id = excluded.catalog_course_id,
  group_id = excluded.group_id,
  category = excluded.category,
  kind = excluded.kind,
  suggested_term = excluded.suggested_term,
  notes = excluded.notes,
  counts_toward_gpa = excluded.counts_toward_gpa,
  counts_toward_progress = excluded.counts_toward_progress,
  grading_mode = excluded.grading_mode,
  display_order = excluded.display_order;

insert into public.courses (id, program_id, group_id, category, code, title, credits, lecture_hours, practice_hours, lab_hours, kind, suggested_term, notes, counts_toward_gpa, counts_toward_progress, grading_mode)
values ('cntt-2024-csc12111', 'cntt-2024', 'cntt-2024-major-core', 'major-core', 'CSC12111', 'Quản trị cơ sở dữ liệu hiện đại', 4, 45, 30, 0, 'elective', 5, null, true, true, 'numeric')
on conflict (id) do update set
  group_id = excluded.group_id,
  category = excluded.category,
  code = excluded.code,
  title = excluded.title,
  credits = excluded.credits,
  lecture_hours = excluded.lecture_hours,
  practice_hours = excluded.practice_hours,
  lab_hours = excluded.lab_hours,
  kind = excluded.kind,
  suggested_term = excluded.suggested_term,
  notes = excluded.notes,
  counts_toward_gpa = excluded.counts_toward_gpa,
  counts_toward_progress = excluded.counts_toward_progress,
  grading_mode = excluded.grading_mode;

insert into public.program_courses (id, program_id, catalog_course_id, group_id, category, kind, suggested_term, notes, counts_toward_gpa, counts_toward_progress, grading_mode, display_order)
values ('cntt-2024-csc12113', 'cntt-2024', 'CSC12113', 'cntt-2024-major-core', 'major-core', 'elective', 5, null, true, true, 'numeric', 68)
on conflict (id) do update set
  program_id = excluded.program_id,
  catalog_course_id = excluded.catalog_course_id,
  group_id = excluded.group_id,
  category = excluded.category,
  kind = excluded.kind,
  suggested_term = excluded.suggested_term,
  notes = excluded.notes,
  counts_toward_gpa = excluded.counts_toward_gpa,
  counts_toward_progress = excluded.counts_toward_progress,
  grading_mode = excluded.grading_mode,
  display_order = excluded.display_order;

insert into public.courses (id, program_id, group_id, category, code, title, credits, lecture_hours, practice_hours, lab_hours, kind, suggested_term, notes, counts_toward_gpa, counts_toward_progress, grading_mode)
values ('cntt-2024-csc12113', 'cntt-2024', 'cntt-2024-major-core', 'major-core', 'CSC12113', 'Nhập môn quản trị mối quan hệ khách hàng - sản phẩm', 4, 45, 30, 0, 'elective', 5, null, true, true, 'numeric')
on conflict (id) do update set
  group_id = excluded.group_id,
  category = excluded.category,
  code = excluded.code,
  title = excluded.title,
  credits = excluded.credits,
  lecture_hours = excluded.lecture_hours,
  practice_hours = excluded.practice_hours,
  lab_hours = excluded.lab_hours,
  kind = excluded.kind,
  suggested_term = excluded.suggested_term,
  notes = excluded.notes,
  counts_toward_gpa = excluded.counts_toward_gpa,
  counts_toward_progress = excluded.counts_toward_progress,
  grading_mode = excluded.grading_mode;

insert into public.program_courses (id, program_id, catalog_course_id, group_id, category, kind, suggested_term, notes, counts_toward_gpa, counts_toward_progress, grading_mode, display_order)
values ('cntt-2024-csc13001', 'cntt-2024', 'CSC13001', 'cntt-2024-major-core', 'major-core', 'elective', 5, null, true, true, 'numeric', 69)
on conflict (id) do update set
  program_id = excluded.program_id,
  catalog_course_id = excluded.catalog_course_id,
  group_id = excluded.group_id,
  category = excluded.category,
  kind = excluded.kind,
  suggested_term = excluded.suggested_term,
  notes = excluded.notes,
  counts_toward_gpa = excluded.counts_toward_gpa,
  counts_toward_progress = excluded.counts_toward_progress,
  grading_mode = excluded.grading_mode,
  display_order = excluded.display_order;

insert into public.courses (id, program_id, group_id, category, code, title, credits, lecture_hours, practice_hours, lab_hours, kind, suggested_term, notes, counts_toward_gpa, counts_toward_progress, grading_mode)
values ('cntt-2024-csc13001', 'cntt-2024', 'cntt-2024-major-core', 'major-core', 'CSC13001', 'Lập trình Windows', 4, 45, 30, 0, 'elective', 5, null, true, true, 'numeric')
on conflict (id) do update set
  group_id = excluded.group_id,
  category = excluded.category,
  code = excluded.code,
  title = excluded.title,
  credits = excluded.credits,
  lecture_hours = excluded.lecture_hours,
  practice_hours = excluded.practice_hours,
  lab_hours = excluded.lab_hours,
  kind = excluded.kind,
  suggested_term = excluded.suggested_term,
  notes = excluded.notes,
  counts_toward_gpa = excluded.counts_toward_gpa,
  counts_toward_progress = excluded.counts_toward_progress,
  grading_mode = excluded.grading_mode;

insert into public.program_courses (id, program_id, catalog_course_id, group_id, category, kind, suggested_term, notes, counts_toward_gpa, counts_toward_progress, grading_mode, display_order)
values ('cntt-2024-csc13005', 'cntt-2024', 'CSC13005', 'cntt-2024-major-core', 'major-core', 'elective', 5, null, true, true, 'numeric', 70)
on conflict (id) do update set
  program_id = excluded.program_id,
  catalog_course_id = excluded.catalog_course_id,
  group_id = excluded.group_id,
  category = excluded.category,
  kind = excluded.kind,
  suggested_term = excluded.suggested_term,
  notes = excluded.notes,
  counts_toward_gpa = excluded.counts_toward_gpa,
  counts_toward_progress = excluded.counts_toward_progress,
  grading_mode = excluded.grading_mode,
  display_order = excluded.display_order;

insert into public.courses (id, program_id, group_id, category, code, title, credits, lecture_hours, practice_hours, lab_hours, kind, suggested_term, notes, counts_toward_gpa, counts_toward_progress, grading_mode)
values ('cntt-2024-csc13005', 'cntt-2024', 'cntt-2024-major-core', 'major-core', 'CSC13005', 'Thiết kế phần mềm', 4, 45, 30, 0, 'elective', 5, null, true, true, 'numeric')
on conflict (id) do update set
  group_id = excluded.group_id,
  category = excluded.category,
  code = excluded.code,
  title = excluded.title,
  credits = excluded.credits,
  lecture_hours = excluded.lecture_hours,
  practice_hours = excluded.practice_hours,
  lab_hours = excluded.lab_hours,
  kind = excluded.kind,
  suggested_term = excluded.suggested_term,
  notes = excluded.notes,
  counts_toward_gpa = excluded.counts_toward_gpa,
  counts_toward_progress = excluded.counts_toward_progress,
  grading_mode = excluded.grading_mode;

insert into public.program_courses (id, program_id, catalog_course_id, group_id, category, kind, suggested_term, notes, counts_toward_gpa, counts_toward_progress, grading_mode, display_order)
values ('cntt-2024-csc13007', 'cntt-2024', 'CSC13007', 'cntt-2024-major-core', 'major-core', 'elective', 5, null, true, true, 'numeric', 71)
on conflict (id) do update set
  program_id = excluded.program_id,
  catalog_course_id = excluded.catalog_course_id,
  group_id = excluded.group_id,
  category = excluded.category,
  kind = excluded.kind,
  suggested_term = excluded.suggested_term,
  notes = excluded.notes,
  counts_toward_gpa = excluded.counts_toward_gpa,
  counts_toward_progress = excluded.counts_toward_progress,
  grading_mode = excluded.grading_mode,
  display_order = excluded.display_order;

insert into public.courses (id, program_id, group_id, category, code, title, credits, lecture_hours, practice_hours, lab_hours, kind, suggested_term, notes, counts_toward_gpa, counts_toward_progress, grading_mode)
values ('cntt-2024-csc13007', 'cntt-2024', 'cntt-2024-major-core', 'major-core', 'CSC13007', 'Phát triển game', 4, 45, 30, 0, 'elective', 5, null, true, true, 'numeric')
on conflict (id) do update set
  group_id = excluded.group_id,
  category = excluded.category,
  code = excluded.code,
  title = excluded.title,
  credits = excluded.credits,
  lecture_hours = excluded.lecture_hours,
  practice_hours = excluded.practice_hours,
  lab_hours = excluded.lab_hours,
  kind = excluded.kind,
  suggested_term = excluded.suggested_term,
  notes = excluded.notes,
  counts_toward_gpa = excluded.counts_toward_gpa,
  counts_toward_progress = excluded.counts_toward_progress,
  grading_mode = excluded.grading_mode;

insert into public.program_courses (id, program_id, catalog_course_id, group_id, category, kind, suggested_term, notes, counts_toward_gpa, counts_toward_progress, grading_mode, display_order)
values ('cntt-2024-csc13008', 'cntt-2024', 'CSC13008', 'cntt-2024-major-core', 'major-core', 'elective', 5, null, true, true, 'numeric', 72)
on conflict (id) do update set
  program_id = excluded.program_id,
  catalog_course_id = excluded.catalog_course_id,
  group_id = excluded.group_id,
  category = excluded.category,
  kind = excluded.kind,
  suggested_term = excluded.suggested_term,
  notes = excluded.notes,
  counts_toward_gpa = excluded.counts_toward_gpa,
  counts_toward_progress = excluded.counts_toward_progress,
  grading_mode = excluded.grading_mode,
  display_order = excluded.display_order;

insert into public.courses (id, program_id, group_id, category, code, title, credits, lecture_hours, practice_hours, lab_hours, kind, suggested_term, notes, counts_toward_gpa, counts_toward_progress, grading_mode)
values ('cntt-2024-csc13008', 'cntt-2024', 'cntt-2024-major-core', 'major-core', 'CSC13008', 'Phát triển ứng dụng web', 4, 45, 30, 0, 'elective', 5, null, true, true, 'numeric')
on conflict (id) do update set
  group_id = excluded.group_id,
  category = excluded.category,
  code = excluded.code,
  title = excluded.title,
  credits = excluded.credits,
  lecture_hours = excluded.lecture_hours,
  practice_hours = excluded.practice_hours,
  lab_hours = excluded.lab_hours,
  kind = excluded.kind,
  suggested_term = excluded.suggested_term,
  notes = excluded.notes,
  counts_toward_gpa = excluded.counts_toward_gpa,
  counts_toward_progress = excluded.counts_toward_progress,
  grading_mode = excluded.grading_mode;

insert into public.program_courses (id, program_id, catalog_course_id, group_id, category, kind, suggested_term, notes, counts_toward_gpa, counts_toward_progress, grading_mode, display_order)
values ('cntt-2024-csc13009', 'cntt-2024', 'CSC13009', 'cntt-2024-major-core', 'major-core', 'elective', 5, null, true, true, 'numeric', 73)
on conflict (id) do update set
  program_id = excluded.program_id,
  catalog_course_id = excluded.catalog_course_id,
  group_id = excluded.group_id,
  category = excluded.category,
  kind = excluded.kind,
  suggested_term = excluded.suggested_term,
  notes = excluded.notes,
  counts_toward_gpa = excluded.counts_toward_gpa,
  counts_toward_progress = excluded.counts_toward_progress,
  grading_mode = excluded.grading_mode,
  display_order = excluded.display_order;

insert into public.courses (id, program_id, group_id, category, code, title, credits, lecture_hours, practice_hours, lab_hours, kind, suggested_term, notes, counts_toward_gpa, counts_toward_progress, grading_mode)
values ('cntt-2024-csc13009', 'cntt-2024', 'cntt-2024-major-core', 'major-core', 'CSC13009', 'Phát triển phần mềm cho thiết bị di động', 4, 45, 30, 0, 'elective', 5, null, true, true, 'numeric')
on conflict (id) do update set
  group_id = excluded.group_id,
  category = excluded.category,
  code = excluded.code,
  title = excluded.title,
  credits = excluded.credits,
  lecture_hours = excluded.lecture_hours,
  practice_hours = excluded.practice_hours,
  lab_hours = excluded.lab_hours,
  kind = excluded.kind,
  suggested_term = excluded.suggested_term,
  notes = excluded.notes,
  counts_toward_gpa = excluded.counts_toward_gpa,
  counts_toward_progress = excluded.counts_toward_progress,
  grading_mode = excluded.grading_mode;

insert into public.program_courses (id, program_id, catalog_course_id, group_id, category, kind, suggested_term, notes, counts_toward_gpa, counts_toward_progress, grading_mode, display_order)
values ('cntt-2024-csc13010', 'cntt-2024', 'CSC13010', 'cntt-2024-major-core', 'major-core', 'elective', 5, null, true, true, 'numeric', 74)
on conflict (id) do update set
  program_id = excluded.program_id,
  catalog_course_id = excluded.catalog_course_id,
  group_id = excluded.group_id,
  category = excluded.category,
  kind = excluded.kind,
  suggested_term = excluded.suggested_term,
  notes = excluded.notes,
  counts_toward_gpa = excluded.counts_toward_gpa,
  counts_toward_progress = excluded.counts_toward_progress,
  grading_mode = excluded.grading_mode,
  display_order = excluded.display_order;

insert into public.courses (id, program_id, group_id, category, code, title, credits, lecture_hours, practice_hours, lab_hours, kind, suggested_term, notes, counts_toward_gpa, counts_toward_progress, grading_mode)
values ('cntt-2024-csc13010', 'cntt-2024', 'cntt-2024-major-core', 'major-core', 'CSC13010', 'Thiết kế phần mềm', 4, 45, 30, 0, 'elective', 5, null, true, true, 'numeric')
on conflict (id) do update set
  group_id = excluded.group_id,
  category = excluded.category,
  code = excluded.code,
  title = excluded.title,
  credits = excluded.credits,
  lecture_hours = excluded.lecture_hours,
  practice_hours = excluded.practice_hours,
  lab_hours = excluded.lab_hours,
  kind = excluded.kind,
  suggested_term = excluded.suggested_term,
  notes = excluded.notes,
  counts_toward_gpa = excluded.counts_toward_gpa,
  counts_toward_progress = excluded.counts_toward_progress,
  grading_mode = excluded.grading_mode;

insert into public.program_courses (id, program_id, catalog_course_id, group_id, category, kind, suggested_term, notes, counts_toward_gpa, counts_toward_progress, grading_mode, display_order)
values ('cntt-2024-csc13101', 'cntt-2024', 'CSC13101', 'cntt-2024-major-core', 'major-core', 'elective', 5, null, true, true, 'numeric', 75)
on conflict (id) do update set
  program_id = excluded.program_id,
  catalog_course_id = excluded.catalog_course_id,
  group_id = excluded.group_id,
  category = excluded.category,
  kind = excluded.kind,
  suggested_term = excluded.suggested_term,
  notes = excluded.notes,
  counts_toward_gpa = excluded.counts_toward_gpa,
  counts_toward_progress = excluded.counts_toward_progress,
  grading_mode = excluded.grading_mode,
  display_order = excluded.display_order;

insert into public.courses (id, program_id, group_id, category, code, title, credits, lecture_hours, practice_hours, lab_hours, kind, suggested_term, notes, counts_toward_gpa, counts_toward_progress, grading_mode)
values ('cntt-2024-csc13101', 'cntt-2024', 'cntt-2024-major-core', 'major-core', 'CSC13101', 'Các chủ đề nâng cao trong Công nghệ phần mềm', 4, 45, 30, 0, 'elective', 5, null, true, true, 'numeric')
on conflict (id) do update set
  group_id = excluded.group_id,
  category = excluded.category,
  code = excluded.code,
  title = excluded.title,
  credits = excluded.credits,
  lecture_hours = excluded.lecture_hours,
  practice_hours = excluded.practice_hours,
  lab_hours = excluded.lab_hours,
  kind = excluded.kind,
  suggested_term = excluded.suggested_term,
  notes = excluded.notes,
  counts_toward_gpa = excluded.counts_toward_gpa,
  counts_toward_progress = excluded.counts_toward_progress,
  grading_mode = excluded.grading_mode;

insert into public.program_courses (id, program_id, catalog_course_id, group_id, category, kind, suggested_term, notes, counts_toward_gpa, counts_toward_progress, grading_mode, display_order)
values ('cntt-2024-csc13102', 'cntt-2024', 'CSC13102', 'cntt-2024-major-core', 'major-core', 'elective', 5, null, true, true, 'numeric', 76)
on conflict (id) do update set
  program_id = excluded.program_id,
  catalog_course_id = excluded.catalog_course_id,
  group_id = excluded.group_id,
  category = excluded.category,
  kind = excluded.kind,
  suggested_term = excluded.suggested_term,
  notes = excluded.notes,
  counts_toward_gpa = excluded.counts_toward_gpa,
  counts_toward_progress = excluded.counts_toward_progress,
  grading_mode = excluded.grading_mode,
  display_order = excluded.display_order;

insert into public.courses (id, program_id, group_id, category, code, title, credits, lecture_hours, practice_hours, lab_hours, kind, suggested_term, notes, counts_toward_gpa, counts_toward_progress, grading_mode)
values ('cntt-2024-csc13102', 'cntt-2024', 'cntt-2024-major-core', 'major-core', 'CSC13102', 'Lập trình ứng dụng Java', 4, 45, 30, 0, 'elective', 5, null, true, true, 'numeric')
on conflict (id) do update set
  group_id = excluded.group_id,
  category = excluded.category,
  code = excluded.code,
  title = excluded.title,
  credits = excluded.credits,
  lecture_hours = excluded.lecture_hours,
  practice_hours = excluded.practice_hours,
  lab_hours = excluded.lab_hours,
  kind = excluded.kind,
  suggested_term = excluded.suggested_term,
  notes = excluded.notes,
  counts_toward_gpa = excluded.counts_toward_gpa,
  counts_toward_progress = excluded.counts_toward_progress,
  grading_mode = excluded.grading_mode;

insert into public.program_courses (id, program_id, catalog_course_id, group_id, category, kind, suggested_term, notes, counts_toward_gpa, counts_toward_progress, grading_mode, display_order)
values ('cntt-2024-csc13103', 'cntt-2024', 'CSC13103', 'cntt-2024-major-core', 'major-core', 'elective', 5, null, true, true, 'numeric', 77)
on conflict (id) do update set
  program_id = excluded.program_id,
  catalog_course_id = excluded.catalog_course_id,
  group_id = excluded.group_id,
  category = excluded.category,
  kind = excluded.kind,
  suggested_term = excluded.suggested_term,
  notes = excluded.notes,
  counts_toward_gpa = excluded.counts_toward_gpa,
  counts_toward_progress = excluded.counts_toward_progress,
  grading_mode = excluded.grading_mode,
  display_order = excluded.display_order;

insert into public.courses (id, program_id, group_id, category, code, title, credits, lecture_hours, practice_hours, lab_hours, kind, suggested_term, notes, counts_toward_gpa, counts_toward_progress, grading_mode)
values ('cntt-2024-csc13103', 'cntt-2024', 'cntt-2024-major-core', 'major-core', 'CSC13103', 'Nhập môn hệ thống phân tán', 4, 45, 30, 0, 'elective', 5, null, true, true, 'numeric')
on conflict (id) do update set
  group_id = excluded.group_id,
  category = excluded.category,
  code = excluded.code,
  title = excluded.title,
  credits = excluded.credits,
  lecture_hours = excluded.lecture_hours,
  practice_hours = excluded.practice_hours,
  lab_hours = excluded.lab_hours,
  kind = excluded.kind,
  suggested_term = excluded.suggested_term,
  notes = excluded.notes,
  counts_toward_gpa = excluded.counts_toward_gpa,
  counts_toward_progress = excluded.counts_toward_progress,
  grading_mode = excluded.grading_mode;

insert into public.program_courses (id, program_id, catalog_course_id, group_id, category, kind, suggested_term, notes, counts_toward_gpa, counts_toward_progress, grading_mode, display_order)
values ('cntt-2024-csc13107', 'cntt-2024', 'CSC13107', 'cntt-2024-major-core', 'major-core', 'elective', 5, null, true, true, 'numeric', 78)
on conflict (id) do update set
  program_id = excluded.program_id,
  catalog_course_id = excluded.catalog_course_id,
  group_id = excluded.group_id,
  category = excluded.category,
  kind = excluded.kind,
  suggested_term = excluded.suggested_term,
  notes = excluded.notes,
  counts_toward_gpa = excluded.counts_toward_gpa,
  counts_toward_progress = excluded.counts_toward_progress,
  grading_mode = excluded.grading_mode,
  display_order = excluded.display_order;

insert into public.courses (id, program_id, group_id, category, code, title, credits, lecture_hours, practice_hours, lab_hours, kind, suggested_term, notes, counts_toward_gpa, counts_toward_progress, grading_mode)
values ('cntt-2024-csc13107', 'cntt-2024', 'cntt-2024-major-core', 'major-core', 'CSC13107', 'Mẫu thiết kế hướng đối tượng và ứng dụng', 4, 45, 30, 0, 'elective', 5, null, true, true, 'numeric')
on conflict (id) do update set
  group_id = excluded.group_id,
  category = excluded.category,
  code = excluded.code,
  title = excluded.title,
  credits = excluded.credits,
  lecture_hours = excluded.lecture_hours,
  practice_hours = excluded.practice_hours,
  lab_hours = excluded.lab_hours,
  kind = excluded.kind,
  suggested_term = excluded.suggested_term,
  notes = excluded.notes,
  counts_toward_gpa = excluded.counts_toward_gpa,
  counts_toward_progress = excluded.counts_toward_progress,
  grading_mode = excluded.grading_mode;

insert into public.program_courses (id, program_id, catalog_course_id, group_id, category, kind, suggested_term, notes, counts_toward_gpa, counts_toward_progress, grading_mode, display_order)
values ('cntt-2024-csc13114', 'cntt-2024', 'CSC13114', 'cntt-2024-major-core', 'major-core', 'elective', 5, null, true, true, 'numeric', 79)
on conflict (id) do update set
  program_id = excluded.program_id,
  catalog_course_id = excluded.catalog_course_id,
  group_id = excluded.group_id,
  category = excluded.category,
  kind = excluded.kind,
  suggested_term = excluded.suggested_term,
  notes = excluded.notes,
  counts_toward_gpa = excluded.counts_toward_gpa,
  counts_toward_progress = excluded.counts_toward_progress,
  grading_mode = excluded.grading_mode,
  display_order = excluded.display_order;

insert into public.courses (id, program_id, group_id, category, code, title, credits, lecture_hours, practice_hours, lab_hours, kind, suggested_term, notes, counts_toward_gpa, counts_toward_progress, grading_mode)
values ('cntt-2024-csc13114', 'cntt-2024', 'cntt-2024-major-core', 'major-core', 'CSC13114', 'Phát triển ứng dụng web nâng cao', 4, 45, 30, 0, 'elective', 5, null, true, true, 'numeric')
on conflict (id) do update set
  group_id = excluded.group_id,
  category = excluded.category,
  code = excluded.code,
  title = excluded.title,
  credits = excluded.credits,
  lecture_hours = excluded.lecture_hours,
  practice_hours = excluded.practice_hours,
  lab_hours = excluded.lab_hours,
  kind = excluded.kind,
  suggested_term = excluded.suggested_term,
  notes = excluded.notes,
  counts_toward_gpa = excluded.counts_toward_gpa,
  counts_toward_progress = excluded.counts_toward_progress,
  grading_mode = excluded.grading_mode;

insert into public.program_courses (id, program_id, catalog_course_id, group_id, category, kind, suggested_term, notes, counts_toward_gpa, counts_toward_progress, grading_mode, display_order)
values ('cntt-2024-csc13115', 'cntt-2024', 'CSC13115', 'cntt-2024-major-core', 'major-core', 'elective', 5, null, true, true, 'numeric', 80)
on conflict (id) do update set
  program_id = excluded.program_id,
  catalog_course_id = excluded.catalog_course_id,
  group_id = excluded.group_id,
  category = excluded.category,
  kind = excluded.kind,
  suggested_term = excluded.suggested_term,
  notes = excluded.notes,
  counts_toward_gpa = excluded.counts_toward_gpa,
  counts_toward_progress = excluded.counts_toward_progress,
  grading_mode = excluded.grading_mode,
  display_order = excluded.display_order;

insert into public.courses (id, program_id, group_id, category, code, title, credits, lecture_hours, practice_hours, lab_hours, kind, suggested_term, notes, counts_toward_gpa, counts_toward_progress, grading_mode)
values ('cntt-2024-csc13115', 'cntt-2024', 'cntt-2024-major-core', 'major-core', 'CSC13115', 'Cac cong nghe moi trong phat trien phan mem', 4, 45, 30, 0, 'elective', 5, null, true, true, 'numeric')
on conflict (id) do update set
  group_id = excluded.group_id,
  category = excluded.category,
  code = excluded.code,
  title = excluded.title,
  credits = excluded.credits,
  lecture_hours = excluded.lecture_hours,
  practice_hours = excluded.practice_hours,
  lab_hours = excluded.lab_hours,
  kind = excluded.kind,
  suggested_term = excluded.suggested_term,
  notes = excluded.notes,
  counts_toward_gpa = excluded.counts_toward_gpa,
  counts_toward_progress = excluded.counts_toward_progress,
  grading_mode = excluded.grading_mode;

insert into public.program_courses (id, program_id, catalog_course_id, group_id, category, kind, suggested_term, notes, counts_toward_gpa, counts_toward_progress, grading_mode, display_order)
values ('cntt-2024-csc13116', 'cntt-2024', 'CSC13116', 'cntt-2024-major-core', 'major-core', 'elective', 5, null, true, true, 'numeric', 81)
on conflict (id) do update set
  program_id = excluded.program_id,
  catalog_course_id = excluded.catalog_course_id,
  group_id = excluded.group_id,
  category = excluded.category,
  kind = excluded.kind,
  suggested_term = excluded.suggested_term,
  notes = excluded.notes,
  counts_toward_gpa = excluded.counts_toward_gpa,
  counts_toward_progress = excluded.counts_toward_progress,
  grading_mode = excluded.grading_mode,
  display_order = excluded.display_order;

insert into public.courses (id, program_id, group_id, category, code, title, credits, lecture_hours, practice_hours, lab_hours, kind, suggested_term, notes, counts_toward_gpa, counts_toward_progress, grading_mode)
values ('cntt-2024-csc13116', 'cntt-2024', 'cntt-2024-major-core', 'major-core', 'CSC13116', 'Do an cong nghe phan mem', 4, 45, 30, 0, 'elective', 5, null, true, true, 'numeric')
on conflict (id) do update set
  group_id = excluded.group_id,
  category = excluded.category,
  code = excluded.code,
  title = excluded.title,
  credits = excluded.credits,
  lecture_hours = excluded.lecture_hours,
  practice_hours = excluded.practice_hours,
  lab_hours = excluded.lab_hours,
  kind = excluded.kind,
  suggested_term = excluded.suggested_term,
  notes = excluded.notes,
  counts_toward_gpa = excluded.counts_toward_gpa,
  counts_toward_progress = excluded.counts_toward_progress,
  grading_mode = excluded.grading_mode;

insert into public.program_courses (id, program_id, catalog_course_id, group_id, category, kind, suggested_term, notes, counts_toward_gpa, counts_toward_progress, grading_mode, display_order)
values ('cntt-2024-csc13117', 'cntt-2024', 'CSC13117', 'cntt-2024-major-core', 'major-core', 'elective', 5, null, true, true, 'numeric', 82)
on conflict (id) do update set
  program_id = excluded.program_id,
  catalog_course_id = excluded.catalog_course_id,
  group_id = excluded.group_id,
  category = excluded.category,
  kind = excluded.kind,
  suggested_term = excluded.suggested_term,
  notes = excluded.notes,
  counts_toward_gpa = excluded.counts_toward_gpa,
  counts_toward_progress = excluded.counts_toward_progress,
  grading_mode = excluded.grading_mode,
  display_order = excluded.display_order;

insert into public.courses (id, program_id, group_id, category, code, title, credits, lecture_hours, practice_hours, lab_hours, kind, suggested_term, notes, counts_toward_gpa, counts_toward_progress, grading_mode)
values ('cntt-2024-csc13117', 'cntt-2024', 'cntt-2024-major-core', 'major-core', 'CSC13117', 'Phát triển game nâng cao', 4, 45, 30, 0, 'elective', 5, null, true, true, 'numeric')
on conflict (id) do update set
  group_id = excluded.group_id,
  category = excluded.category,
  code = excluded.code,
  title = excluded.title,
  credits = excluded.credits,
  lecture_hours = excluded.lecture_hours,
  practice_hours = excluded.practice_hours,
  lab_hours = excluded.lab_hours,
  kind = excluded.kind,
  suggested_term = excluded.suggested_term,
  notes = excluded.notes,
  counts_toward_gpa = excluded.counts_toward_gpa,
  counts_toward_progress = excluded.counts_toward_progress,
  grading_mode = excluded.grading_mode;

insert into public.program_courses (id, program_id, catalog_course_id, group_id, category, kind, suggested_term, notes, counts_toward_gpa, counts_toward_progress, grading_mode, display_order)
values ('cntt-2024-csc13118', 'cntt-2024', 'CSC13118', 'cntt-2024-major-core', 'major-core', 'elective', 5, null, true, true, 'numeric', 83)
on conflict (id) do update set
  program_id = excluded.program_id,
  catalog_course_id = excluded.catalog_course_id,
  group_id = excluded.group_id,
  category = excluded.category,
  kind = excluded.kind,
  suggested_term = excluded.suggested_term,
  notes = excluded.notes,
  counts_toward_gpa = excluded.counts_toward_gpa,
  counts_toward_progress = excluded.counts_toward_progress,
  grading_mode = excluded.grading_mode,
  display_order = excluded.display_order;

insert into public.courses (id, program_id, group_id, category, code, title, credits, lecture_hours, practice_hours, lab_hours, kind, suggested_term, notes, counts_toward_gpa, counts_toward_progress, grading_mode)
values ('cntt-2024-csc13118', 'cntt-2024', 'cntt-2024-major-core', 'major-core', 'CSC13118', 'Phát triển ứng dụng cho thiết bị di động nâng cao', 4, 45, 30, 0, 'elective', 5, null, true, true, 'numeric')
on conflict (id) do update set
  group_id = excluded.group_id,
  category = excluded.category,
  code = excluded.code,
  title = excluded.title,
  credits = excluded.credits,
  lecture_hours = excluded.lecture_hours,
  practice_hours = excluded.practice_hours,
  lab_hours = excluded.lab_hours,
  kind = excluded.kind,
  suggested_term = excluded.suggested_term,
  notes = excluded.notes,
  counts_toward_gpa = excluded.counts_toward_gpa,
  counts_toward_progress = excluded.counts_toward_progress,
  grading_mode = excluded.grading_mode;

insert into public.program_courses (id, program_id, catalog_course_id, group_id, category, kind, suggested_term, notes, counts_toward_gpa, counts_toward_progress, grading_mode, display_order)
values ('cntt-2024-csc13119', 'cntt-2024', 'CSC13119', 'cntt-2024-major-core', 'major-core', 'elective', 5, null, true, true, 'numeric', 84)
on conflict (id) do update set
  program_id = excluded.program_id,
  catalog_course_id = excluded.catalog_course_id,
  group_id = excluded.group_id,
  category = excluded.category,
  kind = excluded.kind,
  suggested_term = excluded.suggested_term,
  notes = excluded.notes,
  counts_toward_gpa = excluded.counts_toward_gpa,
  counts_toward_progress = excluded.counts_toward_progress,
  grading_mode = excluded.grading_mode,
  display_order = excluded.display_order;

insert into public.courses (id, program_id, group_id, category, code, title, credits, lecture_hours, practice_hours, lab_hours, kind, suggested_term, notes, counts_toward_gpa, counts_toward_progress, grading_mode)
values ('cntt-2024-csc13119', 'cntt-2024', 'cntt-2024-major-core', 'major-core', 'CSC13119', 'Lập trình Web 1', 4, 45, 30, 0, 'elective', 5, null, true, true, 'numeric')
on conflict (id) do update set
  group_id = excluded.group_id,
  category = excluded.category,
  code = excluded.code,
  title = excluded.title,
  credits = excluded.credits,
  lecture_hours = excluded.lecture_hours,
  practice_hours = excluded.practice_hours,
  lab_hours = excluded.lab_hours,
  kind = excluded.kind,
  suggested_term = excluded.suggested_term,
  notes = excluded.notes,
  counts_toward_gpa = excluded.counts_toward_gpa,
  counts_toward_progress = excluded.counts_toward_progress,
  grading_mode = excluded.grading_mode;

insert into public.program_courses (id, program_id, catalog_course_id, group_id, category, kind, suggested_term, notes, counts_toward_gpa, counts_toward_progress, grading_mode, display_order)
values ('cntt-2024-csc13120', 'cntt-2024', 'CSC13120', 'cntt-2024-major-core', 'major-core', 'elective', 5, null, true, true, 'numeric', 85)
on conflict (id) do update set
  program_id = excluded.program_id,
  catalog_course_id = excluded.catalog_course_id,
  group_id = excluded.group_id,
  category = excluded.category,
  kind = excluded.kind,
  suggested_term = excluded.suggested_term,
  notes = excluded.notes,
  counts_toward_gpa = excluded.counts_toward_gpa,
  counts_toward_progress = excluded.counts_toward_progress,
  grading_mode = excluded.grading_mode,
  display_order = excluded.display_order;

insert into public.courses (id, program_id, group_id, category, code, title, credits, lecture_hours, practice_hours, lab_hours, kind, suggested_term, notes, counts_toward_gpa, counts_toward_progress, grading_mode)
values ('cntt-2024-csc13120', 'cntt-2024', 'cntt-2024-major-core', 'major-core', 'CSC13120', 'Lập trình Web 2', 4, 45, 30, 0, 'elective', 5, null, true, true, 'numeric')
on conflict (id) do update set
  group_id = excluded.group_id,
  category = excluded.category,
  code = excluded.code,
  title = excluded.title,
  credits = excluded.credits,
  lecture_hours = excluded.lecture_hours,
  practice_hours = excluded.practice_hours,
  lab_hours = excluded.lab_hours,
  kind = excluded.kind,
  suggested_term = excluded.suggested_term,
  notes = excluded.notes,
  counts_toward_gpa = excluded.counts_toward_gpa,
  counts_toward_progress = excluded.counts_toward_progress,
  grading_mode = excluded.grading_mode;

insert into public.program_courses (id, program_id, catalog_course_id, group_id, category, kind, suggested_term, notes, counts_toward_gpa, counts_toward_progress, grading_mode, display_order)
values ('cntt-2024-csc13121', 'cntt-2024', 'CSC13121', 'cntt-2024-major-core', 'major-core', 'elective', 5, null, true, true, 'numeric', 86)
on conflict (id) do update set
  program_id = excluded.program_id,
  catalog_course_id = excluded.catalog_course_id,
  group_id = excluded.group_id,
  category = excluded.category,
  kind = excluded.kind,
  suggested_term = excluded.suggested_term,
  notes = excluded.notes,
  counts_toward_gpa = excluded.counts_toward_gpa,
  counts_toward_progress = excluded.counts_toward_progress,
  grading_mode = excluded.grading_mode,
  display_order = excluded.display_order;

insert into public.courses (id, program_id, group_id, category, code, title, credits, lecture_hours, practice_hours, lab_hours, kind, suggested_term, notes, counts_toward_gpa, counts_toward_progress, grading_mode)
values ('cntt-2024-csc13121', 'cntt-2024', 'cntt-2024-major-core', 'major-core', 'CSC13121', 'Lập trình ứng dụng quản lý 1', 4, 45, 30, 0, 'elective', 5, null, true, true, 'numeric')
on conflict (id) do update set
  group_id = excluded.group_id,
  category = excluded.category,
  code = excluded.code,
  title = excluded.title,
  credits = excluded.credits,
  lecture_hours = excluded.lecture_hours,
  practice_hours = excluded.practice_hours,
  lab_hours = excluded.lab_hours,
  kind = excluded.kind,
  suggested_term = excluded.suggested_term,
  notes = excluded.notes,
  counts_toward_gpa = excluded.counts_toward_gpa,
  counts_toward_progress = excluded.counts_toward_progress,
  grading_mode = excluded.grading_mode;

insert into public.program_courses (id, program_id, catalog_course_id, group_id, category, kind, suggested_term, notes, counts_toward_gpa, counts_toward_progress, grading_mode, display_order)
values ('cntt-2024-csc13122', 'cntt-2024', 'CSC13122', 'cntt-2024-major-core', 'major-core', 'elective', 5, null, true, true, 'numeric', 87)
on conflict (id) do update set
  program_id = excluded.program_id,
  catalog_course_id = excluded.catalog_course_id,
  group_id = excluded.group_id,
  category = excluded.category,
  kind = excluded.kind,
  suggested_term = excluded.suggested_term,
  notes = excluded.notes,
  counts_toward_gpa = excluded.counts_toward_gpa,
  counts_toward_progress = excluded.counts_toward_progress,
  grading_mode = excluded.grading_mode,
  display_order = excluded.display_order;

insert into public.courses (id, program_id, group_id, category, code, title, credits, lecture_hours, practice_hours, lab_hours, kind, suggested_term, notes, counts_toward_gpa, counts_toward_progress, grading_mode)
values ('cntt-2024-csc13122', 'cntt-2024', 'cntt-2024-major-core', 'major-core', 'CSC13122', 'Lập trình ứng dụng quản lý 2', 4, 45, 30, 0, 'elective', 5, null, true, true, 'numeric')
on conflict (id) do update set
  group_id = excluded.group_id,
  category = excluded.category,
  code = excluded.code,
  title = excluded.title,
  credits = excluded.credits,
  lecture_hours = excluded.lecture_hours,
  practice_hours = excluded.practice_hours,
  lab_hours = excluded.lab_hours,
  kind = excluded.kind,
  suggested_term = excluded.suggested_term,
  notes = excluded.notes,
  counts_toward_gpa = excluded.counts_toward_gpa,
  counts_toward_progress = excluded.counts_toward_progress,
  grading_mode = excluded.grading_mode;

insert into public.program_courses (id, program_id, catalog_course_id, group_id, category, kind, suggested_term, notes, counts_toward_gpa, counts_toward_progress, grading_mode, display_order)
values ('cntt-2024-csc13123', 'cntt-2024', 'CSC13123', 'cntt-2024-major-core', 'major-core', 'elective', 5, null, true, true, 'numeric', 88)
on conflict (id) do update set
  program_id = excluded.program_id,
  catalog_course_id = excluded.catalog_course_id,
  group_id = excluded.group_id,
  category = excluded.category,
  kind = excluded.kind,
  suggested_term = excluded.suggested_term,
  notes = excluded.notes,
  counts_toward_gpa = excluded.counts_toward_gpa,
  counts_toward_progress = excluded.counts_toward_progress,
  grading_mode = excluded.grading_mode,
  display_order = excluded.display_order;

insert into public.courses (id, program_id, group_id, category, code, title, credits, lecture_hours, practice_hours, lab_hours, kind, suggested_term, notes, counts_toward_gpa, counts_toward_progress, grading_mode)
values ('cntt-2024-csc13123', 'cntt-2024', 'cntt-2024-major-core', 'major-core', 'CSC13123', 'Do an phan mem', 6, 60, 60, 0, 'elective', 5, null, true, true, 'numeric')
on conflict (id) do update set
  group_id = excluded.group_id,
  category = excluded.category,
  code = excluded.code,
  title = excluded.title,
  credits = excluded.credits,
  lecture_hours = excluded.lecture_hours,
  practice_hours = excluded.practice_hours,
  lab_hours = excluded.lab_hours,
  kind = excluded.kind,
  suggested_term = excluded.suggested_term,
  notes = excluded.notes,
  counts_toward_gpa = excluded.counts_toward_gpa,
  counts_toward_progress = excluded.counts_toward_progress,
  grading_mode = excluded.grading_mode;

insert into public.program_courses (id, program_id, catalog_course_id, group_id, category, kind, suggested_term, notes, counts_toward_gpa, counts_toward_progress, grading_mode, display_order)
values ('cntt-2024-csc14001', 'cntt-2024', 'CSC14001', 'cntt-2024-major-core', 'major-core', 'elective', 5, null, true, true, 'numeric', 89)
on conflict (id) do update set
  program_id = excluded.program_id,
  catalog_course_id = excluded.catalog_course_id,
  group_id = excluded.group_id,
  category = excluded.category,
  kind = excluded.kind,
  suggested_term = excluded.suggested_term,
  notes = excluded.notes,
  counts_toward_gpa = excluded.counts_toward_gpa,
  counts_toward_progress = excluded.counts_toward_progress,
  grading_mode = excluded.grading_mode,
  display_order = excluded.display_order;

insert into public.courses (id, program_id, group_id, category, code, title, credits, lecture_hours, practice_hours, lab_hours, kind, suggested_term, notes, counts_toward_gpa, counts_toward_progress, grading_mode)
values ('cntt-2024-csc14001', 'cntt-2024', 'cntt-2024-major-core', 'major-core', 'CSC14001', 'Automata và ngôn ngữ hình thức', 4, 45, 30, 0, 'elective', 5, null, true, true, 'numeric')
on conflict (id) do update set
  group_id = excluded.group_id,
  category = excluded.category,
  code = excluded.code,
  title = excluded.title,
  credits = excluded.credits,
  lecture_hours = excluded.lecture_hours,
  practice_hours = excluded.practice_hours,
  lab_hours = excluded.lab_hours,
  kind = excluded.kind,
  suggested_term = excluded.suggested_term,
  notes = excluded.notes,
  counts_toward_gpa = excluded.counts_toward_gpa,
  counts_toward_progress = excluded.counts_toward_progress,
  grading_mode = excluded.grading_mode;

insert into public.program_courses (id, program_id, catalog_course_id, group_id, category, kind, suggested_term, notes, counts_toward_gpa, counts_toward_progress, grading_mode, display_order)
values ('cntt-2024-csc14002', 'cntt-2024', 'CSC14002', 'cntt-2024-major-core', 'major-core', 'elective', 5, null, true, true, 'numeric', 90)
on conflict (id) do update set
  program_id = excluded.program_id,
  catalog_course_id = excluded.catalog_course_id,
  group_id = excluded.group_id,
  category = excluded.category,
  kind = excluded.kind,
  suggested_term = excluded.suggested_term,
  notes = excluded.notes,
  counts_toward_gpa = excluded.counts_toward_gpa,
  counts_toward_progress = excluded.counts_toward_progress,
  grading_mode = excluded.grading_mode,
  display_order = excluded.display_order;

insert into public.courses (id, program_id, group_id, category, code, title, credits, lecture_hours, practice_hours, lab_hours, kind, suggested_term, notes, counts_toward_gpa, counts_toward_progress, grading_mode)
values ('cntt-2024-csc14002', 'cntt-2024', 'cntt-2024-major-core', 'major-core', 'CSC14002', 'Các hệ cơ sở tri thức', 4, 45, 30, 0, 'elective', 5, null, true, true, 'numeric')
on conflict (id) do update set
  group_id = excluded.group_id,
  category = excluded.category,
  code = excluded.code,
  title = excluded.title,
  credits = excluded.credits,
  lecture_hours = excluded.lecture_hours,
  practice_hours = excluded.practice_hours,
  lab_hours = excluded.lab_hours,
  kind = excluded.kind,
  suggested_term = excluded.suggested_term,
  notes = excluded.notes,
  counts_toward_gpa = excluded.counts_toward_gpa,
  counts_toward_progress = excluded.counts_toward_progress,
  grading_mode = excluded.grading_mode;

insert into public.program_courses (id, program_id, catalog_course_id, group_id, category, kind, suggested_term, notes, counts_toward_gpa, counts_toward_progress, grading_mode, display_order)
values ('cntt-2024-csc14003', 'cntt-2024', 'CSC14003', 'cntt-2024-major-core', 'major-core', 'required', 5, null, true, true, 'numeric', 91)
on conflict (id) do update set
  program_id = excluded.program_id,
  catalog_course_id = excluded.catalog_course_id,
  group_id = excluded.group_id,
  category = excluded.category,
  kind = excluded.kind,
  suggested_term = excluded.suggested_term,
  notes = excluded.notes,
  counts_toward_gpa = excluded.counts_toward_gpa,
  counts_toward_progress = excluded.counts_toward_progress,
  grading_mode = excluded.grading_mode,
  display_order = excluded.display_order;

insert into public.courses (id, program_id, group_id, category, code, title, credits, lecture_hours, practice_hours, lab_hours, kind, suggested_term, notes, counts_toward_gpa, counts_toward_progress, grading_mode)
values ('cntt-2024-csc14003', 'cntt-2024', 'cntt-2024-major-core', 'major-core', 'CSC14003', 'Cơ sở trí tuệ nhân tạo', 8, 0, 0, 0, 'required', 5, null, true, true, 'numeric')
on conflict (id) do update set
  group_id = excluded.group_id,
  category = excluded.category,
  code = excluded.code,
  title = excluded.title,
  credits = excluded.credits,
  lecture_hours = excluded.lecture_hours,
  practice_hours = excluded.practice_hours,
  lab_hours = excluded.lab_hours,
  kind = excluded.kind,
  suggested_term = excluded.suggested_term,
  notes = excluded.notes,
  counts_toward_gpa = excluded.counts_toward_gpa,
  counts_toward_progress = excluded.counts_toward_progress,
  grading_mode = excluded.grading_mode;

insert into public.program_courses (id, program_id, catalog_course_id, group_id, category, kind, suggested_term, notes, counts_toward_gpa, counts_toward_progress, grading_mode, display_order)
values ('cntt-2024-csc14004', 'cntt-2024', 'CSC14004', 'cntt-2024-major-core', 'major-core', 'elective', 5, null, true, true, 'numeric', 92)
on conflict (id) do update set
  program_id = excluded.program_id,
  catalog_course_id = excluded.catalog_course_id,
  group_id = excluded.group_id,
  category = excluded.category,
  kind = excluded.kind,
  suggested_term = excluded.suggested_term,
  notes = excluded.notes,
  counts_toward_gpa = excluded.counts_toward_gpa,
  counts_toward_progress = excluded.counts_toward_progress,
  grading_mode = excluded.grading_mode,
  display_order = excluded.display_order;

insert into public.courses (id, program_id, group_id, category, code, title, credits, lecture_hours, practice_hours, lab_hours, kind, suggested_term, notes, counts_toward_gpa, counts_toward_progress, grading_mode)
values ('cntt-2024-csc14004', 'cntt-2024', 'cntt-2024-major-core', 'major-core', 'CSC14004', 'Khai thác dữ liệu và ứng dụng', 4, 45, 30, 0, 'elective', 5, null, true, true, 'numeric')
on conflict (id) do update set
  group_id = excluded.group_id,
  category = excluded.category,
  code = excluded.code,
  title = excluded.title,
  credits = excluded.credits,
  lecture_hours = excluded.lecture_hours,
  practice_hours = excluded.practice_hours,
  lab_hours = excluded.lab_hours,
  kind = excluded.kind,
  suggested_term = excluded.suggested_term,
  notes = excluded.notes,
  counts_toward_gpa = excluded.counts_toward_gpa,
  counts_toward_progress = excluded.counts_toward_progress,
  grading_mode = excluded.grading_mode;

insert into public.program_courses (id, program_id, catalog_course_id, group_id, category, kind, suggested_term, notes, counts_toward_gpa, counts_toward_progress, grading_mode, display_order)
values ('cntt-2024-csc14005', 'cntt-2024', 'CSC14005', 'cntt-2024-major-core', 'major-core', 'required', 5, null, true, true, 'numeric', 93)
on conflict (id) do update set
  program_id = excluded.program_id,
  catalog_course_id = excluded.catalog_course_id,
  group_id = excluded.group_id,
  category = excluded.category,
  kind = excluded.kind,
  suggested_term = excluded.suggested_term,
  notes = excluded.notes,
  counts_toward_gpa = excluded.counts_toward_gpa,
  counts_toward_progress = excluded.counts_toward_progress,
  grading_mode = excluded.grading_mode,
  display_order = excluded.display_order;

insert into public.courses (id, program_id, group_id, category, code, title, credits, lecture_hours, practice_hours, lab_hours, kind, suggested_term, notes, counts_toward_gpa, counts_toward_progress, grading_mode)
values ('cntt-2024-csc14005', 'cntt-2024', 'cntt-2024-major-core', 'major-core', 'CSC14005', 'Nhập môn học máy', 4, 4, 7, 0, 'required', 5, null, true, true, 'numeric')
on conflict (id) do update set
  group_id = excluded.group_id,
  category = excluded.category,
  code = excluded.code,
  title = excluded.title,
  credits = excluded.credits,
  lecture_hours = excluded.lecture_hours,
  practice_hours = excluded.practice_hours,
  lab_hours = excluded.lab_hours,
  kind = excluded.kind,
  suggested_term = excluded.suggested_term,
  notes = excluded.notes,
  counts_toward_gpa = excluded.counts_toward_gpa,
  counts_toward_progress = excluded.counts_toward_progress,
  grading_mode = excluded.grading_mode;

insert into public.program_courses (id, program_id, catalog_course_id, group_id, category, kind, suggested_term, notes, counts_toward_gpa, counts_toward_progress, grading_mode, display_order)
values ('cntt-2024-csc14006', 'cntt-2024', 'CSC14006', 'cntt-2024-major-core', 'major-core', 'elective', 5, null, true, true, 'numeric', 94)
on conflict (id) do update set
  program_id = excluded.program_id,
  catalog_course_id = excluded.catalog_course_id,
  group_id = excluded.group_id,
  category = excluded.category,
  kind = excluded.kind,
  suggested_term = excluded.suggested_term,
  notes = excluded.notes,
  counts_toward_gpa = excluded.counts_toward_gpa,
  counts_toward_progress = excluded.counts_toward_progress,
  grading_mode = excluded.grading_mode,
  display_order = excluded.display_order;

insert into public.courses (id, program_id, group_id, category, code, title, credits, lecture_hours, practice_hours, lab_hours, kind, suggested_term, notes, counts_toward_gpa, counts_toward_progress, grading_mode)
values ('cntt-2024-csc14006', 'cntt-2024', 'cntt-2024-major-core', 'major-core', 'CSC14006', 'Nhận dạng', 4, 45, 30, 0, 'elective', 5, null, true, true, 'numeric')
on conflict (id) do update set
  group_id = excluded.group_id,
  category = excluded.category,
  code = excluded.code,
  title = excluded.title,
  credits = excluded.credits,
  lecture_hours = excluded.lecture_hours,
  practice_hours = excluded.practice_hours,
  lab_hours = excluded.lab_hours,
  kind = excluded.kind,
  suggested_term = excluded.suggested_term,
  notes = excluded.notes,
  counts_toward_gpa = excluded.counts_toward_gpa,
  counts_toward_progress = excluded.counts_toward_progress,
  grading_mode = excluded.grading_mode;

insert into public.program_courses (id, program_id, catalog_course_id, group_id, category, kind, suggested_term, notes, counts_toward_gpa, counts_toward_progress, grading_mode, display_order)
values ('cntt-2024-csc14007', 'cntt-2024', 'CSC14007', 'cntt-2024-major-core', 'major-core', 'elective', 5, null, true, true, 'numeric', 95)
on conflict (id) do update set
  program_id = excluded.program_id,
  catalog_course_id = excluded.catalog_course_id,
  group_id = excluded.group_id,
  category = excluded.category,
  kind = excluded.kind,
  suggested_term = excluded.suggested_term,
  notes = excluded.notes,
  counts_toward_gpa = excluded.counts_toward_gpa,
  counts_toward_progress = excluded.counts_toward_progress,
  grading_mode = excluded.grading_mode,
  display_order = excluded.display_order;

insert into public.courses (id, program_id, group_id, category, code, title, credits, lecture_hours, practice_hours, lab_hours, kind, suggested_term, notes, counts_toward_gpa, counts_toward_progress, grading_mode)
values ('cntt-2024-csc14007', 'cntt-2024', 'cntt-2024-major-core', 'major-core', 'CSC14007', 'Nhập môn phân tích độ phức tạp thuật toán', 4, 45, 30, 0, 'elective', 5, null, true, true, 'numeric')
on conflict (id) do update set
  group_id = excluded.group_id,
  category = excluded.category,
  code = excluded.code,
  title = excluded.title,
  credits = excluded.credits,
  lecture_hours = excluded.lecture_hours,
  practice_hours = excluded.practice_hours,
  lab_hours = excluded.lab_hours,
  kind = excluded.kind,
  suggested_term = excluded.suggested_term,
  notes = excluded.notes,
  counts_toward_gpa = excluded.counts_toward_gpa,
  counts_toward_progress = excluded.counts_toward_progress,
  grading_mode = excluded.grading_mode;

insert into public.program_courses (id, program_id, catalog_course_id, group_id, category, kind, suggested_term, notes, counts_toward_gpa, counts_toward_progress, grading_mode, display_order)
values ('cntt-2024-csc14008', 'cntt-2024', 'CSC14008', 'cntt-2024-major-core', 'major-core', 'required', 5, null, true, true, 'numeric', 96)
on conflict (id) do update set
  program_id = excluded.program_id,
  catalog_course_id = excluded.catalog_course_id,
  group_id = excluded.group_id,
  category = excluded.category,
  kind = excluded.kind,
  suggested_term = excluded.suggested_term,
  notes = excluded.notes,
  counts_toward_gpa = excluded.counts_toward_gpa,
  counts_toward_progress = excluded.counts_toward_progress,
  grading_mode = excluded.grading_mode,
  display_order = excluded.display_order;

insert into public.courses (id, program_id, group_id, category, code, title, credits, lecture_hours, practice_hours, lab_hours, kind, suggested_term, notes, counts_toward_gpa, counts_toward_progress, grading_mode)
values ('cntt-2024-csc14008', 'cntt-2024', 'cntt-2024-major-core', 'major-core', 'CSC14008', 'Phương pháp nghiên cứu khoa học', 4, 4, 8, 0, 'required', 5, null, true, true, 'numeric')
on conflict (id) do update set
  group_id = excluded.group_id,
  category = excluded.category,
  code = excluded.code,
  title = excluded.title,
  credits = excluded.credits,
  lecture_hours = excluded.lecture_hours,
  practice_hours = excluded.practice_hours,
  lab_hours = excluded.lab_hours,
  kind = excluded.kind,
  suggested_term = excluded.suggested_term,
  notes = excluded.notes,
  counts_toward_gpa = excluded.counts_toward_gpa,
  counts_toward_progress = excluded.counts_toward_progress,
  grading_mode = excluded.grading_mode;

insert into public.program_courses (id, program_id, catalog_course_id, group_id, category, kind, suggested_term, notes, counts_toward_gpa, counts_toward_progress, grading_mode, display_order)
values ('cntt-2024-csc14105', 'cntt-2024', 'CSC14105', 'cntt-2024-major-core', 'major-core', 'elective', 5, null, true, true, 'numeric', 97)
on conflict (id) do update set
  program_id = excluded.program_id,
  catalog_course_id = excluded.catalog_course_id,
  group_id = excluded.group_id,
  category = excluded.category,
  kind = excluded.kind,
  suggested_term = excluded.suggested_term,
  notes = excluded.notes,
  counts_toward_gpa = excluded.counts_toward_gpa,
  counts_toward_progress = excluded.counts_toward_progress,
  grading_mode = excluded.grading_mode,
  display_order = excluded.display_order;

insert into public.courses (id, program_id, group_id, category, code, title, credits, lecture_hours, practice_hours, lab_hours, kind, suggested_term, notes, counts_toward_gpa, counts_toward_progress, grading_mode)
values ('cntt-2024-csc14105', 'cntt-2024', 'cntt-2024-major-core', 'major-core', 'CSC14105', 'Khoa học về web', 4, 45, 30, 0, 'elective', 5, null, true, true, 'numeric')
on conflict (id) do update set
  group_id = excluded.group_id,
  category = excluded.category,
  code = excluded.code,
  title = excluded.title,
  credits = excluded.credits,
  lecture_hours = excluded.lecture_hours,
  practice_hours = excluded.practice_hours,
  lab_hours = excluded.lab_hours,
  kind = excluded.kind,
  suggested_term = excluded.suggested_term,
  notes = excluded.notes,
  counts_toward_gpa = excluded.counts_toward_gpa,
  counts_toward_progress = excluded.counts_toward_progress,
  grading_mode = excluded.grading_mode;

insert into public.program_courses (id, program_id, catalog_course_id, group_id, category, kind, suggested_term, notes, counts_toward_gpa, counts_toward_progress, grading_mode, display_order)
values ('cntt-2024-csc14111', 'cntt-2024', 'CSC14111', 'cntt-2024-major-core', 'major-core', 'elective', 5, null, true, true, 'numeric', 98)
on conflict (id) do update set
  program_id = excluded.program_id,
  catalog_course_id = excluded.catalog_course_id,
  group_id = excluded.group_id,
  category = excluded.category,
  kind = excluded.kind,
  suggested_term = excluded.suggested_term,
  notes = excluded.notes,
  counts_toward_gpa = excluded.counts_toward_gpa,
  counts_toward_progress = excluded.counts_toward_progress,
  grading_mode = excluded.grading_mode,
  display_order = excluded.display_order;

insert into public.courses (id, program_id, group_id, category, code, title, credits, lecture_hours, practice_hours, lab_hours, kind, suggested_term, notes, counts_toward_gpa, counts_toward_progress, grading_mode)
values ('cntt-2024-csc14111', 'cntt-2024', 'cntt-2024-major-core', 'major-core', 'CSC14111', 'Nhập môn thiết kế và phân tích giải thuật', 4, 45, 30, 0, 'elective', 5, null, true, true, 'numeric')
on conflict (id) do update set
  group_id = excluded.group_id,
  category = excluded.category,
  code = excluded.code,
  title = excluded.title,
  credits = excluded.credits,
  lecture_hours = excluded.lecture_hours,
  practice_hours = excluded.practice_hours,
  lab_hours = excluded.lab_hours,
  kind = excluded.kind,
  suggested_term = excluded.suggested_term,
  notes = excluded.notes,
  counts_toward_gpa = excluded.counts_toward_gpa,
  counts_toward_progress = excluded.counts_toward_progress,
  grading_mode = excluded.grading_mode;

insert into public.program_courses (id, program_id, catalog_course_id, group_id, category, kind, suggested_term, notes, counts_toward_gpa, counts_toward_progress, grading_mode, display_order)
values ('cntt-2024-csc14112', 'cntt-2024', 'CSC14112', 'cntt-2024-major-core', 'major-core', 'elective', 5, null, true, true, 'numeric', 99)
on conflict (id) do update set
  program_id = excluded.program_id,
  catalog_course_id = excluded.catalog_course_id,
  group_id = excluded.group_id,
  category = excluded.category,
  kind = excluded.kind,
  suggested_term = excluded.suggested_term,
  notes = excluded.notes,
  counts_toward_gpa = excluded.counts_toward_gpa,
  counts_toward_progress = excluded.counts_toward_progress,
  grading_mode = excluded.grading_mode,
  display_order = excluded.display_order;

insert into public.courses (id, program_id, group_id, category, code, title, credits, lecture_hours, practice_hours, lab_hours, kind, suggested_term, notes, counts_toward_gpa, counts_toward_progress, grading_mode)
values ('cntt-2024-csc14112', 'cntt-2024', 'cntt-2024-major-core', 'major-core', 'CSC14112', 'Sinh trắc học', 4, 45, 30, 0, 'elective', 5, null, true, true, 'numeric')
on conflict (id) do update set
  group_id = excluded.group_id,
  category = excluded.category,
  code = excluded.code,
  title = excluded.title,
  credits = excluded.credits,
  lecture_hours = excluded.lecture_hours,
  practice_hours = excluded.practice_hours,
  lab_hours = excluded.lab_hours,
  kind = excluded.kind,
  suggested_term = excluded.suggested_term,
  notes = excluded.notes,
  counts_toward_gpa = excluded.counts_toward_gpa,
  counts_toward_progress = excluded.counts_toward_progress,
  grading_mode = excluded.grading_mode;

insert into public.program_courses (id, program_id, catalog_course_id, group_id, category, kind, suggested_term, notes, counts_toward_gpa, counts_toward_progress, grading_mode, display_order)
values ('cntt-2024-csc14113', 'cntt-2024', 'CSC14113', 'cntt-2024-major-core', 'major-core', 'elective', 5, null, true, true, 'numeric', 100)
on conflict (id) do update set
  program_id = excluded.program_id,
  catalog_course_id = excluded.catalog_course_id,
  group_id = excluded.group_id,
  category = excluded.category,
  kind = excluded.kind,
  suggested_term = excluded.suggested_term,
  notes = excluded.notes,
  counts_toward_gpa = excluded.counts_toward_gpa,
  counts_toward_progress = excluded.counts_toward_progress,
  grading_mode = excluded.grading_mode,
  display_order = excluded.display_order;

insert into public.courses (id, program_id, group_id, category, code, title, credits, lecture_hours, practice_hours, lab_hours, kind, suggested_term, notes, counts_toward_gpa, counts_toward_progress, grading_mode)
values ('cntt-2024-csc14113', 'cntt-2024', 'cntt-2024-major-core', 'major-core', 'CSC14113', 'Trình biên dịch', 1, 45, 30, 0, 'elective', 5, null, true, true, 'numeric')
on conflict (id) do update set
  group_id = excluded.group_id,
  category = excluded.category,
  code = excluded.code,
  title = excluded.title,
  credits = excluded.credits,
  lecture_hours = excluded.lecture_hours,
  practice_hours = excluded.practice_hours,
  lab_hours = excluded.lab_hours,
  kind = excluded.kind,
  suggested_term = excluded.suggested_term,
  notes = excluded.notes,
  counts_toward_gpa = excluded.counts_toward_gpa,
  counts_toward_progress = excluded.counts_toward_progress,
  grading_mode = excluded.grading_mode;

insert into public.program_courses (id, program_id, catalog_course_id, group_id, category, kind, suggested_term, notes, counts_toward_gpa, counts_toward_progress, grading_mode, display_order)
values ('cntt-2024-csc14114', 'cntt-2024', 'CSC14114', 'cntt-2024-major-core', 'major-core', 'elective', 5, null, true, true, 'numeric', 101)
on conflict (id) do update set
  program_id = excluded.program_id,
  catalog_course_id = excluded.catalog_course_id,
  group_id = excluded.group_id,
  category = excluded.category,
  kind = excluded.kind,
  suggested_term = excluded.suggested_term,
  notes = excluded.notes,
  counts_toward_gpa = excluded.counts_toward_gpa,
  counts_toward_progress = excluded.counts_toward_progress,
  grading_mode = excluded.grading_mode,
  display_order = excluded.display_order;

insert into public.courses (id, program_id, group_id, category, code, title, credits, lecture_hours, practice_hours, lab_hours, kind, suggested_term, notes, counts_toward_gpa, counts_toward_progress, grading_mode)
values ('cntt-2024-csc14114', 'cntt-2024', 'cntt-2024-major-core', 'major-core', 'CSC14114', 'Ứng dụng dữ liệu lớn', 4, 45, 30, 0, 'elective', 5, null, true, true, 'numeric')
on conflict (id) do update set
  group_id = excluded.group_id,
  category = excluded.category,
  code = excluded.code,
  title = excluded.title,
  credits = excluded.credits,
  lecture_hours = excluded.lecture_hours,
  practice_hours = excluded.practice_hours,
  lab_hours = excluded.lab_hours,
  kind = excluded.kind,
  suggested_term = excluded.suggested_term,
  notes = excluded.notes,
  counts_toward_gpa = excluded.counts_toward_gpa,
  counts_toward_progress = excluded.counts_toward_progress,
  grading_mode = excluded.grading_mode;

insert into public.program_courses (id, program_id, catalog_course_id, group_id, category, kind, suggested_term, notes, counts_toward_gpa, counts_toward_progress, grading_mode, display_order)
values ('cntt-2024-csc14115', 'cntt-2024', 'CSC14115', 'cntt-2024-major-core', 'major-core', 'elective', 5, null, true, true, 'numeric', 102)
on conflict (id) do update set
  program_id = excluded.program_id,
  catalog_course_id = excluded.catalog_course_id,
  group_id = excluded.group_id,
  category = excluded.category,
  kind = excluded.kind,
  suggested_term = excluded.suggested_term,
  notes = excluded.notes,
  counts_toward_gpa = excluded.counts_toward_gpa,
  counts_toward_progress = excluded.counts_toward_progress,
  grading_mode = excluded.grading_mode,
  display_order = excluded.display_order;

insert into public.courses (id, program_id, group_id, category, code, title, credits, lecture_hours, practice_hours, lab_hours, kind, suggested_term, notes, counts_toward_gpa, counts_toward_progress, grading_mode)
values ('cntt-2024-csc14115', 'cntt-2024', 'cntt-2024-major-core', 'major-core', 'CSC14115', 'Khoa học dữ liệu ứng dụng', 4, 45, 30, 0, 'elective', 5, null, true, true, 'numeric')
on conflict (id) do update set
  group_id = excluded.group_id,
  category = excluded.category,
  code = excluded.code,
  title = excluded.title,
  credits = excluded.credits,
  lecture_hours = excluded.lecture_hours,
  practice_hours = excluded.practice_hours,
  lab_hours = excluded.lab_hours,
  kind = excluded.kind,
  suggested_term = excluded.suggested_term,
  notes = excluded.notes,
  counts_toward_gpa = excluded.counts_toward_gpa,
  counts_toward_progress = excluded.counts_toward_progress,
  grading_mode = excluded.grading_mode;

insert into public.program_courses (id, program_id, catalog_course_id, group_id, category, kind, suggested_term, notes, counts_toward_gpa, counts_toward_progress, grading_mode, display_order)
values ('cntt-2024-csc14116', 'cntt-2024', 'CSC14116', 'cntt-2024-major-core', 'major-core', 'elective', 5, null, true, true, 'numeric', 103)
on conflict (id) do update set
  program_id = excluded.program_id,
  catalog_course_id = excluded.catalog_course_id,
  group_id = excluded.group_id,
  category = excluded.category,
  kind = excluded.kind,
  suggested_term = excluded.suggested_term,
  notes = excluded.notes,
  counts_toward_gpa = excluded.counts_toward_gpa,
  counts_toward_progress = excluded.counts_toward_progress,
  grading_mode = excluded.grading_mode,
  display_order = excluded.display_order;

insert into public.courses (id, program_id, group_id, category, code, title, credits, lecture_hours, practice_hours, lab_hours, kind, suggested_term, notes, counts_toward_gpa, counts_toward_progress, grading_mode)
values ('cntt-2024-csc14116', 'cntt-2024', 'cntt-2024-major-core', 'major-core', 'CSC14116', 'Lập trình song song ứng dụng', 4, 45, 30, 0, 'elective', 5, null, true, true, 'numeric')
on conflict (id) do update set
  group_id = excluded.group_id,
  category = excluded.category,
  code = excluded.code,
  title = excluded.title,
  credits = excluded.credits,
  lecture_hours = excluded.lecture_hours,
  practice_hours = excluded.practice_hours,
  lab_hours = excluded.lab_hours,
  kind = excluded.kind,
  suggested_term = excluded.suggested_term,
  notes = excluded.notes,
  counts_toward_gpa = excluded.counts_toward_gpa,
  counts_toward_progress = excluded.counts_toward_progress,
  grading_mode = excluded.grading_mode;

insert into public.program_courses (id, program_id, catalog_course_id, group_id, category, kind, suggested_term, notes, counts_toward_gpa, counts_toward_progress, grading_mode, display_order)
values ('cntt-2024-csc14118', 'cntt-2024', 'CSC14118', 'cntt-2024-major-core', 'major-core', 'required', 5, null, true, true, 'numeric', 104)
on conflict (id) do update set
  program_id = excluded.program_id,
  catalog_course_id = excluded.catalog_course_id,
  group_id = excluded.group_id,
  category = excluded.category,
  kind = excluded.kind,
  suggested_term = excluded.suggested_term,
  notes = excluded.notes,
  counts_toward_gpa = excluded.counts_toward_gpa,
  counts_toward_progress = excluded.counts_toward_progress,
  grading_mode = excluded.grading_mode,
  display_order = excluded.display_order;

insert into public.courses (id, program_id, group_id, category, code, title, credits, lecture_hours, practice_hours, lab_hours, kind, suggested_term, notes, counts_toward_gpa, counts_toward_progress, grading_mode)
values ('cntt-2024-csc14118', 'cntt-2024', 'cntt-2024-major-core', 'major-core', 'CSC14118', 'Nhập môn dữ liệu lớn', 4, 4, 9, 0, 'required', 5, null, true, true, 'numeric')
on conflict (id) do update set
  group_id = excluded.group_id,
  category = excluded.category,
  code = excluded.code,
  title = excluded.title,
  credits = excluded.credits,
  lecture_hours = excluded.lecture_hours,
  practice_hours = excluded.practice_hours,
  lab_hours = excluded.lab_hours,
  kind = excluded.kind,
  suggested_term = excluded.suggested_term,
  notes = excluded.notes,
  counts_toward_gpa = excluded.counts_toward_gpa,
  counts_toward_progress = excluded.counts_toward_progress,
  grading_mode = excluded.grading_mode;

insert into public.program_courses (id, program_id, catalog_course_id, group_id, category, kind, suggested_term, notes, counts_toward_gpa, counts_toward_progress, grading_mode, display_order)
values ('cntt-2024-csc14119', 'cntt-2024', 'CSC14119', 'cntt-2024-major-core', 'major-core', 'elective', 5, null, true, true, 'numeric', 105)
on conflict (id) do update set
  program_id = excluded.program_id,
  catalog_course_id = excluded.catalog_course_id,
  group_id = excluded.group_id,
  category = excluded.category,
  kind = excluded.kind,
  suggested_term = excluded.suggested_term,
  notes = excluded.notes,
  counts_toward_gpa = excluded.counts_toward_gpa,
  counts_toward_progress = excluded.counts_toward_progress,
  grading_mode = excluded.grading_mode,
  display_order = excluded.display_order;

insert into public.courses (id, program_id, group_id, category, code, title, credits, lecture_hours, practice_hours, lab_hours, kind, suggested_term, notes, counts_toward_gpa, counts_toward_progress, grading_mode)
values ('cntt-2024-csc14119', 'cntt-2024', 'cntt-2024-major-core', 'major-core', 'CSC14119', 'Nhập môn khoa học dữ liệu', 4, 45, 30, 0, 'elective', 5, null, true, true, 'numeric')
on conflict (id) do update set
  group_id = excluded.group_id,
  category = excluded.category,
  code = excluded.code,
  title = excluded.title,
  credits = excluded.credits,
  lecture_hours = excluded.lecture_hours,
  practice_hours = excluded.practice_hours,
  lab_hours = excluded.lab_hours,
  kind = excluded.kind,
  suggested_term = excluded.suggested_term,
  notes = excluded.notes,
  counts_toward_gpa = excluded.counts_toward_gpa,
  counts_toward_progress = excluded.counts_toward_progress,
  grading_mode = excluded.grading_mode;

insert into public.program_courses (id, program_id, catalog_course_id, group_id, category, kind, suggested_term, notes, counts_toward_gpa, counts_toward_progress, grading_mode, display_order)
values ('cntt-2024-csc14120', 'cntt-2024', 'CSC14120', 'cntt-2024-major-core', 'major-core', 'elective', 5, null, true, true, 'numeric', 106)
on conflict (id) do update set
  program_id = excluded.program_id,
  catalog_course_id = excluded.catalog_course_id,
  group_id = excluded.group_id,
  category = excluded.category,
  kind = excluded.kind,
  suggested_term = excluded.suggested_term,
  notes = excluded.notes,
  counts_toward_gpa = excluded.counts_toward_gpa,
  counts_toward_progress = excluded.counts_toward_progress,
  grading_mode = excluded.grading_mode,
  display_order = excluded.display_order;

insert into public.courses (id, program_id, group_id, category, code, title, credits, lecture_hours, practice_hours, lab_hours, kind, suggested_term, notes, counts_toward_gpa, counts_toward_progress, grading_mode)
values ('cntt-2024-csc14120', 'cntt-2024', 'cntt-2024-major-core', 'major-core', 'CSC14120', 'Lập trình song song', 4, 45, 30, 0, 'elective', 5, null, true, true, 'numeric')
on conflict (id) do update set
  group_id = excluded.group_id,
  category = excluded.category,
  code = excluded.code,
  title = excluded.title,
  credits = excluded.credits,
  lecture_hours = excluded.lecture_hours,
  practice_hours = excluded.practice_hours,
  lab_hours = excluded.lab_hours,
  kind = excluded.kind,
  suggested_term = excluded.suggested_term,
  notes = excluded.notes,
  counts_toward_gpa = excluded.counts_toward_gpa,
  counts_toward_progress = excluded.counts_toward_progress,
  grading_mode = excluded.grading_mode;

insert into public.program_courses (id, program_id, catalog_course_id, group_id, category, kind, suggested_term, notes, counts_toward_gpa, counts_toward_progress, grading_mode, display_order)
values ('cntt-2024-csc15002', 'cntt-2024', 'CSC15002', 'cntt-2024-major-core', 'major-core', 'elective', 5, null, true, true, 'numeric', 107)
on conflict (id) do update set
  program_id = excluded.program_id,
  catalog_course_id = excluded.catalog_course_id,
  group_id = excluded.group_id,
  category = excluded.category,
  kind = excluded.kind,
  suggested_term = excluded.suggested_term,
  notes = excluded.notes,
  counts_toward_gpa = excluded.counts_toward_gpa,
  counts_toward_progress = excluded.counts_toward_progress,
  grading_mode = excluded.grading_mode,
  display_order = excluded.display_order;

insert into public.courses (id, program_id, group_id, category, code, title, credits, lecture_hours, practice_hours, lab_hours, kind, suggested_term, notes, counts_toward_gpa, counts_toward_progress, grading_mode)
values ('cntt-2024-csc15002', 'cntt-2024', 'cntt-2024-major-core', 'major-core', 'CSC15002', 'Bảo mật cơ sở dữ liệu', 4, 45, 30, 0, 'elective', 5, null, true, true, 'numeric')
on conflict (id) do update set
  group_id = excluded.group_id,
  category = excluded.category,
  code = excluded.code,
  title = excluded.title,
  credits = excluded.credits,
  lecture_hours = excluded.lecture_hours,
  practice_hours = excluded.practice_hours,
  lab_hours = excluded.lab_hours,
  kind = excluded.kind,
  suggested_term = excluded.suggested_term,
  notes = excluded.notes,
  counts_toward_gpa = excluded.counts_toward_gpa,
  counts_toward_progress = excluded.counts_toward_progress,
  grading_mode = excluded.grading_mode;

insert into public.program_courses (id, program_id, catalog_course_id, group_id, category, kind, suggested_term, notes, counts_toward_gpa, counts_toward_progress, grading_mode, display_order)
values ('cntt-2024-csc15003', 'cntt-2024', 'CSC15003', 'cntt-2024-major-core', 'major-core', 'elective', 5, null, true, true, 'numeric', 108)
on conflict (id) do update set
  program_id = excluded.program_id,
  catalog_course_id = excluded.catalog_course_id,
  group_id = excluded.group_id,
  category = excluded.category,
  kind = excluded.kind,
  suggested_term = excluded.suggested_term,
  notes = excluded.notes,
  counts_toward_gpa = excluded.counts_toward_gpa,
  counts_toward_progress = excluded.counts_toward_progress,
  grading_mode = excluded.grading_mode,
  display_order = excluded.display_order;

insert into public.courses (id, program_id, group_id, category, code, title, credits, lecture_hours, practice_hours, lab_hours, kind, suggested_term, notes, counts_toward_gpa, counts_toward_progress, grading_mode)
values ('cntt-2024-csc15003', 'cntt-2024', 'cntt-2024-major-core', 'major-core', 'CSC15003', 'Mã hóa ứng dụng', 4, 30, 45, 0, 'elective', 5, null, true, true, 'numeric')
on conflict (id) do update set
  group_id = excluded.group_id,
  category = excluded.category,
  code = excluded.code,
  title = excluded.title,
  credits = excluded.credits,
  lecture_hours = excluded.lecture_hours,
  practice_hours = excluded.practice_hours,
  lab_hours = excluded.lab_hours,
  kind = excluded.kind,
  suggested_term = excluded.suggested_term,
  notes = excluded.notes,
  counts_toward_gpa = excluded.counts_toward_gpa,
  counts_toward_progress = excluded.counts_toward_progress,
  grading_mode = excluded.grading_mode;

insert into public.program_courses (id, program_id, catalog_course_id, group_id, category, kind, suggested_term, notes, counts_toward_gpa, counts_toward_progress, grading_mode, display_order)
values ('cntt-2024-csc15004', 'cntt-2024', 'CSC15004', 'cntt-2024-major-core', 'major-core', 'elective', 5, null, true, true, 'numeric', 109)
on conflict (id) do update set
  program_id = excluded.program_id,
  catalog_course_id = excluded.catalog_course_id,
  group_id = excluded.group_id,
  category = excluded.category,
  kind = excluded.kind,
  suggested_term = excluded.suggested_term,
  notes = excluded.notes,
  counts_toward_gpa = excluded.counts_toward_gpa,
  counts_toward_progress = excluded.counts_toward_progress,
  grading_mode = excluded.grading_mode,
  display_order = excluded.display_order;

insert into public.courses (id, program_id, group_id, category, code, title, credits, lecture_hours, practice_hours, lab_hours, kind, suggested_term, notes, counts_toward_gpa, counts_toward_progress, grading_mode)
values ('cntt-2024-csc15004', 'cntt-2024', 'cntt-2024-major-core', 'major-core', 'CSC15004', 'Học thống kê', 4, 45, 30, 0, 'elective', 5, null, true, true, 'numeric')
on conflict (id) do update set
  group_id = excluded.group_id,
  category = excluded.category,
  code = excluded.code,
  title = excluded.title,
  credits = excluded.credits,
  lecture_hours = excluded.lecture_hours,
  practice_hours = excluded.practice_hours,
  lab_hours = excluded.lab_hours,
  kind = excluded.kind,
  suggested_term = excluded.suggested_term,
  notes = excluded.notes,
  counts_toward_gpa = excluded.counts_toward_gpa,
  counts_toward_progress = excluded.counts_toward_progress,
  grading_mode = excluded.grading_mode;

insert into public.program_courses (id, program_id, catalog_course_id, group_id, category, kind, suggested_term, notes, counts_toward_gpa, counts_toward_progress, grading_mode, display_order)
values ('cntt-2024-csc15005', 'cntt-2024', 'CSC15005', 'cntt-2024-major-core', 'major-core', 'required', 5, null, true, true, 'numeric', 110)
on conflict (id) do update set
  program_id = excluded.program_id,
  catalog_course_id = excluded.catalog_course_id,
  group_id = excluded.group_id,
  category = excluded.category,
  kind = excluded.kind,
  suggested_term = excluded.suggested_term,
  notes = excluded.notes,
  counts_toward_gpa = excluded.counts_toward_gpa,
  counts_toward_progress = excluded.counts_toward_progress,
  grading_mode = excluded.grading_mode,
  display_order = excluded.display_order;

insert into public.courses (id, program_id, group_id, category, code, title, credits, lecture_hours, practice_hours, lab_hours, kind, suggested_term, notes, counts_toward_gpa, counts_toward_progress, grading_mode)
values ('cntt-2024-csc15005', 'cntt-2024', 'cntt-2024-major-core', 'major-core', 'CSC15005', 'Nhập môn mã hóa - mật mã', 4, 4, 10, 0, 'required', 5, null, true, true, 'numeric')
on conflict (id) do update set
  group_id = excluded.group_id,
  category = excluded.category,
  code = excluded.code,
  title = excluded.title,
  credits = excluded.credits,
  lecture_hours = excluded.lecture_hours,
  practice_hours = excluded.practice_hours,
  lab_hours = excluded.lab_hours,
  kind = excluded.kind,
  suggested_term = excluded.suggested_term,
  notes = excluded.notes,
  counts_toward_gpa = excluded.counts_toward_gpa,
  counts_toward_progress = excluded.counts_toward_progress,
  grading_mode = excluded.grading_mode;

insert into public.program_courses (id, program_id, catalog_course_id, group_id, category, kind, suggested_term, notes, counts_toward_gpa, counts_toward_progress, grading_mode, display_order)
values ('cntt-2024-csc15006', 'cntt-2024', 'CSC15006', 'cntt-2024-major-core', 'major-core', 'required', 5, null, true, true, 'numeric', 111)
on conflict (id) do update set
  program_id = excluded.program_id,
  catalog_course_id = excluded.catalog_course_id,
  group_id = excluded.group_id,
  category = excluded.category,
  kind = excluded.kind,
  suggested_term = excluded.suggested_term,
  notes = excluded.notes,
  counts_toward_gpa = excluded.counts_toward_gpa,
  counts_toward_progress = excluded.counts_toward_progress,
  grading_mode = excluded.grading_mode,
  display_order = excluded.display_order;

insert into public.courses (id, program_id, group_id, category, code, title, credits, lecture_hours, practice_hours, lab_hours, kind, suggested_term, notes, counts_toward_gpa, counts_toward_progress, grading_mode)
values ('cntt-2024-csc15006', 'cntt-2024', 'cntt-2024-major-core', 'major-core', 'CSC15006', 'Nhập môn xử lý ngôn ngữ tự nhiên', 4, 4, 11, 0, 'required', 5, null, true, true, 'numeric')
on conflict (id) do update set
  group_id = excluded.group_id,
  category = excluded.category,
  code = excluded.code,
  title = excluded.title,
  credits = excluded.credits,
  lecture_hours = excluded.lecture_hours,
  practice_hours = excluded.practice_hours,
  lab_hours = excluded.lab_hours,
  kind = excluded.kind,
  suggested_term = excluded.suggested_term,
  notes = excluded.notes,
  counts_toward_gpa = excluded.counts_toward_gpa,
  counts_toward_progress = excluded.counts_toward_progress,
  grading_mode = excluded.grading_mode;

insert into public.program_courses (id, program_id, catalog_course_id, group_id, category, kind, suggested_term, notes, counts_toward_gpa, counts_toward_progress, grading_mode, display_order)
values ('cntt-2024-csc15007', 'cntt-2024', 'CSC15007', 'cntt-2024-major-core', 'major-core', 'elective', 5, null, true, true, 'numeric', 112)
on conflict (id) do update set
  program_id = excluded.program_id,
  catalog_course_id = excluded.catalog_course_id,
  group_id = excluded.group_id,
  category = excluded.category,
  kind = excluded.kind,
  suggested_term = excluded.suggested_term,
  notes = excluded.notes,
  counts_toward_gpa = excluded.counts_toward_gpa,
  counts_toward_progress = excluded.counts_toward_progress,
  grading_mode = excluded.grading_mode,
  display_order = excluded.display_order;

insert into public.courses (id, program_id, group_id, category, code, title, credits, lecture_hours, practice_hours, lab_hours, kind, suggested_term, notes, counts_toward_gpa, counts_toward_progress, grading_mode)
values ('cntt-2024-csc15007', 'cntt-2024', 'cntt-2024-major-core', 'major-core', 'CSC15007', 'Thống kê máy tính và ứng dụng', 4, 45, 30, 0, 'elective', 5, null, true, true, 'numeric')
on conflict (id) do update set
  group_id = excluded.group_id,
  category = excluded.category,
  code = excluded.code,
  title = excluded.title,
  credits = excluded.credits,
  lecture_hours = excluded.lecture_hours,
  practice_hours = excluded.practice_hours,
  lab_hours = excluded.lab_hours,
  kind = excluded.kind,
  suggested_term = excluded.suggested_term,
  notes = excluded.notes,
  counts_toward_gpa = excluded.counts_toward_gpa,
  counts_toward_progress = excluded.counts_toward_progress,
  grading_mode = excluded.grading_mode;

insert into public.program_courses (id, program_id, catalog_course_id, group_id, category, kind, suggested_term, notes, counts_toward_gpa, counts_toward_progress, grading_mode, display_order)
values ('cntt-2024-csc15009', 'cntt-2024', 'CSC15009', 'cntt-2024-major-core', 'major-core', 'elective', 5, null, true, true, 'numeric', 113)
on conflict (id) do update set
  program_id = excluded.program_id,
  catalog_course_id = excluded.catalog_course_id,
  group_id = excluded.group_id,
  category = excluded.category,
  kind = excluded.kind,
  suggested_term = excluded.suggested_term,
  notes = excluded.notes,
  counts_toward_gpa = excluded.counts_toward_gpa,
  counts_toward_progress = excluded.counts_toward_progress,
  grading_mode = excluded.grading_mode,
  display_order = excluded.display_order;

insert into public.courses (id, program_id, group_id, category, code, title, credits, lecture_hours, practice_hours, lab_hours, kind, suggested_term, notes, counts_toward_gpa, counts_toward_progress, grading_mode)
values ('cntt-2024-csc15009', 'cntt-2024', 'cntt-2024-major-core', 'major-core', 'CSC15009', 'Xử lý tín hiệu số', 4, 45, 30, 0, 'elective', 5, null, true, true, 'numeric')
on conflict (id) do update set
  group_id = excluded.group_id,
  category = excluded.category,
  code = excluded.code,
  title = excluded.title,
  credits = excluded.credits,
  lecture_hours = excluded.lecture_hours,
  practice_hours = excluded.practice_hours,
  lab_hours = excluded.lab_hours,
  kind = excluded.kind,
  suggested_term = excluded.suggested_term,
  notes = excluded.notes,
  counts_toward_gpa = excluded.counts_toward_gpa,
  counts_toward_progress = excluded.counts_toward_progress,
  grading_mode = excluded.grading_mode;

insert into public.program_courses (id, program_id, catalog_course_id, group_id, category, kind, suggested_term, notes, counts_toward_gpa, counts_toward_progress, grading_mode, display_order)
values ('cntt-2024-csc15010', 'cntt-2024', 'CSC15010', 'cntt-2024-major-core', 'major-core', 'required', 5, null, true, true, 'numeric', 114)
on conflict (id) do update set
  program_id = excluded.program_id,
  catalog_course_id = excluded.catalog_course_id,
  group_id = excluded.group_id,
  category = excluded.category,
  kind = excluded.kind,
  suggested_term = excluded.suggested_term,
  notes = excluded.notes,
  counts_toward_gpa = excluded.counts_toward_gpa,
  counts_toward_progress = excluded.counts_toward_progress,
  grading_mode = excluded.grading_mode,
  display_order = excluded.display_order;

insert into public.courses (id, program_id, group_id, category, code, title, credits, lecture_hours, practice_hours, lab_hours, kind, suggested_term, notes, counts_toward_gpa, counts_toward_progress, grading_mode)
values ('cntt-2024-csc15010', 'cntt-2024', 'cntt-2024-major-core', 'major-core', 'CSC15010', 'Blockchain và ứng dụng', 4, 12, 0, 0, 'required', 5, null, true, true, 'numeric')
on conflict (id) do update set
  group_id = excluded.group_id,
  category = excluded.category,
  code = excluded.code,
  title = excluded.title,
  credits = excluded.credits,
  lecture_hours = excluded.lecture_hours,
  practice_hours = excluded.practice_hours,
  lab_hours = excluded.lab_hours,
  kind = excluded.kind,
  suggested_term = excluded.suggested_term,
  notes = excluded.notes,
  counts_toward_gpa = excluded.counts_toward_gpa,
  counts_toward_progress = excluded.counts_toward_progress,
  grading_mode = excluded.grading_mode;

insert into public.program_courses (id, program_id, catalog_course_id, group_id, category, kind, suggested_term, notes, counts_toward_gpa, counts_toward_progress, grading_mode, display_order)
values ('cntt-2024-csc15011', 'cntt-2024', 'CSC15011', 'cntt-2024-major-core', 'major-core', 'elective', 5, null, true, true, 'numeric', 115)
on conflict (id) do update set
  program_id = excluded.program_id,
  catalog_course_id = excluded.catalog_course_id,
  group_id = excluded.group_id,
  category = excluded.category,
  kind = excluded.kind,
  suggested_term = excluded.suggested_term,
  notes = excluded.notes,
  counts_toward_gpa = excluded.counts_toward_gpa,
  counts_toward_progress = excluded.counts_toward_progress,
  grading_mode = excluded.grading_mode,
  display_order = excluded.display_order;

insert into public.courses (id, program_id, group_id, category, code, title, credits, lecture_hours, practice_hours, lab_hours, kind, suggested_term, notes, counts_toward_gpa, counts_toward_progress, grading_mode)
values ('cntt-2024-csc15011', 'cntt-2024', 'cntt-2024-major-core', 'major-core', 'CSC15011', 'Nhập môn ngôn ngữ học thống kê và ứng dụng', 4, 45, 30, 0, 'elective', 5, null, true, true, 'numeric')
on conflict (id) do update set
  group_id = excluded.group_id,
  category = excluded.category,
  code = excluded.code,
  title = excluded.title,
  credits = excluded.credits,
  lecture_hours = excluded.lecture_hours,
  practice_hours = excluded.practice_hours,
  lab_hours = excluded.lab_hours,
  kind = excluded.kind,
  suggested_term = excluded.suggested_term,
  notes = excluded.notes,
  counts_toward_gpa = excluded.counts_toward_gpa,
  counts_toward_progress = excluded.counts_toward_progress,
  grading_mode = excluded.grading_mode;

insert into public.program_courses (id, program_id, catalog_course_id, group_id, category, kind, suggested_term, notes, counts_toward_gpa, counts_toward_progress, grading_mode, display_order)
values ('cntt-2024-csc15012', 'cntt-2024', 'CSC15012', 'cntt-2024-major-core', 'major-core', 'elective', 5, null, true, true, 'numeric', 116)
on conflict (id) do update set
  program_id = excluded.program_id,
  catalog_course_id = excluded.catalog_course_id,
  group_id = excluded.group_id,
  category = excluded.category,
  kind = excluded.kind,
  suggested_term = excluded.suggested_term,
  notes = excluded.notes,
  counts_toward_gpa = excluded.counts_toward_gpa,
  counts_toward_progress = excluded.counts_toward_progress,
  grading_mode = excluded.grading_mode,
  display_order = excluded.display_order;

insert into public.courses (id, program_id, group_id, category, code, title, credits, lecture_hours, practice_hours, lab_hours, kind, suggested_term, notes, counts_toward_gpa, counts_toward_progress, grading_mode)
values ('cntt-2024-csc15012', 'cntt-2024', 'cntt-2024-major-core', 'major-core', 'CSC15012', 'Ứng dụng xử lý ngôn ngữ tự nhiên trong doanh nghiệp', 4, 45, 30, 0, 'elective', 5, null, true, true, 'numeric')
on conflict (id) do update set
  group_id = excluded.group_id,
  category = excluded.category,
  code = excluded.code,
  title = excluded.title,
  credits = excluded.credits,
  lecture_hours = excluded.lecture_hours,
  practice_hours = excluded.practice_hours,
  lab_hours = excluded.lab_hours,
  kind = excluded.kind,
  suggested_term = excluded.suggested_term,
  notes = excluded.notes,
  counts_toward_gpa = excluded.counts_toward_gpa,
  counts_toward_progress = excluded.counts_toward_progress,
  grading_mode = excluded.grading_mode;

insert into public.program_courses (id, program_id, catalog_course_id, group_id, category, kind, suggested_term, notes, counts_toward_gpa, counts_toward_progress, grading_mode, display_order)
values ('cntt-2024-csc15102', 'cntt-2024', 'CSC15102', 'cntt-2024-major-core', 'major-core', 'required', 5, null, true, true, 'numeric', 117)
on conflict (id) do update set
  program_id = excluded.program_id,
  catalog_course_id = excluded.catalog_course_id,
  group_id = excluded.group_id,
  category = excluded.category,
  kind = excluded.kind,
  suggested_term = excluded.suggested_term,
  notes = excluded.notes,
  counts_toward_gpa = excluded.counts_toward_gpa,
  counts_toward_progress = excluded.counts_toward_progress,
  grading_mode = excluded.grading_mode,
  display_order = excluded.display_order;

insert into public.courses (id, program_id, group_id, category, code, title, credits, lecture_hours, practice_hours, lab_hours, kind, suggested_term, notes, counts_toward_gpa, counts_toward_progress, grading_mode)
values ('cntt-2024-csc15102', 'cntt-2024', 'cntt-2024-major-core', 'major-core', 'CSC15102', 'Phân tích mạng xã hội', 4, 4, 13, 0, 'required', 5, null, true, true, 'numeric')
on conflict (id) do update set
  group_id = excluded.group_id,
  category = excluded.category,
  code = excluded.code,
  title = excluded.title,
  credits = excluded.credits,
  lecture_hours = excluded.lecture_hours,
  practice_hours = excluded.practice_hours,
  lab_hours = excluded.lab_hours,
  kind = excluded.kind,
  suggested_term = excluded.suggested_term,
  notes = excluded.notes,
  counts_toward_gpa = excluded.counts_toward_gpa,
  counts_toward_progress = excluded.counts_toward_progress,
  grading_mode = excluded.grading_mode;

insert into public.program_courses (id, program_id, catalog_course_id, group_id, category, kind, suggested_term, notes, counts_toward_gpa, counts_toward_progress, grading_mode, display_order)
values ('cntt-2024-csc15104', 'cntt-2024', 'CSC15104', 'cntt-2024-major-core', 'major-core', 'elective', 5, null, true, true, 'numeric', 118)
on conflict (id) do update set
  program_id = excluded.program_id,
  catalog_course_id = excluded.catalog_course_id,
  group_id = excluded.group_id,
  category = excluded.category,
  kind = excluded.kind,
  suggested_term = excluded.suggested_term,
  notes = excluded.notes,
  counts_toward_gpa = excluded.counts_toward_gpa,
  counts_toward_progress = excluded.counts_toward_progress,
  grading_mode = excluded.grading_mode,
  display_order = excluded.display_order;

insert into public.courses (id, program_id, group_id, category, code, title, credits, lecture_hours, practice_hours, lab_hours, kind, suggested_term, notes, counts_toward_gpa, counts_toward_progress, grading_mode)
values ('cntt-2024-csc15104', 'cntt-2024', 'cntt-2024-major-core', 'major-core', 'CSC15104', 'An toàn và phục hồi dữ liệu', 4, 45, 30, 0, 'elective', 5, null, true, true, 'numeric')
on conflict (id) do update set
  group_id = excluded.group_id,
  category = excluded.category,
  code = excluded.code,
  title = excluded.title,
  credits = excluded.credits,
  lecture_hours = excluded.lecture_hours,
  practice_hours = excluded.practice_hours,
  lab_hours = excluded.lab_hours,
  kind = excluded.kind,
  suggested_term = excluded.suggested_term,
  notes = excluded.notes,
  counts_toward_gpa = excluded.counts_toward_gpa,
  counts_toward_progress = excluded.counts_toward_progress,
  grading_mode = excluded.grading_mode;

insert into public.program_courses (id, program_id, catalog_course_id, group_id, category, kind, suggested_term, notes, counts_toward_gpa, counts_toward_progress, grading_mode, display_order)
values ('cntt-2024-csc15105', 'cntt-2024', 'CSC15105', 'cntt-2024-major-core', 'major-core', 'required', 5, null, true, true, 'numeric', 119)
on conflict (id) do update set
  program_id = excluded.program_id,
  catalog_course_id = excluded.catalog_course_id,
  group_id = excluded.group_id,
  category = excluded.category,
  kind = excluded.kind,
  suggested_term = excluded.suggested_term,
  notes = excluded.notes,
  counts_toward_gpa = excluded.counts_toward_gpa,
  counts_toward_progress = excluded.counts_toward_progress,
  grading_mode = excluded.grading_mode,
  display_order = excluded.display_order;

insert into public.courses (id, program_id, group_id, category, code, title, credits, lecture_hours, practice_hours, lab_hours, kind, suggested_term, notes, counts_toward_gpa, counts_toward_progress, grading_mode)
values ('cntt-2024-csc15105', 'cntt-2024', 'cntt-2024-major-core', 'major-core', 'CSC15105', 'Khai thác dữ liệu văn bản và ứng dụng', 4, 4, 14, 0, 'required', 5, null, true, true, 'numeric')
on conflict (id) do update set
  group_id = excluded.group_id,
  category = excluded.category,
  code = excluded.code,
  title = excluded.title,
  credits = excluded.credits,
  lecture_hours = excluded.lecture_hours,
  practice_hours = excluded.practice_hours,
  lab_hours = excluded.lab_hours,
  kind = excluded.kind,
  suggested_term = excluded.suggested_term,
  notes = excluded.notes,
  counts_toward_gpa = excluded.counts_toward_gpa,
  counts_toward_progress = excluded.counts_toward_progress,
  grading_mode = excluded.grading_mode;

insert into public.program_courses (id, program_id, catalog_course_id, group_id, category, kind, suggested_term, notes, counts_toward_gpa, counts_toward_progress, grading_mode, display_order)
values ('cntt-2024-csc15106', 'cntt-2024', 'CSC15106', 'cntt-2024-major-core', 'major-core', 'elective', 5, null, true, true, 'numeric', 120)
on conflict (id) do update set
  program_id = excluded.program_id,
  catalog_course_id = excluded.catalog_course_id,
  group_id = excluded.group_id,
  category = excluded.category,
  kind = excluded.kind,
  suggested_term = excluded.suggested_term,
  notes = excluded.notes,
  counts_toward_gpa = excluded.counts_toward_gpa,
  counts_toward_progress = excluded.counts_toward_progress,
  grading_mode = excluded.grading_mode,
  display_order = excluded.display_order;

insert into public.courses (id, program_id, group_id, category, code, title, credits, lecture_hours, practice_hours, lab_hours, kind, suggested_term, notes, counts_toward_gpa, counts_toward_progress, grading_mode)
values ('cntt-2024-csc15106', 'cntt-2024', 'cntt-2024-major-core', 'major-core', 'CSC15106', 'Seminar công nghệ tri thức', 4, 45, 30, 0, 'elective', 5, null, true, true, 'numeric')
on conflict (id) do update set
  group_id = excluded.group_id,
  category = excluded.category,
  code = excluded.code,
  title = excluded.title,
  credits = excluded.credits,
  lecture_hours = excluded.lecture_hours,
  practice_hours = excluded.practice_hours,
  lab_hours = excluded.lab_hours,
  kind = excluded.kind,
  suggested_term = excluded.suggested_term,
  notes = excluded.notes,
  counts_toward_gpa = excluded.counts_toward_gpa,
  counts_toward_progress = excluded.counts_toward_progress,
  grading_mode = excluded.grading_mode;

insert into public.program_courses (id, program_id, catalog_course_id, group_id, category, kind, suggested_term, notes, counts_toward_gpa, counts_toward_progress, grading_mode, display_order)
values ('cntt-2024-csc15107', 'cntt-2024', 'CSC15107', 'cntt-2024-major-core', 'major-core', 'required', 5, null, true, true, 'numeric', 121)
on conflict (id) do update set
  program_id = excluded.program_id,
  catalog_course_id = excluded.catalog_course_id,
  group_id = excluded.group_id,
  category = excluded.category,
  kind = excluded.kind,
  suggested_term = excluded.suggested_term,
  notes = excluded.notes,
  counts_toward_gpa = excluded.counts_toward_gpa,
  counts_toward_progress = excluded.counts_toward_progress,
  grading_mode = excluded.grading_mode,
  display_order = excluded.display_order;

insert into public.courses (id, program_id, group_id, category, code, title, credits, lecture_hours, practice_hours, lab_hours, kind, suggested_term, notes, counts_toward_gpa, counts_toward_progress, grading_mode)
values ('cntt-2024-csc15107', 'cntt-2024', 'cntt-2024-major-core', 'major-core', 'CSC15107', 'Phân tích dữ liệu bảo toàn tính riêng tư', 4, 4, 15, 0, 'required', 5, null, true, true, 'numeric')
on conflict (id) do update set
  group_id = excluded.group_id,
  category = excluded.category,
  code = excluded.code,
  title = excluded.title,
  credits = excluded.credits,
  lecture_hours = excluded.lecture_hours,
  practice_hours = excluded.practice_hours,
  lab_hours = excluded.lab_hours,
  kind = excluded.kind,
  suggested_term = excluded.suggested_term,
  notes = excluded.notes,
  counts_toward_gpa = excluded.counts_toward_gpa,
  counts_toward_progress = excluded.counts_toward_progress,
  grading_mode = excluded.grading_mode;

insert into public.program_courses (id, program_id, catalog_course_id, group_id, category, kind, suggested_term, notes, counts_toward_gpa, counts_toward_progress, grading_mode, display_order)
values ('cntt-2024-csc15108', 'cntt-2024', 'CSC15108', 'cntt-2024-major-core', 'major-core', 'elective', 5, null, true, true, 'numeric', 122)
on conflict (id) do update set
  program_id = excluded.program_id,
  catalog_course_id = excluded.catalog_course_id,
  group_id = excluded.group_id,
  category = excluded.category,
  kind = excluded.kind,
  suggested_term = excluded.suggested_term,
  notes = excluded.notes,
  counts_toward_gpa = excluded.counts_toward_gpa,
  counts_toward_progress = excluded.counts_toward_progress,
  grading_mode = excluded.grading_mode,
  display_order = excluded.display_order;

insert into public.courses (id, program_id, group_id, category, code, title, credits, lecture_hours, practice_hours, lab_hours, kind, suggested_term, notes, counts_toward_gpa, counts_toward_progress, grading_mode)
values ('cntt-2024-csc15108', 'cntt-2024', 'cntt-2024-major-core', 'major-core', 'CSC15108', 'Pháp chứng cho dữ liệu số', 4, 45, 30, 0, 'elective', 5, null, true, true, 'numeric')
on conflict (id) do update set
  group_id = excluded.group_id,
  category = excluded.category,
  code = excluded.code,
  title = excluded.title,
  credits = excluded.credits,
  lecture_hours = excluded.lecture_hours,
  practice_hours = excluded.practice_hours,
  lab_hours = excluded.lab_hours,
  kind = excluded.kind,
  suggested_term = excluded.suggested_term,
  notes = excluded.notes,
  counts_toward_gpa = excluded.counts_toward_gpa,
  counts_toward_progress = excluded.counts_toward_progress,
  grading_mode = excluded.grading_mode;

insert into public.program_courses (id, program_id, catalog_course_id, group_id, category, kind, suggested_term, notes, counts_toward_gpa, counts_toward_progress, grading_mode, display_order)
values ('cntt-2024-csc15109', 'cntt-2024', 'CSC15109', 'cntt-2024-major-core', 'major-core', 'elective', 5, null, true, true, 'numeric', 123)
on conflict (id) do update set
  program_id = excluded.program_id,
  catalog_course_id = excluded.catalog_course_id,
  group_id = excluded.group_id,
  category = excluded.category,
  kind = excluded.kind,
  suggested_term = excluded.suggested_term,
  notes = excluded.notes,
  counts_toward_gpa = excluded.counts_toward_gpa,
  counts_toward_progress = excluded.counts_toward_progress,
  grading_mode = excluded.grading_mode,
  display_order = excluded.display_order;

insert into public.courses (id, program_id, group_id, category, code, title, credits, lecture_hours, practice_hours, lab_hours, kind, suggested_term, notes, counts_toward_gpa, counts_toward_progress, grading_mode)
values ('cntt-2024-csc15109', 'cntt-2024', 'cntt-2024-major-core', 'major-core', 'CSC15109', 'Nhập môn tính toán lượng tử', 4, 45, 30, 0, 'elective', 5, null, true, true, 'numeric')
on conflict (id) do update set
  group_id = excluded.group_id,
  category = excluded.category,
  code = excluded.code,
  title = excluded.title,
  credits = excluded.credits,
  lecture_hours = excluded.lecture_hours,
  practice_hours = excluded.practice_hours,
  lab_hours = excluded.lab_hours,
  kind = excluded.kind,
  suggested_term = excluded.suggested_term,
  notes = excluded.notes,
  counts_toward_gpa = excluded.counts_toward_gpa,
  counts_toward_progress = excluded.counts_toward_progress,
  grading_mode = excluded.grading_mode;

insert into public.program_courses (id, program_id, catalog_course_id, group_id, category, kind, suggested_term, notes, counts_toward_gpa, counts_toward_progress, grading_mode, display_order)
values ('cntt-2024-csc16001', 'cntt-2024', 'CSC16001', 'cntt-2024-major-core', 'major-core', 'elective', 5, null, true, true, 'numeric', 124)
on conflict (id) do update set
  program_id = excluded.program_id,
  catalog_course_id = excluded.catalog_course_id,
  group_id = excluded.group_id,
  category = excluded.category,
  kind = excluded.kind,
  suggested_term = excluded.suggested_term,
  notes = excluded.notes,
  counts_toward_gpa = excluded.counts_toward_gpa,
  counts_toward_progress = excluded.counts_toward_progress,
  grading_mode = excluded.grading_mode,
  display_order = excluded.display_order;

insert into public.courses (id, program_id, group_id, category, code, title, credits, lecture_hours, practice_hours, lab_hours, kind, suggested_term, notes, counts_toward_gpa, counts_toward_progress, grading_mode)
values ('cntt-2024-csc16001', 'cntt-2024', 'cntt-2024-major-core', 'major-core', 'CSC16001', 'Đồ họa máy tính', 4, 45, 30, 0, 'elective', 5, null, true, true, 'numeric')
on conflict (id) do update set
  group_id = excluded.group_id,
  category = excluded.category,
  code = excluded.code,
  title = excluded.title,
  credits = excluded.credits,
  lecture_hours = excluded.lecture_hours,
  practice_hours = excluded.practice_hours,
  lab_hours = excluded.lab_hours,
  kind = excluded.kind,
  suggested_term = excluded.suggested_term,
  notes = excluded.notes,
  counts_toward_gpa = excluded.counts_toward_gpa,
  counts_toward_progress = excluded.counts_toward_progress,
  grading_mode = excluded.grading_mode;

insert into public.program_courses (id, program_id, catalog_course_id, group_id, category, kind, suggested_term, notes, counts_toward_gpa, counts_toward_progress, grading_mode, display_order)
values ('cntt-2024-csc16002', 'cntt-2024', 'CSC16002', 'cntt-2024-major-core', 'major-core', 'required', 5, null, true, true, 'numeric', 125)
on conflict (id) do update set
  program_id = excluded.program_id,
  catalog_course_id = excluded.catalog_course_id,
  group_id = excluded.group_id,
  category = excluded.category,
  kind = excluded.kind,
  suggested_term = excluded.suggested_term,
  notes = excluded.notes,
  counts_toward_gpa = excluded.counts_toward_gpa,
  counts_toward_progress = excluded.counts_toward_progress,
  grading_mode = excluded.grading_mode,
  display_order = excluded.display_order;

insert into public.courses (id, program_id, group_id, category, code, title, credits, lecture_hours, practice_hours, lab_hours, kind, suggested_term, notes, counts_toward_gpa, counts_toward_progress, grading_mode)
values ('cntt-2024-csc16002', 'cntt-2024', 'cntt-2024-major-core', 'major-core', 'CSC16002', 'Phương pháp toán trong phân tích dữ liệu thị giác', 4, 4, 16, 0, 'required', 5, null, true, true, 'numeric')
on conflict (id) do update set
  group_id = excluded.group_id,
  category = excluded.category,
  code = excluded.code,
  title = excluded.title,
  credits = excluded.credits,
  lecture_hours = excluded.lecture_hours,
  practice_hours = excluded.practice_hours,
  lab_hours = excluded.lab_hours,
  kind = excluded.kind,
  suggested_term = excluded.suggested_term,
  notes = excluded.notes,
  counts_toward_gpa = excluded.counts_toward_gpa,
  counts_toward_progress = excluded.counts_toward_progress,
  grading_mode = excluded.grading_mode;

insert into public.program_courses (id, program_id, catalog_course_id, group_id, category, kind, suggested_term, notes, counts_toward_gpa, counts_toward_progress, grading_mode, display_order)
values ('cntt-2024-csc16003', 'cntt-2024', 'CSC16003', 'cntt-2024-major-core', 'major-core', 'elective', 5, null, true, true, 'numeric', 126)
on conflict (id) do update set
  program_id = excluded.program_id,
  catalog_course_id = excluded.catalog_course_id,
  group_id = excluded.group_id,
  category = excluded.category,
  kind = excluded.kind,
  suggested_term = excluded.suggested_term,
  notes = excluded.notes,
  counts_toward_gpa = excluded.counts_toward_gpa,
  counts_toward_progress = excluded.counts_toward_progress,
  grading_mode = excluded.grading_mode,
  display_order = excluded.display_order;

insert into public.courses (id, program_id, group_id, category, code, title, credits, lecture_hours, practice_hours, lab_hours, kind, suggested_term, notes, counts_toward_gpa, counts_toward_progress, grading_mode)
values ('cntt-2024-csc16003', 'cntt-2024', 'cntt-2024-major-core', 'major-core', 'CSC16003', 'Phân tích thống kê dữ liệu nhiều biến', 4, 45, 30, 0, 'elective', 5, null, true, true, 'numeric')
on conflict (id) do update set
  group_id = excluded.group_id,
  category = excluded.category,
  code = excluded.code,
  title = excluded.title,
  credits = excluded.credits,
  lecture_hours = excluded.lecture_hours,
  practice_hours = excluded.practice_hours,
  lab_hours = excluded.lab_hours,
  kind = excluded.kind,
  suggested_term = excluded.suggested_term,
  notes = excluded.notes,
  counts_toward_gpa = excluded.counts_toward_gpa,
  counts_toward_progress = excluded.counts_toward_progress,
  grading_mode = excluded.grading_mode;

insert into public.program_courses (id, program_id, catalog_course_id, group_id, category, kind, suggested_term, notes, counts_toward_gpa, counts_toward_progress, grading_mode, display_order)
values ('cntt-2024-csc16004', 'cntt-2024', 'CSC16004', 'cntt-2024-major-core', 'major-core', 'required', 5, null, true, true, 'numeric', 127)
on conflict (id) do update set
  program_id = excluded.program_id,
  catalog_course_id = excluded.catalog_course_id,
  group_id = excluded.group_id,
  category = excluded.category,
  kind = excluded.kind,
  suggested_term = excluded.suggested_term,
  notes = excluded.notes,
  counts_toward_gpa = excluded.counts_toward_gpa,
  counts_toward_progress = excluded.counts_toward_progress,
  grading_mode = excluded.grading_mode,
  display_order = excluded.display_order;

insert into public.courses (id, program_id, group_id, category, code, title, credits, lecture_hours, practice_hours, lab_hours, kind, suggested_term, notes, counts_toward_gpa, counts_toward_progress, grading_mode)
values ('cntt-2024-csc16004', 'cntt-2024', 'cntt-2024-major-core', 'major-core', 'CSC16004', 'Thị giác máy tính', 4, 4, 17, 0, 'required', 5, null, true, true, 'numeric')
on conflict (id) do update set
  group_id = excluded.group_id,
  category = excluded.category,
  code = excluded.code,
  title = excluded.title,
  credits = excluded.credits,
  lecture_hours = excluded.lecture_hours,
  practice_hours = excluded.practice_hours,
  lab_hours = excluded.lab_hours,
  kind = excluded.kind,
  suggested_term = excluded.suggested_term,
  notes = excluded.notes,
  counts_toward_gpa = excluded.counts_toward_gpa,
  counts_toward_progress = excluded.counts_toward_progress,
  grading_mode = excluded.grading_mode;

insert into public.program_courses (id, program_id, catalog_course_id, group_id, category, kind, suggested_term, notes, counts_toward_gpa, counts_toward_progress, grading_mode, display_order)
values ('cntt-2024-csc16005', 'cntt-2024', 'CSC16005', 'cntt-2024-major-core', 'major-core', 'required', 5, null, true, true, 'numeric', 128)
on conflict (id) do update set
  program_id = excluded.program_id,
  catalog_course_id = excluded.catalog_course_id,
  group_id = excluded.group_id,
  category = excluded.category,
  kind = excluded.kind,
  suggested_term = excluded.suggested_term,
  notes = excluded.notes,
  counts_toward_gpa = excluded.counts_toward_gpa,
  counts_toward_progress = excluded.counts_toward_progress,
  grading_mode = excluded.grading_mode,
  display_order = excluded.display_order;

insert into public.courses (id, program_id, group_id, category, code, title, credits, lecture_hours, practice_hours, lab_hours, kind, suggested_term, notes, counts_toward_gpa, counts_toward_progress, grading_mode)
values ('cntt-2024-csc16005', 'cntt-2024', 'cntt-2024-major-core', 'major-core', 'CSC16005', 'Xử lý ảnh số và video số', 4, 4, 18, 0, 'required', 5, null, true, true, 'numeric')
on conflict (id) do update set
  group_id = excluded.group_id,
  category = excluded.category,
  code = excluded.code,
  title = excluded.title,
  credits = excluded.credits,
  lecture_hours = excluded.lecture_hours,
  practice_hours = excluded.practice_hours,
  lab_hours = excluded.lab_hours,
  kind = excluded.kind,
  suggested_term = excluded.suggested_term,
  notes = excluded.notes,
  counts_toward_gpa = excluded.counts_toward_gpa,
  counts_toward_progress = excluded.counts_toward_progress,
  grading_mode = excluded.grading_mode;

insert into public.program_courses (id, program_id, catalog_course_id, group_id, category, kind, suggested_term, notes, counts_toward_gpa, counts_toward_progress, grading_mode, display_order)
values ('cntt-2024-csc16101', 'cntt-2024', 'CSC16101', 'cntt-2024-major-core', 'major-core', 'elective', 5, null, true, true, 'numeric', 129)
on conflict (id) do update set
  program_id = excluded.program_id,
  catalog_course_id = excluded.catalog_course_id,
  group_id = excluded.group_id,
  category = excluded.category,
  kind = excluded.kind,
  suggested_term = excluded.suggested_term,
  notes = excluded.notes,
  counts_toward_gpa = excluded.counts_toward_gpa,
  counts_toward_progress = excluded.counts_toward_progress,
  grading_mode = excluded.grading_mode,
  display_order = excluded.display_order;

insert into public.courses (id, program_id, group_id, category, code, title, credits, lecture_hours, practice_hours, lab_hours, kind, suggested_term, notes, counts_toward_gpa, counts_toward_progress, grading_mode)
values ('cntt-2024-csc16101', 'cntt-2024', 'cntt-2024-major-core', 'major-core', 'CSC16101', 'Đồ họa ứng dụng', 4, 45, 30, 0, 'elective', 5, null, true, true, 'numeric')
on conflict (id) do update set
  group_id = excluded.group_id,
  category = excluded.category,
  code = excluded.code,
  title = excluded.title,
  credits = excluded.credits,
  lecture_hours = excluded.lecture_hours,
  practice_hours = excluded.practice_hours,
  lab_hours = excluded.lab_hours,
  kind = excluded.kind,
  suggested_term = excluded.suggested_term,
  notes = excluded.notes,
  counts_toward_gpa = excluded.counts_toward_gpa,
  counts_toward_progress = excluded.counts_toward_progress,
  grading_mode = excluded.grading_mode;

insert into public.program_courses (id, program_id, catalog_course_id, group_id, category, kind, suggested_term, notes, counts_toward_gpa, counts_toward_progress, grading_mode, display_order)
values ('cntt-2024-csc16102', 'cntt-2024', 'CSC16102', 'cntt-2024-major-core', 'major-core', 'elective', 5, null, true, true, 'numeric', 130)
on conflict (id) do update set
  program_id = excluded.program_id,
  catalog_course_id = excluded.catalog_course_id,
  group_id = excluded.group_id,
  category = excluded.category,
  kind = excluded.kind,
  suggested_term = excluded.suggested_term,
  notes = excluded.notes,
  counts_toward_gpa = excluded.counts_toward_gpa,
  counts_toward_progress = excluded.counts_toward_progress,
  grading_mode = excluded.grading_mode,
  display_order = excluded.display_order;

insert into public.courses (id, program_id, group_id, category, code, title, credits, lecture_hours, practice_hours, lab_hours, kind, suggested_term, notes, counts_toward_gpa, counts_toward_progress, grading_mode)
values ('cntt-2024-csc16102', 'cntt-2024', 'cntt-2024-major-core', 'major-core', 'CSC16102', 'Kỹ thuật lập trình xử lý ảnh số và video số', 4, 45, 30, 0, 'elective', 5, null, true, true, 'numeric')
on conflict (id) do update set
  group_id = excluded.group_id,
  category = excluded.category,
  code = excluded.code,
  title = excluded.title,
  credits = excluded.credits,
  lecture_hours = excluded.lecture_hours,
  practice_hours = excluded.practice_hours,
  lab_hours = excluded.lab_hours,
  kind = excluded.kind,
  suggested_term = excluded.suggested_term,
  notes = excluded.notes,
  counts_toward_gpa = excluded.counts_toward_gpa,
  counts_toward_progress = excluded.counts_toward_progress,
  grading_mode = excluded.grading_mode;

insert into public.program_courses (id, program_id, catalog_course_id, group_id, category, kind, suggested_term, notes, counts_toward_gpa, counts_toward_progress, grading_mode, display_order)
values ('cntt-2024-csc16105', 'cntt-2024', 'CSC16105', 'cntt-2024-major-core', 'major-core', 'elective', 5, null, true, true, 'numeric', 131)
on conflict (id) do update set
  program_id = excluded.program_id,
  catalog_course_id = excluded.catalog_course_id,
  group_id = excluded.group_id,
  category = excluded.category,
  kind = excluded.kind,
  suggested_term = excluded.suggested_term,
  notes = excluded.notes,
  counts_toward_gpa = excluded.counts_toward_gpa,
  counts_toward_progress = excluded.counts_toward_progress,
  grading_mode = excluded.grading_mode,
  display_order = excluded.display_order;

insert into public.courses (id, program_id, group_id, category, code, title, credits, lecture_hours, practice_hours, lab_hours, kind, suggested_term, notes, counts_toward_gpa, counts_toward_progress, grading_mode)
values ('cntt-2024-csc16105', 'cntt-2024', 'cntt-2024-major-core', 'major-core', 'CSC16105', 'Truy vấn thông tin thị giác', 4, 45, 30, 0, 'elective', 5, null, true, true, 'numeric')
on conflict (id) do update set
  group_id = excluded.group_id,
  category = excluded.category,
  code = excluded.code,
  title = excluded.title,
  credits = excluded.credits,
  lecture_hours = excluded.lecture_hours,
  practice_hours = excluded.practice_hours,
  lab_hours = excluded.lab_hours,
  kind = excluded.kind,
  suggested_term = excluded.suggested_term,
  notes = excluded.notes,
  counts_toward_gpa = excluded.counts_toward_gpa,
  counts_toward_progress = excluded.counts_toward_progress,
  grading_mode = excluded.grading_mode;

insert into public.program_courses (id, program_id, catalog_course_id, group_id, category, kind, suggested_term, notes, counts_toward_gpa, counts_toward_progress, grading_mode, display_order)
values ('cntt-2024-csc16106', 'cntt-2024', 'CSC16106', 'cntt-2024-major-core', 'major-core', 'elective', 5, null, true, true, 'numeric', 132)
on conflict (id) do update set
  program_id = excluded.program_id,
  catalog_course_id = excluded.catalog_course_id,
  group_id = excluded.group_id,
  category = excluded.category,
  kind = excluded.kind,
  suggested_term = excluded.suggested_term,
  notes = excluded.notes,
  counts_toward_gpa = excluded.counts_toward_gpa,
  counts_toward_progress = excluded.counts_toward_progress,
  grading_mode = excluded.grading_mode,
  display_order = excluded.display_order;

insert into public.courses (id, program_id, group_id, category, code, title, credits, lecture_hours, practice_hours, lab_hours, kind, suggested_term, notes, counts_toward_gpa, counts_toward_progress, grading_mode)
values ('cntt-2024-csc16106', 'cntt-2024', 'cntt-2024-major-core', 'major-core', 'CSC16106', 'Nhập môn lập trình điều khiển thiết bị thông minh', 4, 45, 30, 0, 'elective', 5, null, true, true, 'numeric')
on conflict (id) do update set
  group_id = excluded.group_id,
  category = excluded.category,
  code = excluded.code,
  title = excluded.title,
  credits = excluded.credits,
  lecture_hours = excluded.lecture_hours,
  practice_hours = excluded.practice_hours,
  lab_hours = excluded.lab_hours,
  kind = excluded.kind,
  suggested_term = excluded.suggested_term,
  notes = excluded.notes,
  counts_toward_gpa = excluded.counts_toward_gpa,
  counts_toward_progress = excluded.counts_toward_progress,
  grading_mode = excluded.grading_mode;

insert into public.program_courses (id, program_id, catalog_course_id, group_id, category, kind, suggested_term, notes, counts_toward_gpa, counts_toward_progress, grading_mode, display_order)
values ('cntt-2024-csc16107', 'cntt-2024', 'CSC16107', 'cntt-2024-major-core', 'major-core', 'elective', 5, null, true, true, 'numeric', 133)
on conflict (id) do update set
  program_id = excluded.program_id,
  catalog_course_id = excluded.catalog_course_id,
  group_id = excluded.group_id,
  category = excluded.category,
  kind = excluded.kind,
  suggested_term = excluded.suggested_term,
  notes = excluded.notes,
  counts_toward_gpa = excluded.counts_toward_gpa,
  counts_toward_progress = excluded.counts_toward_progress,
  grading_mode = excluded.grading_mode,
  display_order = excluded.display_order;

insert into public.courses (id, program_id, group_id, category, code, title, credits, lecture_hours, practice_hours, lab_hours, kind, suggested_term, notes, counts_toward_gpa, counts_toward_progress, grading_mode)
values ('cntt-2024-csc16107', 'cntt-2024', 'cntt-2024-major-core', 'major-core', 'CSC16107', 'Ứng dụng thị giác máy tính', 4, 45, 30, 0, 'elective', 5, null, true, true, 'numeric')
on conflict (id) do update set
  group_id = excluded.group_id,
  category = excluded.category,
  code = excluded.code,
  title = excluded.title,
  credits = excluded.credits,
  lecture_hours = excluded.lecture_hours,
  practice_hours = excluded.practice_hours,
  lab_hours = excluded.lab_hours,
  kind = excluded.kind,
  suggested_term = excluded.suggested_term,
  notes = excluded.notes,
  counts_toward_gpa = excluded.counts_toward_gpa,
  counts_toward_progress = excluded.counts_toward_progress,
  grading_mode = excluded.grading_mode;

insert into public.program_courses (id, program_id, catalog_course_id, group_id, category, kind, suggested_term, notes, counts_toward_gpa, counts_toward_progress, grading_mode, display_order)
values ('cntt-2024-csc16109', 'cntt-2024', 'CSC16109', 'cntt-2024-major-core', 'major-core', 'elective', 5, null, true, true, 'numeric', 134)
on conflict (id) do update set
  program_id = excluded.program_id,
  catalog_course_id = excluded.catalog_course_id,
  group_id = excluded.group_id,
  category = excluded.category,
  kind = excluded.kind,
  suggested_term = excluded.suggested_term,
  notes = excluded.notes,
  counts_toward_gpa = excluded.counts_toward_gpa,
  counts_toward_progress = excluded.counts_toward_progress,
  grading_mode = excluded.grading_mode,
  display_order = excluded.display_order;

insert into public.courses (id, program_id, group_id, category, code, title, credits, lecture_hours, practice_hours, lab_hours, kind, suggested_term, notes, counts_toward_gpa, counts_toward_progress, grading_mode)
values ('cntt-2024-csc16109', 'cntt-2024', 'cntt-2024-major-core', 'major-core', 'CSC16109', 'Ứng dụng xử lý ảnh số và video số', 4, 45, 30, 0, 'elective', 5, null, true, true, 'numeric')
on conflict (id) do update set
  group_id = excluded.group_id,
  category = excluded.category,
  code = excluded.code,
  title = excluded.title,
  credits = excluded.credits,
  lecture_hours = excluded.lecture_hours,
  practice_hours = excluded.practice_hours,
  lab_hours = excluded.lab_hours,
  kind = excluded.kind,
  suggested_term = excluded.suggested_term,
  notes = excluded.notes,
  counts_toward_gpa = excluded.counts_toward_gpa,
  counts_toward_progress = excluded.counts_toward_progress,
  grading_mode = excluded.grading_mode;

insert into public.program_courses (id, program_id, catalog_course_id, group_id, category, kind, suggested_term, notes, counts_toward_gpa, counts_toward_progress, grading_mode, display_order)
values ('cntt-2024-csc16110', 'cntt-2024', 'CSC16110', 'cntt-2024-major-core', 'major-core', 'elective', 5, null, true, true, 'numeric', 135)
on conflict (id) do update set
  program_id = excluded.program_id,
  catalog_course_id = excluded.catalog_course_id,
  group_id = excluded.group_id,
  category = excluded.category,
  kind = excluded.kind,
  suggested_term = excluded.suggested_term,
  notes = excluded.notes,
  counts_toward_gpa = excluded.counts_toward_gpa,
  counts_toward_progress = excluded.counts_toward_progress,
  grading_mode = excluded.grading_mode,
  display_order = excluded.display_order;

insert into public.courses (id, program_id, group_id, category, code, title, credits, lecture_hours, practice_hours, lab_hours, kind, suggested_term, notes, counts_toward_gpa, counts_toward_progress, grading_mode)
values ('cntt-2024-csc16110', 'cntt-2024', 'cntt-2024-major-core', 'major-core', 'CSC16110', 'Chuyên đề Đồ họa máy tính', 4, 45, 30, 0, 'elective', 5, null, true, true, 'numeric')
on conflict (id) do update set
  group_id = excluded.group_id,
  category = excluded.category,
  code = excluded.code,
  title = excluded.title,
  credits = excluded.credits,
  lecture_hours = excluded.lecture_hours,
  practice_hours = excluded.practice_hours,
  lab_hours = excluded.lab_hours,
  kind = excluded.kind,
  suggested_term = excluded.suggested_term,
  notes = excluded.notes,
  counts_toward_gpa = excluded.counts_toward_gpa,
  counts_toward_progress = excluded.counts_toward_progress,
  grading_mode = excluded.grading_mode;

insert into public.program_courses (id, program_id, catalog_course_id, group_id, category, kind, suggested_term, notes, counts_toward_gpa, counts_toward_progress, grading_mode, display_order)
values ('cntt-2024-csc16111', 'cntt-2024', 'CSC16111', 'cntt-2024-major-core', 'major-core', 'elective', 5, null, true, true, 'numeric', 136)
on conflict (id) do update set
  program_id = excluded.program_id,
  catalog_course_id = excluded.catalog_course_id,
  group_id = excluded.group_id,
  category = excluded.category,
  kind = excluded.kind,
  suggested_term = excluded.suggested_term,
  notes = excluded.notes,
  counts_toward_gpa = excluded.counts_toward_gpa,
  counts_toward_progress = excluded.counts_toward_progress,
  grading_mode = excluded.grading_mode,
  display_order = excluded.display_order;

insert into public.courses (id, program_id, group_id, category, code, title, credits, lecture_hours, practice_hours, lab_hours, kind, suggested_term, notes, counts_toward_gpa, counts_toward_progress, grading_mode)
values ('cntt-2024-csc16111', 'cntt-2024', 'cntt-2024-major-core', 'major-core', 'CSC16111', 'Chuyên đề Thị giác máy tính', 4, 45, 30, 0, 'elective', 5, null, true, true, 'numeric')
on conflict (id) do update set
  group_id = excluded.group_id,
  category = excluded.category,
  code = excluded.code,
  title = excluded.title,
  credits = excluded.credits,
  lecture_hours = excluded.lecture_hours,
  practice_hours = excluded.practice_hours,
  lab_hours = excluded.lab_hours,
  kind = excluded.kind,
  suggested_term = excluded.suggested_term,
  notes = excluded.notes,
  counts_toward_gpa = excluded.counts_toward_gpa,
  counts_toward_progress = excluded.counts_toward_progress,
  grading_mode = excluded.grading_mode;

insert into public.program_courses (id, program_id, catalog_course_id, group_id, category, kind, suggested_term, notes, counts_toward_gpa, counts_toward_progress, grading_mode, display_order)
values ('cntt-2024-csc16112', 'cntt-2024', 'CSC16112', 'cntt-2024-major-core', 'major-core', 'elective', 5, null, true, true, 'numeric', 137)
on conflict (id) do update set
  program_id = excluded.program_id,
  catalog_course_id = excluded.catalog_course_id,
  group_id = excluded.group_id,
  category = excluded.category,
  kind = excluded.kind,
  suggested_term = excluded.suggested_term,
  notes = excluded.notes,
  counts_toward_gpa = excluded.counts_toward_gpa,
  counts_toward_progress = excluded.counts_toward_progress,
  grading_mode = excluded.grading_mode,
  display_order = excluded.display_order;

insert into public.courses (id, program_id, group_id, category, code, title, credits, lecture_hours, practice_hours, lab_hours, kind, suggested_term, notes, counts_toward_gpa, counts_toward_progress, grading_mode)
values ('cntt-2024-csc16112', 'cntt-2024', 'cntt-2024-major-core', 'major-core', 'CSC16112', 'Chuyên đề Xử lý ảnh số và video số', 4, 45, 30, 0, 'elective', 5, null, true, true, 'numeric')
on conflict (id) do update set
  group_id = excluded.group_id,
  category = excluded.category,
  code = excluded.code,
  title = excluded.title,
  credits = excluded.credits,
  lecture_hours = excluded.lecture_hours,
  practice_hours = excluded.practice_hours,
  lab_hours = excluded.lab_hours,
  kind = excluded.kind,
  suggested_term = excluded.suggested_term,
  notes = excluded.notes,
  counts_toward_gpa = excluded.counts_toward_gpa,
  counts_toward_progress = excluded.counts_toward_progress,
  grading_mode = excluded.grading_mode;

insert into public.program_courses (id, program_id, catalog_course_id, group_id, category, kind, suggested_term, notes, counts_toward_gpa, counts_toward_progress, grading_mode, display_order)
values ('cntt-2024-csc16113', 'cntt-2024', 'CSC16113', 'cntt-2024-major-core', 'major-core', 'elective', 5, null, true, true, 'numeric', 138)
on conflict (id) do update set
  program_id = excluded.program_id,
  catalog_course_id = excluded.catalog_course_id,
  group_id = excluded.group_id,
  category = excluded.category,
  kind = excluded.kind,
  suggested_term = excluded.suggested_term,
  notes = excluded.notes,
  counts_toward_gpa = excluded.counts_toward_gpa,
  counts_toward_progress = excluded.counts_toward_progress,
  grading_mode = excluded.grading_mode,
  display_order = excluded.display_order;

insert into public.courses (id, program_id, group_id, category, code, title, credits, lecture_hours, practice_hours, lab_hours, kind, suggested_term, notes, counts_toward_gpa, counts_toward_progress, grading_mode)
values ('cntt-2024-csc16113', 'cntt-2024', 'cntt-2024-major-core', 'major-core', 'CSC16113', 'Thị giác máy tính ba chiều', 4, 45, 30, 0, 'elective', 5, null, true, true, 'numeric')
on conflict (id) do update set
  group_id = excluded.group_id,
  category = excluded.category,
  code = excluded.code,
  title = excluded.title,
  credits = excluded.credits,
  lecture_hours = excluded.lecture_hours,
  practice_hours = excluded.practice_hours,
  lab_hours = excluded.lab_hours,
  kind = excluded.kind,
  suggested_term = excluded.suggested_term,
  notes = excluded.notes,
  counts_toward_gpa = excluded.counts_toward_gpa,
  counts_toward_progress = excluded.counts_toward_progress,
  grading_mode = excluded.grading_mode;

insert into public.program_courses (id, program_id, catalog_course_id, group_id, category, kind, suggested_term, notes, counts_toward_gpa, counts_toward_progress, grading_mode, display_order)
values ('cntt-2024-csc16114', 'cntt-2024', 'CSC16114', 'cntt-2024-major-core', 'major-core', 'elective', 5, null, true, true, 'numeric', 139)
on conflict (id) do update set
  program_id = excluded.program_id,
  catalog_course_id = excluded.catalog_course_id,
  group_id = excluded.group_id,
  category = excluded.category,
  kind = excluded.kind,
  suggested_term = excluded.suggested_term,
  notes = excluded.notes,
  counts_toward_gpa = excluded.counts_toward_gpa,
  counts_toward_progress = excluded.counts_toward_progress,
  grading_mode = excluded.grading_mode,
  display_order = excluded.display_order;

insert into public.courses (id, program_id, group_id, category, code, title, credits, lecture_hours, practice_hours, lab_hours, kind, suggested_term, notes, counts_toward_gpa, counts_toward_progress, grading_mode)
values ('cntt-2024-csc16114', 'cntt-2024', 'cntt-2024-major-core', 'major-core', 'CSC16114', 'Học sâu trong Thị giác máy tính', 4, 45, 30, 0, 'elective', 5, null, true, true, 'numeric')
on conflict (id) do update set
  group_id = excluded.group_id,
  category = excluded.category,
  code = excluded.code,
  title = excluded.title,
  credits = excluded.credits,
  lecture_hours = excluded.lecture_hours,
  practice_hours = excluded.practice_hours,
  lab_hours = excluded.lab_hours,
  kind = excluded.kind,
  suggested_term = excluded.suggested_term,
  notes = excluded.notes,
  counts_toward_gpa = excluded.counts_toward_gpa,
  counts_toward_progress = excluded.counts_toward_progress,
  grading_mode = excluded.grading_mode;

insert into public.program_courses (id, program_id, catalog_course_id, group_id, category, kind, suggested_term, notes, counts_toward_gpa, counts_toward_progress, grading_mode, display_order)
values ('cntt-2024-csc17001', 'cntt-2024', 'CSC17001', 'cntt-2024-major-core', 'major-core', 'required', 5, null, true, true, 'numeric', 140)
on conflict (id) do update set
  program_id = excluded.program_id,
  catalog_course_id = excluded.catalog_course_id,
  group_id = excluded.group_id,
  category = excluded.category,
  kind = excluded.kind,
  suggested_term = excluded.suggested_term,
  notes = excluded.notes,
  counts_toward_gpa = excluded.counts_toward_gpa,
  counts_toward_progress = excluded.counts_toward_progress,
  grading_mode = excluded.grading_mode,
  display_order = excluded.display_order;

insert into public.courses (id, program_id, group_id, category, code, title, credits, lecture_hours, practice_hours, lab_hours, kind, suggested_term, notes, counts_toward_gpa, counts_toward_progress, grading_mode)
values ('cntt-2024-csc17001', 'cntt-2024', 'cntt-2024-major-core', 'major-core', 'CSC17001', 'Phân tích dữ liệu thông minh', 4, 4, 0, 0, 'required', 5, null, true, true, 'numeric')
on conflict (id) do update set
  group_id = excluded.group_id,
  category = excluded.category,
  code = excluded.code,
  title = excluded.title,
  credits = excluded.credits,
  lecture_hours = excluded.lecture_hours,
  practice_hours = excluded.practice_hours,
  lab_hours = excluded.lab_hours,
  kind = excluded.kind,
  suggested_term = excluded.suggested_term,
  notes = excluded.notes,
  counts_toward_gpa = excluded.counts_toward_gpa,
  counts_toward_progress = excluded.counts_toward_progress,
  grading_mode = excluded.grading_mode;

insert into public.program_courses (id, program_id, catalog_course_id, group_id, category, kind, suggested_term, notes, counts_toward_gpa, counts_toward_progress, grading_mode, display_order)
values ('cntt-2024-csc17101', 'cntt-2024', 'CSC17101', 'cntt-2024-major-core', 'major-core', 'elective', 5, null, true, true, 'numeric', 141)
on conflict (id) do update set
  program_id = excluded.program_id,
  catalog_course_id = excluded.catalog_course_id,
  group_id = excluded.group_id,
  category = excluded.category,
  kind = excluded.kind,
  suggested_term = excluded.suggested_term,
  notes = excluded.notes,
  counts_toward_gpa = excluded.counts_toward_gpa,
  counts_toward_progress = excluded.counts_toward_progress,
  grading_mode = excluded.grading_mode,
  display_order = excluded.display_order;

insert into public.courses (id, program_id, group_id, category, code, title, credits, lecture_hours, practice_hours, lab_hours, kind, suggested_term, notes, counts_toward_gpa, counts_toward_progress, grading_mode)
values ('cntt-2024-csc17101', 'cntt-2024', 'cntt-2024-major-core', 'major-core', 'CSC17101', 'Hệ thống tư vấn', 4, 45, 30, 0, 'elective', 5, null, true, true, 'numeric')
on conflict (id) do update set
  group_id = excluded.group_id,
  category = excluded.category,
  code = excluded.code,
  title = excluded.title,
  credits = excluded.credits,
  lecture_hours = excluded.lecture_hours,
  practice_hours = excluded.practice_hours,
  lab_hours = excluded.lab_hours,
  kind = excluded.kind,
  suggested_term = excluded.suggested_term,
  notes = excluded.notes,
  counts_toward_gpa = excluded.counts_toward_gpa,
  counts_toward_progress = excluded.counts_toward_progress,
  grading_mode = excluded.grading_mode;

insert into public.program_courses (id, program_id, catalog_course_id, group_id, category, kind, suggested_term, notes, counts_toward_gpa, counts_toward_progress, grading_mode, display_order)
values ('cntt-2024-csc17102', 'cntt-2024', 'CSC17102', 'cntt-2024-major-core', 'major-core', 'elective', 5, null, true, true, 'numeric', 142)
on conflict (id) do update set
  program_id = excluded.program_id,
  catalog_course_id = excluded.catalog_course_id,
  group_id = excluded.group_id,
  category = excluded.category,
  kind = excluded.kind,
  suggested_term = excluded.suggested_term,
  notes = excluded.notes,
  counts_toward_gpa = excluded.counts_toward_gpa,
  counts_toward_progress = excluded.counts_toward_progress,
  grading_mode = excluded.grading_mode,
  display_order = excluded.display_order;

insert into public.courses (id, program_id, group_id, category, code, title, credits, lecture_hours, practice_hours, lab_hours, kind, suggested_term, notes, counts_toward_gpa, counts_toward_progress, grading_mode)
values ('cntt-2024-csc17102', 'cntt-2024', 'cntt-2024-major-core', 'major-core', 'CSC17102', 'Học sâu cho khoa học dữ liệu', 4, 45, 30, 0, 'elective', 5, null, true, true, 'numeric')
on conflict (id) do update set
  group_id = excluded.group_id,
  category = excluded.category,
  code = excluded.code,
  title = excluded.title,
  credits = excluded.credits,
  lecture_hours = excluded.lecture_hours,
  practice_hours = excluded.practice_hours,
  lab_hours = excluded.lab_hours,
  kind = excluded.kind,
  suggested_term = excluded.suggested_term,
  notes = excluded.notes,
  counts_toward_gpa = excluded.counts_toward_gpa,
  counts_toward_progress = excluded.counts_toward_progress,
  grading_mode = excluded.grading_mode;

insert into public.program_courses (id, program_id, catalog_course_id, group_id, category, kind, suggested_term, notes, counts_toward_gpa, counts_toward_progress, grading_mode, display_order)
values ('cntt-2024-csc17103', 'cntt-2024', 'CSC17103', 'cntt-2024-major-core', 'major-core', 'required', 5, null, true, true, 'numeric', 143)
on conflict (id) do update set
  program_id = excluded.program_id,
  catalog_course_id = excluded.catalog_course_id,
  group_id = excluded.group_id,
  category = excluded.category,
  kind = excluded.kind,
  suggested_term = excluded.suggested_term,
  notes = excluded.notes,
  counts_toward_gpa = excluded.counts_toward_gpa,
  counts_toward_progress = excluded.counts_toward_progress,
  grading_mode = excluded.grading_mode,
  display_order = excluded.display_order;

insert into public.courses (id, program_id, group_id, category, code, title, credits, lecture_hours, practice_hours, lab_hours, kind, suggested_term, notes, counts_toward_gpa, counts_toward_progress, grading_mode)
values ('cntt-2024-csc17103', 'cntt-2024', 'cntt-2024-major-core', 'major-core', 'CSC17103', 'Khai thác dữ liệu đồ thị', 4, 4, 20, 0, 'required', 5, null, true, true, 'numeric')
on conflict (id) do update set
  group_id = excluded.group_id,
  category = excluded.category,
  code = excluded.code,
  title = excluded.title,
  credits = excluded.credits,
  lecture_hours = excluded.lecture_hours,
  practice_hours = excluded.practice_hours,
  lab_hours = excluded.lab_hours,
  kind = excluded.kind,
  suggested_term = excluded.suggested_term,
  notes = excluded.notes,
  counts_toward_gpa = excluded.counts_toward_gpa,
  counts_toward_progress = excluded.counts_toward_progress,
  grading_mode = excluded.grading_mode;

insert into public.program_courses (id, program_id, catalog_course_id, group_id, category, kind, suggested_term, notes, counts_toward_gpa, counts_toward_progress, grading_mode, display_order)
values ('cntt-2024-csc17104', 'cntt-2024', 'CSC17104', 'cntt-2024-major-core', 'major-core', 'elective', 5, null, true, true, 'numeric', 144)
on conflict (id) do update set
  program_id = excluded.program_id,
  catalog_course_id = excluded.catalog_course_id,
  group_id = excluded.group_id,
  category = excluded.category,
  kind = excluded.kind,
  suggested_term = excluded.suggested_term,
  notes = excluded.notes,
  counts_toward_gpa = excluded.counts_toward_gpa,
  counts_toward_progress = excluded.counts_toward_progress,
  grading_mode = excluded.grading_mode,
  display_order = excluded.display_order;

insert into public.courses (id, program_id, group_id, category, code, title, credits, lecture_hours, practice_hours, lab_hours, kind, suggested_term, notes, counts_toward_gpa, counts_toward_progress, grading_mode)
values ('cntt-2024-csc17104', 'cntt-2024', 'cntt-2024-major-core', 'major-core', 'CSC17104', 'Lập trình cho khoa học dữ liệu', 4, 45, 30, 0, 'elective', 5, null, true, true, 'numeric')
on conflict (id) do update set
  group_id = excluded.group_id,
  category = excluded.category,
  code = excluded.code,
  title = excluded.title,
  credits = excluded.credits,
  lecture_hours = excluded.lecture_hours,
  practice_hours = excluded.practice_hours,
  lab_hours = excluded.lab_hours,
  kind = excluded.kind,
  suggested_term = excluded.suggested_term,
  notes = excluded.notes,
  counts_toward_gpa = excluded.counts_toward_gpa,
  counts_toward_progress = excluded.counts_toward_progress,
  grading_mode = excluded.grading_mode;

insert into public.program_courses (id, program_id, catalog_course_id, group_id, category, kind, suggested_term, notes, counts_toward_gpa, counts_toward_progress, grading_mode, display_order)
values ('cntt-2024-csc17106', 'cntt-2024', 'CSC17106', 'cntt-2024-major-core', 'major-core', 'elective', 5, null, true, true, 'numeric', 145)
on conflict (id) do update set
  program_id = excluded.program_id,
  catalog_course_id = excluded.catalog_course_id,
  group_id = excluded.group_id,
  category = excluded.category,
  kind = excluded.kind,
  suggested_term = excluded.suggested_term,
  notes = excluded.notes,
  counts_toward_gpa = excluded.counts_toward_gpa,
  counts_toward_progress = excluded.counts_toward_progress,
  grading_mode = excluded.grading_mode,
  display_order = excluded.display_order;

insert into public.courses (id, program_id, group_id, category, code, title, credits, lecture_hours, practice_hours, lab_hours, kind, suggested_term, notes, counts_toward_gpa, counts_toward_progress, grading_mode)
values ('cntt-2024-csc17106', 'cntt-2024', 'cntt-2024-major-core', 'major-core', 'CSC17106', 'Xử lý phân tích dữ liệu trực tuyến', 4, 45, 30, 0, 'elective', 5, null, true, true, 'numeric')
on conflict (id) do update set
  group_id = excluded.group_id,
  category = excluded.category,
  code = excluded.code,
  title = excluded.title,
  credits = excluded.credits,
  lecture_hours = excluded.lecture_hours,
  practice_hours = excluded.practice_hours,
  lab_hours = excluded.lab_hours,
  kind = excluded.kind,
  suggested_term = excluded.suggested_term,
  notes = excluded.notes,
  counts_toward_gpa = excluded.counts_toward_gpa,
  counts_toward_progress = excluded.counts_toward_progress,
  grading_mode = excluded.grading_mode;

insert into public.program_courses (id, program_id, catalog_course_id, group_id, category, kind, suggested_term, notes, counts_toward_gpa, counts_toward_progress, grading_mode, display_order)
values ('cntt-2024-csc17107', 'cntt-2024', 'CSC17107', 'cntt-2024-major-core', 'major-core', 'required', 5, null, true, true, 'numeric', 146)
on conflict (id) do update set
  program_id = excluded.program_id,
  catalog_course_id = excluded.catalog_course_id,
  group_id = excluded.group_id,
  category = excluded.category,
  kind = excluded.kind,
  suggested_term = excluded.suggested_term,
  notes = excluded.notes,
  counts_toward_gpa = excluded.counts_toward_gpa,
  counts_toward_progress = excluded.counts_toward_progress,
  grading_mode = excluded.grading_mode,
  display_order = excluded.display_order;

insert into public.courses (id, program_id, group_id, category, code, title, credits, lecture_hours, practice_hours, lab_hours, kind, suggested_term, notes, counts_toward_gpa, counts_toward_progress, grading_mode)
values ('cntt-2024-csc17107', 'cntt-2024', 'cntt-2024-major-core', 'major-core', 'CSC17107', 'Ứng dụng phân tích dữ liệu thông minh', 4, 4, 21, 0, 'required', 5, null, true, true, 'numeric')
on conflict (id) do update set
  group_id = excluded.group_id,
  category = excluded.category,
  code = excluded.code,
  title = excluded.title,
  credits = excluded.credits,
  lecture_hours = excluded.lecture_hours,
  practice_hours = excluded.practice_hours,
  lab_hours = excluded.lab_hours,
  kind = excluded.kind,
  suggested_term = excluded.suggested_term,
  notes = excluded.notes,
  counts_toward_gpa = excluded.counts_toward_gpa,
  counts_toward_progress = excluded.counts_toward_progress,
  grading_mode = excluded.grading_mode;

insert into public.program_courses (id, program_id, catalog_course_id, group_id, category, kind, suggested_term, notes, counts_toward_gpa, counts_toward_progress, grading_mode, display_order)
values ('cntt-2024-csc18001', 'cntt-2024', 'CSC18001', 'cntt-2024-major-core', 'major-core', 'required', 5, null, true, true, 'numeric', 147)
on conflict (id) do update set
  program_id = excluded.program_id,
  catalog_course_id = excluded.catalog_course_id,
  group_id = excluded.group_id,
  category = excluded.category,
  kind = excluded.kind,
  suggested_term = excluded.suggested_term,
  notes = excluded.notes,
  counts_toward_gpa = excluded.counts_toward_gpa,
  counts_toward_progress = excluded.counts_toward_progress,
  grading_mode = excluded.grading_mode,
  display_order = excluded.display_order;

insert into public.courses (id, program_id, group_id, category, code, title, credits, lecture_hours, practice_hours, lab_hours, kind, suggested_term, notes, counts_toward_gpa, counts_toward_progress, grading_mode)
values ('cntt-2024-csc18001', 'cntt-2024', 'cntt-2024-major-core', 'major-core', 'CSC18001', 'Nhập môn học sâu', 4, 4, 0, 0, 'required', 5, null, true, true, 'numeric')
on conflict (id) do update set
  group_id = excluded.group_id,
  category = excluded.category,
  code = excluded.code,
  title = excluded.title,
  credits = excluded.credits,
  lecture_hours = excluded.lecture_hours,
  practice_hours = excluded.practice_hours,
  lab_hours = excluded.lab_hours,
  kind = excluded.kind,
  suggested_term = excluded.suggested_term,
  notes = excluded.notes,
  counts_toward_gpa = excluded.counts_toward_gpa,
  counts_toward_progress = excluded.counts_toward_progress,
  grading_mode = excluded.grading_mode;

insert into public.program_courses (id, program_id, catalog_course_id, group_id, category, kind, suggested_term, notes, counts_toward_gpa, counts_toward_progress, grading_mode, display_order)
values ('cntt-2024-csc18101', 'cntt-2024', 'CSC18101', 'cntt-2024-major-core', 'major-core', 'elective', 5, null, true, true, 'numeric', 148)
on conflict (id) do update set
  program_id = excluded.program_id,
  catalog_course_id = excluded.catalog_course_id,
  group_id = excluded.group_id,
  category = excluded.category,
  kind = excluded.kind,
  suggested_term = excluded.suggested_term,
  notes = excluded.notes,
  counts_toward_gpa = excluded.counts_toward_gpa,
  counts_toward_progress = excluded.counts_toward_progress,
  grading_mode = excluded.grading_mode,
  display_order = excluded.display_order;

insert into public.courses (id, program_id, group_id, category, code, title, credits, lecture_hours, practice_hours, lab_hours, kind, suggested_term, notes, counts_toward_gpa, counts_toward_progress, grading_mode)
values ('cntt-2024-csc18101', 'cntt-2024', 'cntt-2024-major-core', 'major-core', 'CSC18101', 'Trí tuệ nhân tạo cho an ninh thông tin', 4, 45, 30, 0, 'elective', 5, null, true, true, 'numeric')
on conflict (id) do update set
  group_id = excluded.group_id,
  category = excluded.category,
  code = excluded.code,
  title = excluded.title,
  credits = excluded.credits,
  lecture_hours = excluded.lecture_hours,
  practice_hours = excluded.practice_hours,
  lab_hours = excluded.lab_hours,
  kind = excluded.kind,
  suggested_term = excluded.suggested_term,
  notes = excluded.notes,
  counts_toward_gpa = excluded.counts_toward_gpa,
  counts_toward_progress = excluded.counts_toward_progress,
  grading_mode = excluded.grading_mode;

insert into public.program_courses (id, program_id, catalog_course_id, group_id, category, kind, suggested_term, notes, counts_toward_gpa, counts_toward_progress, grading_mode, display_order)
values ('cntt-2024-csc18102', 'cntt-2024', 'CSC18102', 'cntt-2024-major-core', 'major-core', 'elective', 5, null, true, true, 'numeric', 149)
on conflict (id) do update set
  program_id = excluded.program_id,
  catalog_course_id = excluded.catalog_course_id,
  group_id = excluded.group_id,
  category = excluded.category,
  kind = excluded.kind,
  suggested_term = excluded.suggested_term,
  notes = excluded.notes,
  counts_toward_gpa = excluded.counts_toward_gpa,
  counts_toward_progress = excluded.counts_toward_progress,
  grading_mode = excluded.grading_mode,
  display_order = excluded.display_order;

insert into public.courses (id, program_id, group_id, category, code, title, credits, lecture_hours, practice_hours, lab_hours, kind, suggested_term, notes, counts_toward_gpa, counts_toward_progress, grading_mode)
values ('cntt-2024-csc18102', 'cntt-2024', 'cntt-2024-major-core', 'major-core', 'CSC18102', 'Phương pháp toán cho tối ưu hóa', 4, 45, 30, 0, 'elective', 5, null, true, true, 'numeric')
on conflict (id) do update set
  group_id = excluded.group_id,
  category = excluded.category,
  code = excluded.code,
  title = excluded.title,
  credits = excluded.credits,
  lecture_hours = excluded.lecture_hours,
  practice_hours = excluded.practice_hours,
  lab_hours = excluded.lab_hours,
  kind = excluded.kind,
  suggested_term = excluded.suggested_term,
  notes = excluded.notes,
  counts_toward_gpa = excluded.counts_toward_gpa,
  counts_toward_progress = excluded.counts_toward_progress,
  grading_mode = excluded.grading_mode;

insert into public.program_courses (id, program_id, catalog_course_id, group_id, category, kind, suggested_term, notes, counts_toward_gpa, counts_toward_progress, grading_mode, display_order)
values ('cntt-2024-csc18103', 'cntt-2024', 'CSC18103', 'cntt-2024-major-core', 'major-core', 'elective', 5, null, true, true, 'numeric', 150)
on conflict (id) do update set
  program_id = excluded.program_id,
  catalog_course_id = excluded.catalog_course_id,
  group_id = excluded.group_id,
  category = excluded.category,
  kind = excluded.kind,
  suggested_term = excluded.suggested_term,
  notes = excluded.notes,
  counts_toward_gpa = excluded.counts_toward_gpa,
  counts_toward_progress = excluded.counts_toward_progress,
  grading_mode = excluded.grading_mode,
  display_order = excluded.display_order;

insert into public.courses (id, program_id, group_id, category, code, title, credits, lecture_hours, practice_hours, lab_hours, kind, suggested_term, notes, counts_toward_gpa, counts_toward_progress, grading_mode)
values ('cntt-2024-csc18103', 'cntt-2024', 'cntt-2024-major-core', 'major-core', 'CSC18103', 'Trí tuệ bầy đàn', 4, 45, 30, 0, 'elective', 5, null, true, true, 'numeric')
on conflict (id) do update set
  group_id = excluded.group_id,
  category = excluded.category,
  code = excluded.code,
  title = excluded.title,
  credits = excluded.credits,
  lecture_hours = excluded.lecture_hours,
  practice_hours = excluded.practice_hours,
  lab_hours = excluded.lab_hours,
  kind = excluded.kind,
  suggested_term = excluded.suggested_term,
  notes = excluded.notes,
  counts_toward_gpa = excluded.counts_toward_gpa,
  counts_toward_progress = excluded.counts_toward_progress,
  grading_mode = excluded.grading_mode;

insert into public.program_courses (id, program_id, catalog_course_id, group_id, category, kind, suggested_term, notes, counts_toward_gpa, counts_toward_progress, grading_mode, display_order)
values ('cntt-2024-csc18104', 'cntt-2024', 'CSC18104', 'cntt-2024-major-core', 'major-core', 'elective', 5, null, true, true, 'numeric', 151)
on conflict (id) do update set
  program_id = excluded.program_id,
  catalog_course_id = excluded.catalog_course_id,
  group_id = excluded.group_id,
  category = excluded.category,
  kind = excluded.kind,
  suggested_term = excluded.suggested_term,
  notes = excluded.notes,
  counts_toward_gpa = excluded.counts_toward_gpa,
  counts_toward_progress = excluded.counts_toward_progress,
  grading_mode = excluded.grading_mode,
  display_order = excluded.display_order;

insert into public.courses (id, program_id, group_id, category, code, title, credits, lecture_hours, practice_hours, lab_hours, kind, suggested_term, notes, counts_toward_gpa, counts_toward_progress, grading_mode)
values ('cntt-2024-csc18104', 'cntt-2024', 'cntt-2024-major-core', 'major-core', 'CSC18104', 'Nhập môn hệ thống đa tác nhân', 4, 45, 30, 0, 'elective', 5, null, true, true, 'numeric')
on conflict (id) do update set
  group_id = excluded.group_id,
  category = excluded.category,
  code = excluded.code,
  title = excluded.title,
  credits = excluded.credits,
  lecture_hours = excluded.lecture_hours,
  practice_hours = excluded.practice_hours,
  lab_hours = excluded.lab_hours,
  kind = excluded.kind,
  suggested_term = excluded.suggested_term,
  notes = excluded.notes,
  counts_toward_gpa = excluded.counts_toward_gpa,
  counts_toward_progress = excluded.counts_toward_progress,
  grading_mode = excluded.grading_mode;

insert into public.program_courses (id, program_id, catalog_course_id, group_id, category, kind, suggested_term, notes, counts_toward_gpa, counts_toward_progress, grading_mode, display_order)
values ('cntt-2024-csc18105', 'cntt-2024', 'CSC18105', 'cntt-2024-major-core', 'major-core', 'elective', 5, null, true, true, 'numeric', 152)
on conflict (id) do update set
  program_id = excluded.program_id,
  catalog_course_id = excluded.catalog_course_id,
  group_id = excluded.group_id,
  category = excluded.category,
  kind = excluded.kind,
  suggested_term = excluded.suggested_term,
  notes = excluded.notes,
  counts_toward_gpa = excluded.counts_toward_gpa,
  counts_toward_progress = excluded.counts_toward_progress,
  grading_mode = excluded.grading_mode,
  display_order = excluded.display_order;

insert into public.courses (id, program_id, group_id, category, code, title, credits, lecture_hours, practice_hours, lab_hours, kind, suggested_term, notes, counts_toward_gpa, counts_toward_progress, grading_mode)
values ('cntt-2024-csc18105', 'cntt-2024', 'cntt-2024-major-core', 'major-core', 'CSC18105', 'Trí tuệ nhân tạo ứng dụng', 4, 45, 30, 0, 'elective', 5, null, true, true, 'numeric')
on conflict (id) do update set
  group_id = excluded.group_id,
  category = excluded.category,
  code = excluded.code,
  title = excluded.title,
  credits = excluded.credits,
  lecture_hours = excluded.lecture_hours,
  practice_hours = excluded.practice_hours,
  lab_hours = excluded.lab_hours,
  kind = excluded.kind,
  suggested_term = excluded.suggested_term,
  notes = excluded.notes,
  counts_toward_gpa = excluded.counts_toward_gpa,
  counts_toward_progress = excluded.counts_toward_progress,
  grading_mode = excluded.grading_mode;

insert into public.program_courses (id, program_id, catalog_course_id, group_id, category, kind, suggested_term, notes, counts_toward_gpa, counts_toward_progress, grading_mode, display_order)
values ('cntt-2024-csci11112', 'cntt-2024', 'CSCI11112', 'cntt-2024-major-core', 'major-core', 'elective', 5, null, true, true, 'numeric', 153)
on conflict (id) do update set
  program_id = excluded.program_id,
  catalog_course_id = excluded.catalog_course_id,
  group_id = excluded.group_id,
  category = excluded.category,
  kind = excluded.kind,
  suggested_term = excluded.suggested_term,
  notes = excluded.notes,
  counts_toward_gpa = excluded.counts_toward_gpa,
  counts_toward_progress = excluded.counts_toward_progress,
  grading_mode = excluded.grading_mode,
  display_order = excluded.display_order;

insert into public.courses (id, program_id, group_id, category, code, title, credits, lecture_hours, practice_hours, lab_hours, kind, suggested_term, notes, counts_toward_gpa, counts_toward_progress, grading_mode)
values ('cntt-2024-csci11112', 'cntt-2024', 'cntt-2024-major-core', 'major-core', 'CSCI11112', 'Chuyen de he thong phan tan', 4, 45, 30, 0, 'elective', 5, null, true, true, 'numeric')
on conflict (id) do update set
  group_id = excluded.group_id,
  category = excluded.category,
  code = excluded.code,
  title = excluded.title,
  credits = excluded.credits,
  lecture_hours = excluded.lecture_hours,
  practice_hours = excluded.practice_hours,
  lab_hours = excluded.lab_hours,
  kind = excluded.kind,
  suggested_term = excluded.suggested_term,
  notes = excluded.notes,
  counts_toward_gpa = excluded.counts_toward_gpa,
  counts_toward_progress = excluded.counts_toward_progress,
  grading_mode = excluded.grading_mode;

insert into public.program_courses (id, program_id, catalog_course_id, group_id, category, kind, suggested_term, notes, counts_toward_gpa, counts_toward_progress, grading_mode, display_order)
values ('cntt-2024-env00003', 'cntt-2024', 'ENV00003', 'cntt-2024-general-education', 'general-education', 'elective', 5, null, true, true, 'numeric', 154)
on conflict (id) do update set
  program_id = excluded.program_id,
  catalog_course_id = excluded.catalog_course_id,
  group_id = excluded.group_id,
  category = excluded.category,
  kind = excluded.kind,
  suggested_term = excluded.suggested_term,
  notes = excluded.notes,
  counts_toward_gpa = excluded.counts_toward_gpa,
  counts_toward_progress = excluded.counts_toward_progress,
  grading_mode = excluded.grading_mode,
  display_order = excluded.display_order;

insert into public.courses (id, program_id, group_id, category, code, title, credits, lecture_hours, practice_hours, lab_hours, kind, suggested_term, notes, counts_toward_gpa, counts_toward_progress, grading_mode)
values ('cntt-2024-env00003', 'cntt-2024', 'cntt-2024-general-education', 'general-education', 'ENV00003', 'Con người và môi trường', 2, 30, 0, 0, 'elective', 5, null, true, true, 'numeric')
on conflict (id) do update set
  group_id = excluded.group_id,
  category = excluded.category,
  code = excluded.code,
  title = excluded.title,
  credits = excluded.credits,
  lecture_hours = excluded.lecture_hours,
  practice_hours = excluded.practice_hours,
  lab_hours = excluded.lab_hours,
  kind = excluded.kind,
  suggested_term = excluded.suggested_term,
  notes = excluded.notes,
  counts_toward_gpa = excluded.counts_toward_gpa,
  counts_toward_progress = excluded.counts_toward_progress,
  grading_mode = excluded.grading_mode;

insert into public.program_courses (id, program_id, catalog_course_id, group_id, category, kind, suggested_term, notes, counts_toward_gpa, counts_toward_progress, grading_mode, display_order)
values ('cntt-2024-geo00002', 'cntt-2024', 'GEO00002', 'cntt-2024-general-education', 'general-education', 'elective', 5, null, true, true, 'numeric', 155)
on conflict (id) do update set
  program_id = excluded.program_id,
  catalog_course_id = excluded.catalog_course_id,
  group_id = excluded.group_id,
  category = excluded.category,
  kind = excluded.kind,
  suggested_term = excluded.suggested_term,
  notes = excluded.notes,
  counts_toward_gpa = excluded.counts_toward_gpa,
  counts_toward_progress = excluded.counts_toward_progress,
  grading_mode = excluded.grading_mode,
  display_order = excluded.display_order;

insert into public.courses (id, program_id, group_id, category, code, title, credits, lecture_hours, practice_hours, lab_hours, kind, suggested_term, notes, counts_toward_gpa, counts_toward_progress, grading_mode)
values ('cntt-2024-geo00002', 'cntt-2024', 'cntt-2024-general-education', 'general-education', 'GEO00002', 'Khoa học Trái đất', 2, 30, 0, 0, 'elective', 5, null, true, true, 'numeric')
on conflict (id) do update set
  group_id = excluded.group_id,
  category = excluded.category,
  code = excluded.code,
  title = excluded.title,
  credits = excluded.credits,
  lecture_hours = excluded.lecture_hours,
  practice_hours = excluded.practice_hours,
  lab_hours = excluded.lab_hours,
  kind = excluded.kind,
  suggested_term = excluded.suggested_term,
  notes = excluded.notes,
  counts_toward_gpa = excluded.counts_toward_gpa,
  counts_toward_progress = excluded.counts_toward_progress,
  grading_mode = excluded.grading_mode;

insert into public.program_courses (id, program_id, catalog_course_id, group_id, category, kind, suggested_term, notes, counts_toward_gpa, counts_toward_progress, grading_mode, display_order)
values ('cntt-2024-baa00103', 'cntt-2024', 'BAA00103', 'cntt-2024-general-education', 'general-education', 'required', 6, null, true, true, 'numeric', 156)
on conflict (id) do update set
  program_id = excluded.program_id,
  catalog_course_id = excluded.catalog_course_id,
  group_id = excluded.group_id,
  category = excluded.category,
  kind = excluded.kind,
  suggested_term = excluded.suggested_term,
  notes = excluded.notes,
  counts_toward_gpa = excluded.counts_toward_gpa,
  counts_toward_progress = excluded.counts_toward_progress,
  grading_mode = excluded.grading_mode,
  display_order = excluded.display_order;

insert into public.courses (id, program_id, group_id, category, code, title, credits, lecture_hours, practice_hours, lab_hours, kind, suggested_term, notes, counts_toward_gpa, counts_toward_progress, grading_mode)
values ('cntt-2024-baa00103', 'cntt-2024', 'cntt-2024-general-education', 'general-education', 'BAA00103', 'Chủ nghĩa xã hội khoa học', 2, 30, 0, 0, 'required', 6, null, true, true, 'numeric')
on conflict (id) do update set
  group_id = excluded.group_id,
  category = excluded.category,
  code = excluded.code,
  title = excluded.title,
  credits = excluded.credits,
  lecture_hours = excluded.lecture_hours,
  practice_hours = excluded.practice_hours,
  lab_hours = excluded.lab_hours,
  kind = excluded.kind,
  suggested_term = excluded.suggested_term,
  notes = excluded.notes,
  counts_toward_gpa = excluded.counts_toward_gpa,
  counts_toward_progress = excluded.counts_toward_progress,
  grading_mode = excluded.grading_mode;

insert into public.program_courses (id, program_id, catalog_course_id, group_id, category, kind, suggested_term, notes, counts_toward_gpa, counts_toward_progress, grading_mode, display_order)
values ('cntt-2024-csc10107', 'cntt-2024', 'CSC10107', 'cntt-2024-major-core', 'major-core', 'elective', 6, null, true, true, 'numeric', 157)
on conflict (id) do update set
  program_id = excluded.program_id,
  catalog_course_id = excluded.catalog_course_id,
  group_id = excluded.group_id,
  category = excluded.category,
  kind = excluded.kind,
  suggested_term = excluded.suggested_term,
  notes = excluded.notes,
  counts_toward_gpa = excluded.counts_toward_gpa,
  counts_toward_progress = excluded.counts_toward_progress,
  grading_mode = excluded.grading_mode,
  display_order = excluded.display_order;

insert into public.courses (id, program_id, group_id, category, code, title, credits, lecture_hours, practice_hours, lab_hours, kind, suggested_term, notes, counts_toward_gpa, counts_toward_progress, grading_mode)
values ('cntt-2024-csc10107', 'cntt-2024', 'cntt-2024-major-core', 'major-core', 'CSC10107', 'Thực tập thực tế', 4, 30, 60, 0, 'elective', 6, null, true, true, 'numeric')
on conflict (id) do update set
  group_id = excluded.group_id,
  category = excluded.category,
  code = excluded.code,
  title = excluded.title,
  credits = excluded.credits,
  lecture_hours = excluded.lecture_hours,
  practice_hours = excluded.practice_hours,
  lab_hours = excluded.lab_hours,
  kind = excluded.kind,
  suggested_term = excluded.suggested_term,
  notes = excluded.notes,
  counts_toward_gpa = excluded.counts_toward_gpa,
  counts_toward_progress = excluded.counts_toward_progress,
  grading_mode = excluded.grading_mode;

insert into public.program_courses (id, program_id, catalog_course_id, group_id, category, kind, suggested_term, notes, counts_toward_gpa, counts_toward_progress, grading_mode, display_order)
values ('cntt-2024-csc11002', 'cntt-2024', 'CSC11002', 'cntt-2024-major-core', 'major-core', 'required', 6, null, true, true, 'numeric', 158)
on conflict (id) do update set
  program_id = excluded.program_id,
  catalog_course_id = excluded.catalog_course_id,
  group_id = excluded.group_id,
  category = excluded.category,
  kind = excluded.kind,
  suggested_term = excluded.suggested_term,
  notes = excluded.notes,
  counts_toward_gpa = excluded.counts_toward_gpa,
  counts_toward_progress = excluded.counts_toward_progress,
  grading_mode = excluded.grading_mode,
  display_order = excluded.display_order;

insert into public.courses (id, program_id, group_id, category, code, title, credits, lecture_hours, practice_hours, lab_hours, kind, suggested_term, notes, counts_toward_gpa, counts_toward_progress, grading_mode)
values ('cntt-2024-csc11002', 'cntt-2024', 'cntt-2024-major-core', 'major-core', 'CSC11002', 'Hệ thống viễn thông', 4, 45, 0, 0, 'required', 6, null, true, true, 'numeric')
on conflict (id) do update set
  group_id = excluded.group_id,
  category = excluded.category,
  code = excluded.code,
  title = excluded.title,
  credits = excluded.credits,
  lecture_hours = excluded.lecture_hours,
  practice_hours = excluded.practice_hours,
  lab_hours = excluded.lab_hours,
  kind = excluded.kind,
  suggested_term = excluded.suggested_term,
  notes = excluded.notes,
  counts_toward_gpa = excluded.counts_toward_gpa,
  counts_toward_progress = excluded.counts_toward_progress,
  grading_mode = excluded.grading_mode;

insert into public.program_courses (id, program_id, catalog_course_id, group_id, category, kind, suggested_term, notes, counts_toward_gpa, counts_toward_progress, grading_mode, display_order)
values ('cntt-2024-csc12112', 'cntt-2024', 'CSC12112', 'cntt-2024-major-elective', 'major-elective', 'elective', 6, null, true, true, 'numeric', 159)
on conflict (id) do update set
  program_id = excluded.program_id,
  catalog_course_id = excluded.catalog_course_id,
  group_id = excluded.group_id,
  category = excluded.category,
  kind = excluded.kind,
  suggested_term = excluded.suggested_term,
  notes = excluded.notes,
  counts_toward_gpa = excluded.counts_toward_gpa,
  counts_toward_progress = excluded.counts_toward_progress,
  grading_mode = excluded.grading_mode,
  display_order = excluded.display_order;

insert into public.courses (id, program_id, group_id, category, code, title, credits, lecture_hours, practice_hours, lab_hours, kind, suggested_term, notes, counts_toward_gpa, counts_toward_progress, grading_mode)
values ('cntt-2024-csc12112', 'cntt-2024', 'cntt-2024-major-elective', 'major-elective', 'CSC12112', 'Môi trường và công cụ cho tiếp thị số', 4, 45, 30, 0, 'elective', 6, null, true, true, 'numeric')
on conflict (id) do update set
  group_id = excluded.group_id,
  category = excluded.category,
  code = excluded.code,
  title = excluded.title,
  credits = excluded.credits,
  lecture_hours = excluded.lecture_hours,
  practice_hours = excluded.practice_hours,
  lab_hours = excluded.lab_hours,
  kind = excluded.kind,
  suggested_term = excluded.suggested_term,
  notes = excluded.notes,
  counts_toward_gpa = excluded.counts_toward_gpa,
  counts_toward_progress = excluded.counts_toward_progress,
  grading_mode = excluded.grading_mode;

insert into public.program_courses (id, program_id, catalog_course_id, group_id, category, kind, suggested_term, notes, counts_toward_gpa, counts_toward_progress, grading_mode, display_order)
values ('cntt-2024-csc10251', 'cntt-2024', 'CSC10251', 'cntt-2024-graduation', 'graduation', 'graduation', 7, null, true, true, 'numeric', 160)
on conflict (id) do update set
  program_id = excluded.program_id,
  catalog_course_id = excluded.catalog_course_id,
  group_id = excluded.group_id,
  category = excluded.category,
  kind = excluded.kind,
  suggested_term = excluded.suggested_term,
  notes = excluded.notes,
  counts_toward_gpa = excluded.counts_toward_gpa,
  counts_toward_progress = excluded.counts_toward_progress,
  grading_mode = excluded.grading_mode,
  display_order = excluded.display_order;

insert into public.courses (id, program_id, group_id, category, code, title, credits, lecture_hours, practice_hours, lab_hours, kind, suggested_term, notes, counts_toward_gpa, counts_toward_progress, grading_mode)
values ('cntt-2024-csc10251', 'cntt-2024', 'cntt-2024-graduation', 'graduation', 'CSC10251', 'Khóa luận tốt nghiệp', 10, 0, 0, 300, 'graduation', 7, null, true, true, 'numeric')
on conflict (id) do update set
  group_id = excluded.group_id,
  category = excluded.category,
  code = excluded.code,
  title = excluded.title,
  credits = excluded.credits,
  lecture_hours = excluded.lecture_hours,
  practice_hours = excluded.practice_hours,
  lab_hours = excluded.lab_hours,
  kind = excluded.kind,
  suggested_term = excluded.suggested_term,
  notes = excluded.notes,
  counts_toward_gpa = excluded.counts_toward_gpa,
  counts_toward_progress = excluded.counts_toward_progress,
  grading_mode = excluded.grading_mode;

insert into public.program_courses (id, program_id, catalog_course_id, group_id, category, kind, suggested_term, notes, counts_toward_gpa, counts_toward_progress, grading_mode, display_order)
values ('cntt-2024-csc10252', 'cntt-2024', 'CSC10252', 'cntt-2024-graduation', 'graduation', 'graduation', 7, null, true, true, 'numeric', 161)
on conflict (id) do update set
  program_id = excluded.program_id,
  catalog_course_id = excluded.catalog_course_id,
  group_id = excluded.group_id,
  category = excluded.category,
  kind = excluded.kind,
  suggested_term = excluded.suggested_term,
  notes = excluded.notes,
  counts_toward_gpa = excluded.counts_toward_gpa,
  counts_toward_progress = excluded.counts_toward_progress,
  grading_mode = excluded.grading_mode,
  display_order = excluded.display_order;

insert into public.courses (id, program_id, group_id, category, code, title, credits, lecture_hours, practice_hours, lab_hours, kind, suggested_term, notes, counts_toward_gpa, counts_toward_progress, grading_mode)
values ('cntt-2024-csc10252', 'cntt-2024', 'cntt-2024-graduation', 'graduation', 'CSC10252', 'Thực tập tốt nghiệp', 10, 0, 0, 300, 'graduation', 7, null, true, true, 'numeric')
on conflict (id) do update set
  group_id = excluded.group_id,
  category = excluded.category,
  code = excluded.code,
  title = excluded.title,
  credits = excluded.credits,
  lecture_hours = excluded.lecture_hours,
  practice_hours = excluded.practice_hours,
  lab_hours = excluded.lab_hours,
  kind = excluded.kind,
  suggested_term = excluded.suggested_term,
  notes = excluded.notes,
  counts_toward_gpa = excluded.counts_toward_gpa,
  counts_toward_progress = excluded.counts_toward_progress,
  grading_mode = excluded.grading_mode;

insert into public.program_courses (id, program_id, catalog_course_id, group_id, category, kind, suggested_term, notes, counts_toward_gpa, counts_toward_progress, grading_mode, display_order)
values ('cntt-2024-csc11003', 'cntt-2024', 'CSC11003', 'cntt-2024-major-core', 'major-core', 'elective', 7, null, true, true, 'numeric', 162)
on conflict (id) do update set
  program_id = excluded.program_id,
  catalog_course_id = excluded.catalog_course_id,
  group_id = excluded.group_id,
  category = excluded.category,
  kind = excluded.kind,
  suggested_term = excluded.suggested_term,
  notes = excluded.notes,
  counts_toward_gpa = excluded.counts_toward_gpa,
  counts_toward_progress = excluded.counts_toward_progress,
  grading_mode = excluded.grading_mode,
  display_order = excluded.display_order;

insert into public.courses (id, program_id, group_id, category, code, title, credits, lecture_hours, practice_hours, lab_hours, kind, suggested_term, notes, counts_toward_gpa, counts_toward_progress, grading_mode)
values ('cntt-2024-csc11003', 'cntt-2024', 'cntt-2024-major-core', 'major-core', 'CSC11003', 'Mạng máy tính nâng cao', 4, 45, 30, 0, 'elective', 7, null, true, true, 'numeric')
on conflict (id) do update set
  group_id = excluded.group_id,
  category = excluded.category,
  code = excluded.code,
  title = excluded.title,
  credits = excluded.credits,
  lecture_hours = excluded.lecture_hours,
  practice_hours = excluded.practice_hours,
  lab_hours = excluded.lab_hours,
  kind = excluded.kind,
  suggested_term = excluded.suggested_term,
  notes = excluded.notes,
  counts_toward_gpa = excluded.counts_toward_gpa,
  counts_toward_progress = excluded.counts_toward_progress,
  grading_mode = excluded.grading_mode;

insert into public.program_courses (id, program_id, catalog_course_id, group_id, category, kind, suggested_term, notes, counts_toward_gpa, counts_toward_progress, grading_mode, display_order)
values ('cntt-2024-csc11116', 'cntt-2024', 'CSC11116', 'cntt-2024-major-core', 'major-core', 'elective', 7, null, true, true, 'numeric', 163)
on conflict (id) do update set
  program_id = excluded.program_id,
  catalog_course_id = excluded.catalog_course_id,
  group_id = excluded.group_id,
  category = excluded.category,
  kind = excluded.kind,
  suggested_term = excluded.suggested_term,
  notes = excluded.notes,
  counts_toward_gpa = excluded.counts_toward_gpa,
  counts_toward_progress = excluded.counts_toward_progress,
  grading_mode = excluded.grading_mode,
  display_order = excluded.display_order;

insert into public.courses (id, program_id, group_id, category, code, title, credits, lecture_hours, practice_hours, lab_hours, kind, suggested_term, notes, counts_toward_gpa, counts_toward_progress, grading_mode)
values ('cntt-2024-csc11116', 'cntt-2024', 'cntt-2024-major-core', 'major-core', 'CSC11116', 'DevOps nâng cao', 4, 45, 30, 0, 'elective', 7, null, true, true, 'numeric')
on conflict (id) do update set
  group_id = excluded.group_id,
  category = excluded.category,
  code = excluded.code,
  title = excluded.title,
  credits = excluded.credits,
  lecture_hours = excluded.lecture_hours,
  practice_hours = excluded.practice_hours,
  lab_hours = excluded.lab_hours,
  kind = excluded.kind,
  suggested_term = excluded.suggested_term,
  notes = excluded.notes,
  counts_toward_gpa = excluded.counts_toward_gpa,
  counts_toward_progress = excluded.counts_toward_progress,
  grading_mode = excluded.grading_mode;

insert into public.program_courses (id, program_id, catalog_course_id, group_id, category, kind, suggested_term, notes, counts_toward_gpa, counts_toward_progress, grading_mode, display_order)
values ('cntt-2024-csc11118', 'cntt-2024', 'CSC11118', 'cntt-2024-major-core', 'major-core', 'elective', 7, null, true, true, 'numeric', 164)
on conflict (id) do update set
  program_id = excluded.program_id,
  catalog_course_id = excluded.catalog_course_id,
  group_id = excluded.group_id,
  category = excluded.category,
  kind = excluded.kind,
  suggested_term = excluded.suggested_term,
  notes = excluded.notes,
  counts_toward_gpa = excluded.counts_toward_gpa,
  counts_toward_progress = excluded.counts_toward_progress,
  grading_mode = excluded.grading_mode,
  display_order = excluded.display_order;

insert into public.courses (id, program_id, group_id, category, code, title, credits, lecture_hours, practice_hours, lab_hours, kind, suggested_term, notes, counts_toward_gpa, counts_toward_progress, grading_mode)
values ('cntt-2024-csc11118', 'cntt-2024', 'cntt-2024-major-core', 'major-core', 'CSC11118', 'Triển khai và vận hành điện toán đám mây', 4, 45, 30, 0, 'elective', 7, null, true, true, 'numeric')
on conflict (id) do update set
  group_id = excluded.group_id,
  category = excluded.category,
  code = excluded.code,
  title = excluded.title,
  credits = excluded.credits,
  lecture_hours = excluded.lecture_hours,
  practice_hours = excluded.practice_hours,
  lab_hours = excluded.lab_hours,
  kind = excluded.kind,
  suggested_term = excluded.suggested_term,
  notes = excluded.notes,
  counts_toward_gpa = excluded.counts_toward_gpa,
  counts_toward_progress = excluded.counts_toward_progress,
  grading_mode = excluded.grading_mode;

insert into public.program_courses (id, program_id, catalog_course_id, group_id, category, kind, suggested_term, notes, counts_toward_gpa, counts_toward_progress, grading_mode, display_order)
values ('cntt-2024-csc13003', 'cntt-2024', 'CSC13003', 'cntt-2024-major-core', 'major-core', 'elective', 7, null, true, true, 'numeric', 165)
on conflict (id) do update set
  program_id = excluded.program_id,
  catalog_course_id = excluded.catalog_course_id,
  group_id = excluded.group_id,
  category = excluded.category,
  kind = excluded.kind,
  suggested_term = excluded.suggested_term,
  notes = excluded.notes,
  counts_toward_gpa = excluded.counts_toward_gpa,
  counts_toward_progress = excluded.counts_toward_progress,
  grading_mode = excluded.grading_mode,
  display_order = excluded.display_order;

insert into public.courses (id, program_id, group_id, category, code, title, credits, lecture_hours, practice_hours, lab_hours, kind, suggested_term, notes, counts_toward_gpa, counts_toward_progress, grading_mode)
values ('cntt-2024-csc13003', 'cntt-2024', 'cntt-2024-major-core', 'major-core', 'CSC13003', 'Kiểm thử phần mềm', 4, 45, 30, 0, 'elective', 7, null, true, true, 'numeric')
on conflict (id) do update set
  group_id = excluded.group_id,
  category = excluded.category,
  code = excluded.code,
  title = excluded.title,
  credits = excluded.credits,
  lecture_hours = excluded.lecture_hours,
  practice_hours = excluded.practice_hours,
  lab_hours = excluded.lab_hours,
  kind = excluded.kind,
  suggested_term = excluded.suggested_term,
  notes = excluded.notes,
  counts_toward_gpa = excluded.counts_toward_gpa,
  counts_toward_progress = excluded.counts_toward_progress,
  grading_mode = excluded.grading_mode;

insert into public.program_courses (id, program_id, catalog_course_id, group_id, category, kind, suggested_term, notes, counts_toward_gpa, counts_toward_progress, grading_mode, display_order)
values ('cntt-2024-csc13006', 'cntt-2024', 'CSC13006', 'cntt-2024-major-core', 'major-core', 'elective', 7, null, true, true, 'numeric', 166)
on conflict (id) do update set
  program_id = excluded.program_id,
  catalog_course_id = excluded.catalog_course_id,
  group_id = excluded.group_id,
  category = excluded.category,
  kind = excluded.kind,
  suggested_term = excluded.suggested_term,
  notes = excluded.notes,
  counts_toward_gpa = excluded.counts_toward_gpa,
  counts_toward_progress = excluded.counts_toward_progress,
  grading_mode = excluded.grading_mode,
  display_order = excluded.display_order;

insert into public.courses (id, program_id, group_id, category, code, title, credits, lecture_hours, practice_hours, lab_hours, kind, suggested_term, notes, counts_toward_gpa, counts_toward_progress, grading_mode)
values ('cntt-2024-csc13006', 'cntt-2024', 'cntt-2024-major-core', 'major-core', 'CSC13006', 'Quản lý dự án phần mềm', 4, 45, 30, 0, 'elective', 7, null, true, true, 'numeric')
on conflict (id) do update set
  group_id = excluded.group_id,
  category = excluded.category,
  code = excluded.code,
  title = excluded.title,
  credits = excluded.credits,
  lecture_hours = excluded.lecture_hours,
  practice_hours = excluded.practice_hours,
  lab_hours = excluded.lab_hours,
  kind = excluded.kind,
  suggested_term = excluded.suggested_term,
  notes = excluded.notes,
  counts_toward_gpa = excluded.counts_toward_gpa,
  counts_toward_progress = excluded.counts_toward_progress,
  grading_mode = excluded.grading_mode;

insert into public.program_courses (id, program_id, catalog_course_id, group_id, category, kind, suggested_term, notes, counts_toward_gpa, counts_toward_progress, grading_mode, display_order)
values ('cntt-2024-csc13106', 'cntt-2024', 'CSC13106', 'cntt-2024-major-core', 'major-core', 'elective', 7, null, true, true, 'numeric', 167)
on conflict (id) do update set
  program_id = excluded.program_id,
  catalog_course_id = excluded.catalog_course_id,
  group_id = excluded.group_id,
  category = excluded.category,
  kind = excluded.kind,
  suggested_term = excluded.suggested_term,
  notes = excluded.notes,
  counts_toward_gpa = excluded.counts_toward_gpa,
  counts_toward_progress = excluded.counts_toward_progress,
  grading_mode = excluded.grading_mode,
  display_order = excluded.display_order;

insert into public.courses (id, program_id, group_id, category, code, title, credits, lecture_hours, practice_hours, lab_hours, kind, suggested_term, notes, counts_toward_gpa, counts_toward_progress, grading_mode)
values ('cntt-2024-csc13106', 'cntt-2024', 'cntt-2024-major-core', 'major-core', 'CSC13106', 'Kiến trúc phần mềm', 4, 45, 30, 0, 'elective', 7, null, true, true, 'numeric')
on conflict (id) do update set
  group_id = excluded.group_id,
  category = excluded.category,
  code = excluded.code,
  title = excluded.title,
  credits = excluded.credits,
  lecture_hours = excluded.lecture_hours,
  practice_hours = excluded.practice_hours,
  lab_hours = excluded.lab_hours,
  kind = excluded.kind,
  suggested_term = excluded.suggested_term,
  notes = excluded.notes,
  counts_toward_gpa = excluded.counts_toward_gpa,
  counts_toward_progress = excluded.counts_toward_progress,
  grading_mode = excluded.grading_mode;

insert into public.program_courses (id, program_id, catalog_course_id, group_id, category, kind, suggested_term, notes, counts_toward_gpa, counts_toward_progress, grading_mode, display_order)
values ('cntt-2024-csc13112', 'cntt-2024', 'CSC13112', 'cntt-2024-major-core', 'major-core', 'elective', 7, null, true, true, 'numeric', 168)
on conflict (id) do update set
  program_id = excluded.program_id,
  catalog_course_id = excluded.catalog_course_id,
  group_id = excluded.group_id,
  category = excluded.category,
  kind = excluded.kind,
  suggested_term = excluded.suggested_term,
  notes = excluded.notes,
  counts_toward_gpa = excluded.counts_toward_gpa,
  counts_toward_progress = excluded.counts_toward_progress,
  grading_mode = excluded.grading_mode,
  display_order = excluded.display_order;

insert into public.courses (id, program_id, group_id, category, code, title, credits, lecture_hours, practice_hours, lab_hours, kind, suggested_term, notes, counts_toward_gpa, counts_toward_progress, grading_mode)
values ('cntt-2024-csc13112', 'cntt-2024', 'cntt-2024-major-core', 'major-core', 'CSC13112', 'Thiết kế giao diện', 4, 45, 30, 0, 'elective', 7, null, true, true, 'numeric')
on conflict (id) do update set
  group_id = excluded.group_id,
  category = excluded.category,
  code = excluded.code,
  title = excluded.title,
  credits = excluded.credits,
  lecture_hours = excluded.lecture_hours,
  practice_hours = excluded.practice_hours,
  lab_hours = excluded.lab_hours,
  kind = excluded.kind,
  suggested_term = excluded.suggested_term,
  notes = excluded.notes,
  counts_toward_gpa = excluded.counts_toward_gpa,
  counts_toward_progress = excluded.counts_toward_progress,
  grading_mode = excluded.grading_mode;

insert into public.program_courses (id, program_id, catalog_course_id, group_id, category, kind, suggested_term, notes, counts_toward_gpa, counts_toward_progress, grading_mode, display_order)
values ('cntt-2024-csc14117', 'cntt-2024', 'CSC14117', 'cntt-2024-major-core', 'major-core', 'elective', 7, null, true, true, 'numeric', 169)
on conflict (id) do update set
  program_id = excluded.program_id,
  catalog_course_id = excluded.catalog_course_id,
  group_id = excluded.group_id,
  category = excluded.category,
  kind = excluded.kind,
  suggested_term = excluded.suggested_term,
  notes = excluded.notes,
  counts_toward_gpa = excluded.counts_toward_gpa,
  counts_toward_progress = excluded.counts_toward_progress,
  grading_mode = excluded.grading_mode,
  display_order = excluded.display_order;

insert into public.courses (id, program_id, group_id, category, code, title, credits, lecture_hours, practice_hours, lab_hours, kind, suggested_term, notes, counts_toward_gpa, counts_toward_progress, grading_mode)
values ('cntt-2024-csc14117', 'cntt-2024', 'cntt-2024-major-core', 'major-core', 'CSC14117', 'Nhập môn lập trình kết nối vạn vật', 4, 45, 30, 0, 'elective', 7, null, true, true, 'numeric')
on conflict (id) do update set
  group_id = excluded.group_id,
  category = excluded.category,
  code = excluded.code,
  title = excluded.title,
  credits = excluded.credits,
  lecture_hours = excluded.lecture_hours,
  practice_hours = excluded.practice_hours,
  lab_hours = excluded.lab_hours,
  kind = excluded.kind,
  suggested_term = excluded.suggested_term,
  notes = excluded.notes,
  counts_toward_gpa = excluded.counts_toward_gpa,
  counts_toward_progress = excluded.counts_toward_progress,
  grading_mode = excluded.grading_mode;

insert into public.program_courses (id, program_id, catalog_course_id, group_id, category, kind, suggested_term, notes, counts_toward_gpa, counts_toward_progress, grading_mode, display_order)
values ('cntt-2024-csc15001', 'cntt-2024', 'CSC15001', 'cntt-2024-major-core', 'major-core', 'elective', 7, null, true, true, 'numeric', 170)
on conflict (id) do update set
  program_id = excluded.program_id,
  catalog_course_id = excluded.catalog_course_id,
  group_id = excluded.group_id,
  category = excluded.category,
  kind = excluded.kind,
  suggested_term = excluded.suggested_term,
  notes = excluded.notes,
  counts_toward_gpa = excluded.counts_toward_gpa,
  counts_toward_progress = excluded.counts_toward_progress,
  grading_mode = excluded.grading_mode,
  display_order = excluded.display_order;

insert into public.courses (id, program_id, group_id, category, code, title, credits, lecture_hours, practice_hours, lab_hours, kind, suggested_term, notes, counts_toward_gpa, counts_toward_progress, grading_mode)
values ('cntt-2024-csc15001', 'cntt-2024', 'cntt-2024-major-core', 'major-core', 'CSC15001', 'An ninh máy tính', 4, 45, 30, 0, 'elective', 7, null, true, true, 'numeric')
on conflict (id) do update set
  group_id = excluded.group_id,
  category = excluded.category,
  code = excluded.code,
  title = excluded.title,
  credits = excluded.credits,
  lecture_hours = excluded.lecture_hours,
  practice_hours = excluded.practice_hours,
  lab_hours = excluded.lab_hours,
  kind = excluded.kind,
  suggested_term = excluded.suggested_term,
  notes = excluded.notes,
  counts_toward_gpa = excluded.counts_toward_gpa,
  counts_toward_progress = excluded.counts_toward_progress,
  grading_mode = excluded.grading_mode;

insert into public.program_courses (id, program_id, catalog_course_id, group_id, category, kind, suggested_term, notes, counts_toward_gpa, counts_toward_progress, grading_mode, display_order)
values ('cntt-2024-baa00003', 'cntt-2024', 'BAA00003', 'cntt-2024-general-education', 'general-education', 'required', 8, null, true, true, 'numeric', 171)
on conflict (id) do update set
  program_id = excluded.program_id,
  catalog_course_id = excluded.catalog_course_id,
  group_id = excluded.group_id,
  category = excluded.category,
  kind = excluded.kind,
  suggested_term = excluded.suggested_term,
  notes = excluded.notes,
  counts_toward_gpa = excluded.counts_toward_gpa,
  counts_toward_progress = excluded.counts_toward_progress,
  grading_mode = excluded.grading_mode,
  display_order = excluded.display_order;

insert into public.courses (id, program_id, group_id, category, code, title, credits, lecture_hours, practice_hours, lab_hours, kind, suggested_term, notes, counts_toward_gpa, counts_toward_progress, grading_mode)
values ('cntt-2024-baa00003', 'cntt-2024', 'cntt-2024-general-education', 'general-education', 'BAA00003', 'Tư tưởng Hồ Chí Minh', 2, 30, 0, 0, 'required', 8, null, true, true, 'numeric')
on conflict (id) do update set
  group_id = excluded.group_id,
  category = excluded.category,
  code = excluded.code,
  title = excluded.title,
  credits = excluded.credits,
  lecture_hours = excluded.lecture_hours,
  practice_hours = excluded.practice_hours,
  lab_hours = excluded.lab_hours,
  kind = excluded.kind,
  suggested_term = excluded.suggested_term,
  notes = excluded.notes,
  counts_toward_gpa = excluded.counts_toward_gpa,
  counts_toward_progress = excluded.counts_toward_progress,
  grading_mode = excluded.grading_mode;

insert into public.program_courses (id, program_id, catalog_course_id, group_id, category, kind, suggested_term, notes, counts_toward_gpa, counts_toward_progress, grading_mode, display_order)
values ('cntt-2024-csc10204', 'cntt-2024', 'CSC10204', 'cntt-2024-graduation', 'graduation', 'graduation', 8, null, true, true, 'numeric', 172)
on conflict (id) do update set
  program_id = excluded.program_id,
  catalog_course_id = excluded.catalog_course_id,
  group_id = excluded.group_id,
  category = excluded.category,
  kind = excluded.kind,
  suggested_term = excluded.suggested_term,
  notes = excluded.notes,
  counts_toward_gpa = excluded.counts_toward_gpa,
  counts_toward_progress = excluded.counts_toward_progress,
  grading_mode = excluded.grading_mode,
  display_order = excluded.display_order;

insert into public.courses (id, program_id, group_id, category, code, title, credits, lecture_hours, practice_hours, lab_hours, kind, suggested_term, notes, counts_toward_gpa, counts_toward_progress, grading_mode)
values ('cntt-2024-csc10204', 'cntt-2024', 'cntt-2024-graduation', 'graduation', 'CSC10204', 'Thực tập dự án tốt nghiệp', 6, 0, 0, 180, 'graduation', 8, null, true, true, 'numeric')
on conflict (id) do update set
  group_id = excluded.group_id,
  category = excluded.category,
  code = excluded.code,
  title = excluded.title,
  credits = excluded.credits,
  lecture_hours = excluded.lecture_hours,
  practice_hours = excluded.practice_hours,
  lab_hours = excluded.lab_hours,
  kind = excluded.kind,
  suggested_term = excluded.suggested_term,
  notes = excluded.notes,
  counts_toward_gpa = excluded.counts_toward_gpa,
  counts_toward_progress = excluded.counts_toward_progress,
  grading_mode = excluded.grading_mode;

insert into public.program_courses (id, program_id, catalog_course_id, group_id, category, kind, suggested_term, notes, counts_toward_gpa, counts_toward_progress, grading_mode, display_order)
values ('cntt-2024-csc11106', 'cntt-2024', 'CSC11106', 'cntt-2024-major-core', 'major-core', 'elective', 8, null, true, true, 'numeric', 173)
on conflict (id) do update set
  program_id = excluded.program_id,
  catalog_course_id = excluded.catalog_course_id,
  group_id = excluded.group_id,
  category = excluded.category,
  kind = excluded.kind,
  suggested_term = excluded.suggested_term,
  notes = excluded.notes,
  counts_toward_gpa = excluded.counts_toward_gpa,
  counts_toward_progress = excluded.counts_toward_progress,
  grading_mode = excluded.grading_mode,
  display_order = excluded.display_order;

insert into public.courses (id, program_id, group_id, category, code, title, credits, lecture_hours, practice_hours, lab_hours, kind, suggested_term, notes, counts_toward_gpa, counts_toward_progress, grading_mode)
values ('cntt-2024-csc11106', 'cntt-2024', 'cntt-2024-major-core', 'major-core', 'CSC11106', 'Truyền thông không dây', 4, 45, 30, 0, 'elective', 8, null, true, true, 'numeric')
on conflict (id) do update set
  group_id = excluded.group_id,
  category = excluded.category,
  code = excluded.code,
  title = excluded.title,
  credits = excluded.credits,
  lecture_hours = excluded.lecture_hours,
  practice_hours = excluded.practice_hours,
  lab_hours = excluded.lab_hours,
  kind = excluded.kind,
  suggested_term = excluded.suggested_term,
  notes = excluded.notes,
  counts_toward_gpa = excluded.counts_toward_gpa,
  counts_toward_progress = excluded.counts_toward_progress,
  grading_mode = excluded.grading_mode;

insert into public.program_courses (id, program_id, catalog_course_id, group_id, category, kind, suggested_term, notes, counts_toward_gpa, counts_toward_progress, grading_mode, display_order)
values ('cntt-2024-csc11117', 'cntt-2024', 'CSC11117', 'cntt-2024-major-core', 'major-core', 'elective', 8, null, true, true, 'numeric', 174)
on conflict (id) do update set
  program_id = excluded.program_id,
  catalog_course_id = excluded.catalog_course_id,
  group_id = excluded.group_id,
  category = excluded.category,
  kind = excluded.kind,
  suggested_term = excluded.suggested_term,
  notes = excluded.notes,
  counts_toward_gpa = excluded.counts_toward_gpa,
  counts_toward_progress = excluded.counts_toward_progress,
  grading_mode = excluded.grading_mode,
  display_order = excluded.display_order;

insert into public.courses (id, program_id, group_id, category, code, title, credits, lecture_hours, practice_hours, lab_hours, kind, suggested_term, notes, counts_toward_gpa, counts_toward_progress, grading_mode)
values ('cntt-2024-csc11117', 'cntt-2024', 'cntt-2024-major-core', 'major-core', 'CSC11117', 'Hệ điều hành Linux và ứng dụng', 4, 45, 30, 0, 'elective', 8, null, true, true, 'numeric')
on conflict (id) do update set
  group_id = excluded.group_id,
  category = excluded.category,
  code = excluded.code,
  title = excluded.title,
  credits = excluded.credits,
  lecture_hours = excluded.lecture_hours,
  practice_hours = excluded.practice_hours,
  lab_hours = excluded.lab_hours,
  kind = excluded.kind,
  suggested_term = excluded.suggested_term,
  notes = excluded.notes,
  counts_toward_gpa = excluded.counts_toward_gpa,
  counts_toward_progress = excluded.counts_toward_progress,
  grading_mode = excluded.grading_mode;

insert into public.program_courses (id, program_id, catalog_course_id, group_id, category, kind, suggested_term, notes, counts_toward_gpa, counts_toward_progress, grading_mode, display_order)
values ('cntt-2024-csc14101', 'cntt-2024', 'CSC14101', 'cntt-2024-major-core', 'major-core', 'elective', 8, null, true, true, 'numeric', 175)
on conflict (id) do update set
  program_id = excluded.program_id,
  catalog_course_id = excluded.catalog_course_id,
  group_id = excluded.group_id,
  category = excluded.category,
  kind = excluded.kind,
  suggested_term = excluded.suggested_term,
  notes = excluded.notes,
  counts_toward_gpa = excluded.counts_toward_gpa,
  counts_toward_progress = excluded.counts_toward_progress,
  grading_mode = excluded.grading_mode,
  display_order = excluded.display_order;

insert into public.courses (id, program_id, group_id, category, code, title, credits, lecture_hours, practice_hours, lab_hours, kind, suggested_term, notes, counts_toward_gpa, counts_toward_progress, grading_mode)
values ('cntt-2024-csc14101', 'cntt-2024', 'cntt-2024-major-core', 'major-core', 'CSC14101', 'Ẩn dữ liệu và chia sẻ thông tin', 4, 45, 30, 0, 'elective', 8, null, true, true, 'numeric')
on conflict (id) do update set
  group_id = excluded.group_id,
  category = excluded.category,
  code = excluded.code,
  title = excluded.title,
  credits = excluded.credits,
  lecture_hours = excluded.lecture_hours,
  practice_hours = excluded.practice_hours,
  lab_hours = excluded.lab_hours,
  kind = excluded.kind,
  suggested_term = excluded.suggested_term,
  notes = excluded.notes,
  counts_toward_gpa = excluded.counts_toward_gpa,
  counts_toward_progress = excluded.counts_toward_progress,
  grading_mode = excluded.grading_mode;

insert into public.programs (id, code, name, english_name, degree, duration_years, total_credits, source_note, curriculum_coverage_note)
values ('khmt-2024', '7480101', 'Khoa học máy tính', 'Computer Science', 'Cử nhân Khoa học máy tính', 4, 138, 'Dữ liệu curriculum được chuẩn hóa từ bộ docs HCMUS khóa tuyển 2024.', 'Bao phủ đầy đủ phần chương trình đào tạo chính của CTĐT KHMT khóa 2024; runtime chỉ dùng dữ liệu seed đã chuẩn hóa, không parse PDF.')
on conflict (id) do update set
  code = excluded.code,
  name = excluded.name,
  english_name = excluded.english_name,
  degree = excluded.degree,
  duration_years = excluded.duration_years,
  total_credits = excluded.total_credits,
  source_note = excluded.source_note,
  curriculum_coverage_note = excluded.curriculum_coverage_note;

insert into public.course_groups (id, program_id, title, category, required_credits, description, display_order)
values ('khmt-2024-general-education', 'khmt-2024', 'Giáo dục đại cương', 'general-education', 56, 'Khối kiến thức đại cương tính vào tín chỉ tốt nghiệp; không kể Ngoại ngữ, GDTC và GDQPAN.', 1)
on conflict (id) do update set
  title = excluded.title,
  category = excluded.category,
  required_credits = excluded.required_credits,
  description = excluded.description,
  display_order = excluded.display_order;

insert into public.course_groups (id, program_id, title, category, required_credits, description, display_order)
values ('khmt-2024-foundation', 'khmt-2024', 'Cơ sở ngành', 'foundation', 38, 'Khối kiến thức nền tảng và cơ sở của ngành công nghệ thông tin.', 2)
on conflict (id) do update set
  title = excluded.title,
  category = excluded.category,
  required_credits = excluded.required_credits,
  description = excluded.description,
  display_order = excluded.display_order;

insert into public.course_groups (id, program_id, title, category, required_credits, description, display_order)
values ('khmt-2024-major-core', 'khmt-2024', 'Ngành chuyên ngành', 'major-core', 16, 'Các học phần chuyên ngành bắt buộc theo định hướng chương trình.', 3)
on conflict (id) do update set
  title = excluded.title,
  category = excluded.category,
  required_credits = excluded.required_credits,
  description = excluded.description,
  display_order = excluded.display_order;

insert into public.course_groups (id, program_id, title, category, required_credits, description, display_order)
values ('khmt-2024-major-elective', 'khmt-2024', 'Tự chọn chuyên ngành', 'major-elective', 18, 'Các học phần tự chọn ngành, chuyên ngành và học phần mở rộng theo CTĐT.', 4)
on conflict (id) do update set
  title = excluded.title,
  category = excluded.category,
  required_credits = excluded.required_credits,
  description = excluded.description,
  display_order = excluded.display_order;

insert into public.course_groups (id, program_id, title, category, required_credits, description, display_order)
values ('khmt-2024-graduation', 'khmt-2024', 'Tốt nghiệp', 'graduation', 10, 'Thực tập, đồ án, khóa luận và các học phần tốt nghiệp.', 5)
on conflict (id) do update set
  title = excluded.title,
  category = excluded.category,
  required_credits = excluded.required_credits,
  description = excluded.description,
  display_order = excluded.display_order;

insert into public.program_requirement_sections (id, program_id, title, category, required_credits, elective_credits, free_elective_credits, total_credits, counts_toward_program_total, source_note, display_order)
values ('khmt-2024-general-education-requirement', 'khmt-2024', 'Giáo dục đại cương (I)', 'general-education', 42, 14, 0, 56, true, 'Theo bảng tổng hợp CTĐT khóa 2024; không kể Ngoại ngữ, GDTC và GDQPAN.', 1)
on conflict (id) do update set
  title = excluded.title,
  category = excluded.category,
  required_credits = excluded.required_credits,
  elective_credits = excluded.elective_credits,
  free_elective_credits = excluded.free_elective_credits,
  total_credits = excluded.total_credits,
  counts_toward_program_total = excluded.counts_toward_program_total,
  source_note = excluded.source_note,
  display_order = excluded.display_order;

insert into public.program_requirement_sections (id, program_id, title, category, required_credits, elective_credits, free_elective_credits, total_credits, counts_toward_program_total, source_note, display_order)
values ('khmt-2024-foundation-requirement', 'khmt-2024', 'Cơ sở ngành (2)', 'foundation', 38, 0, 0, 38, true, 'Theo bảng tổng hợp CTĐT khóa 2024.', 2)
on conflict (id) do update set
  title = excluded.title,
  category = excluded.category,
  required_credits = excluded.required_credits,
  elective_credits = excluded.elective_credits,
  free_elective_credits = excluded.free_elective_credits,
  total_credits = excluded.total_credits,
  counts_toward_program_total = excluded.counts_toward_program_total,
  source_note = excluded.source_note,
  display_order = excluded.display_order;

insert into public.program_requirement_sections (id, program_id, title, category, required_credits, elective_credits, free_elective_credits, total_credits, counts_toward_program_total, source_note, display_order)
values ('khmt-2024-major-requirement', 'khmt-2024', 'Chuyên ngành (3)', 'major', 16, 8, 10, 34, true, 'Theo bảng tổng hợp CTĐT khóa 2024; app hiện hiển thị tổng, chưa khóa hướng chuyên ngành.', 3)
on conflict (id) do update set
  title = excluded.title,
  category = excluded.category,
  required_credits = excluded.required_credits,
  elective_credits = excluded.elective_credits,
  free_elective_credits = excluded.free_elective_credits,
  total_credits = excluded.total_credits,
  counts_toward_program_total = excluded.counts_toward_program_total,
  source_note = excluded.source_note,
  display_order = excluded.display_order;

insert into public.program_requirement_sections (id, program_id, title, category, required_credits, elective_credits, free_elective_credits, total_credits, counts_toward_program_total, source_note, display_order)
values ('khmt-2024-graduation-requirement', 'khmt-2024', 'Tốt nghiệp (4)', 'graduation', 0, 10, 0, 10, true, 'Theo bảng tổng hợp CTĐT khóa 2024.', 4)
on conflict (id) do update set
  title = excluded.title,
  category = excluded.category,
  required_credits = excluded.required_credits,
  elective_credits = excluded.elective_credits,
  free_elective_credits = excluded.free_elective_credits,
  total_credits = excluded.total_credits,
  counts_toward_program_total = excluded.counts_toward_program_total,
  source_note = excluded.source_note,
  display_order = excluded.display_order;

insert into public.program_courses (id, program_id, catalog_course_id, group_id, category, kind, suggested_term, notes, counts_toward_gpa, counts_toward_progress, grading_mode, display_order)
values ('khmt-2024-add00031', 'khmt-2024', 'ADD00031', 'khmt-2024-general-education', 'general-education', 'required', 1, null, false, false, 'numeric_or_pass_fail', 1)
on conflict (id) do update set
  program_id = excluded.program_id,
  catalog_course_id = excluded.catalog_course_id,
  group_id = excluded.group_id,
  category = excluded.category,
  kind = excluded.kind,
  suggested_term = excluded.suggested_term,
  notes = excluded.notes,
  counts_toward_gpa = excluded.counts_toward_gpa,
  counts_toward_progress = excluded.counts_toward_progress,
  grading_mode = excluded.grading_mode,
  display_order = excluded.display_order;

insert into public.courses (id, program_id, group_id, category, code, title, credits, lecture_hours, practice_hours, lab_hours, kind, suggested_term, notes, counts_toward_gpa, counts_toward_progress, grading_mode)
values ('khmt-2024-add00031', 'khmt-2024', 'khmt-2024-general-education', 'general-education', 'ADD00031', 'Anh văn 1', 3, 30, 30, 0, 'required', 1, null, false, false, 'numeric_or_pass_fail')
on conflict (id) do update set
  group_id = excluded.group_id,
  category = excluded.category,
  code = excluded.code,
  title = excluded.title,
  credits = excluded.credits,
  lecture_hours = excluded.lecture_hours,
  practice_hours = excluded.practice_hours,
  lab_hours = excluded.lab_hours,
  kind = excluded.kind,
  suggested_term = excluded.suggested_term,
  notes = excluded.notes,
  counts_toward_gpa = excluded.counts_toward_gpa,
  counts_toward_progress = excluded.counts_toward_progress,
  grading_mode = excluded.grading_mode;

insert into public.program_courses (id, program_id, catalog_course_id, group_id, category, kind, suggested_term, notes, counts_toward_gpa, counts_toward_progress, grading_mode, display_order)
values ('khmt-2024-baa00021', 'khmt-2024', 'BAA00021', 'khmt-2024-general-education', 'general-education', 'required', 1, null, false, false, 'numeric_or_pass_fail', 2)
on conflict (id) do update set
  program_id = excluded.program_id,
  catalog_course_id = excluded.catalog_course_id,
  group_id = excluded.group_id,
  category = excluded.category,
  kind = excluded.kind,
  suggested_term = excluded.suggested_term,
  notes = excluded.notes,
  counts_toward_gpa = excluded.counts_toward_gpa,
  counts_toward_progress = excluded.counts_toward_progress,
  grading_mode = excluded.grading_mode,
  display_order = excluded.display_order;

insert into public.courses (id, program_id, group_id, category, code, title, credits, lecture_hours, practice_hours, lab_hours, kind, suggested_term, notes, counts_toward_gpa, counts_toward_progress, grading_mode)
values ('khmt-2024-baa00021', 'khmt-2024', 'khmt-2024-general-education', 'general-education', 'BAA00021', 'Thể dục 1', 2, 15, 30, 0, 'required', 1, null, false, false, 'numeric_or_pass_fail')
on conflict (id) do update set
  group_id = excluded.group_id,
  category = excluded.category,
  code = excluded.code,
  title = excluded.title,
  credits = excluded.credits,
  lecture_hours = excluded.lecture_hours,
  practice_hours = excluded.practice_hours,
  lab_hours = excluded.lab_hours,
  kind = excluded.kind,
  suggested_term = excluded.suggested_term,
  notes = excluded.notes,
  counts_toward_gpa = excluded.counts_toward_gpa,
  counts_toward_progress = excluded.counts_toward_progress,
  grading_mode = excluded.grading_mode;

insert into public.program_courses (id, program_id, catalog_course_id, group_id, category, kind, suggested_term, notes, counts_toward_gpa, counts_toward_progress, grading_mode, display_order)
values ('khmt-2024-csc00004', 'khmt-2024', 'CSC00004', 'khmt-2024-foundation', 'foundation', 'required', 1, null, true, true, 'numeric', 3)
on conflict (id) do update set
  program_id = excluded.program_id,
  catalog_course_id = excluded.catalog_course_id,
  group_id = excluded.group_id,
  category = excluded.category,
  kind = excluded.kind,
  suggested_term = excluded.suggested_term,
  notes = excluded.notes,
  counts_toward_gpa = excluded.counts_toward_gpa,
  counts_toward_progress = excluded.counts_toward_progress,
  grading_mode = excluded.grading_mode,
  display_order = excluded.display_order;

insert into public.courses (id, program_id, group_id, category, code, title, credits, lecture_hours, practice_hours, lab_hours, kind, suggested_term, notes, counts_toward_gpa, counts_toward_progress, grading_mode)
values ('khmt-2024-csc00004', 'khmt-2024', 'khmt-2024-foundation', 'foundation', 'CSC00004', 'Nhập môn công nghệ thông tin', 4, 45, 30, 0, 'required', 1, null, true, true, 'numeric')
on conflict (id) do update set
  group_id = excluded.group_id,
  category = excluded.category,
  code = excluded.code,
  title = excluded.title,
  credits = excluded.credits,
  lecture_hours = excluded.lecture_hours,
  practice_hours = excluded.practice_hours,
  lab_hours = excluded.lab_hours,
  kind = excluded.kind,
  suggested_term = excluded.suggested_term,
  notes = excluded.notes,
  counts_toward_gpa = excluded.counts_toward_gpa,
  counts_toward_progress = excluded.counts_toward_progress,
  grading_mode = excluded.grading_mode;

insert into public.program_courses (id, program_id, catalog_course_id, group_id, category, kind, suggested_term, notes, counts_toward_gpa, counts_toward_progress, grading_mode, display_order)
values ('khmt-2024-csc10012', 'khmt-2024', 'CSC10012', 'khmt-2024-foundation', 'foundation', 'required', 1, null, true, true, 'numeric', 4)
on conflict (id) do update set
  program_id = excluded.program_id,
  catalog_course_id = excluded.catalog_course_id,
  group_id = excluded.group_id,
  category = excluded.category,
  kind = excluded.kind,
  suggested_term = excluded.suggested_term,
  notes = excluded.notes,
  counts_toward_gpa = excluded.counts_toward_gpa,
  counts_toward_progress = excluded.counts_toward_progress,
  grading_mode = excluded.grading_mode,
  display_order = excluded.display_order;

insert into public.courses (id, program_id, group_id, category, code, title, credits, lecture_hours, practice_hours, lab_hours, kind, suggested_term, notes, counts_toward_gpa, counts_toward_progress, grading_mode)
values ('khmt-2024-csc10012', 'khmt-2024', 'khmt-2024-foundation', 'foundation', 'CSC10012', 'Cơ sở lập trình', 4, 45, 30, 0, 'required', 1, null, true, true, 'numeric')
on conflict (id) do update set
  group_id = excluded.group_id,
  category = excluded.category,
  code = excluded.code,
  title = excluded.title,
  credits = excluded.credits,
  lecture_hours = excluded.lecture_hours,
  practice_hours = excluded.practice_hours,
  lab_hours = excluded.lab_hours,
  kind = excluded.kind,
  suggested_term = excluded.suggested_term,
  notes = excluded.notes,
  counts_toward_gpa = excluded.counts_toward_gpa,
  counts_toward_progress = excluded.counts_toward_progress,
  grading_mode = excluded.grading_mode;

insert into public.program_courses (id, program_id, catalog_course_id, group_id, category, kind, suggested_term, notes, counts_toward_gpa, counts_toward_progress, grading_mode, display_order)
values ('khmt-2024-mth00021', 'khmt-2024', 'MTH00021', 'khmt-2024-general-education', 'general-education', 'required', 1, null, true, true, 'numeric', 5)
on conflict (id) do update set
  program_id = excluded.program_id,
  catalog_course_id = excluded.catalog_course_id,
  group_id = excluded.group_id,
  category = excluded.category,
  kind = excluded.kind,
  suggested_term = excluded.suggested_term,
  notes = excluded.notes,
  counts_toward_gpa = excluded.counts_toward_gpa,
  counts_toward_progress = excluded.counts_toward_progress,
  grading_mode = excluded.grading_mode,
  display_order = excluded.display_order;

insert into public.courses (id, program_id, group_id, category, code, title, credits, lecture_hours, practice_hours, lab_hours, kind, suggested_term, notes, counts_toward_gpa, counts_toward_progress, grading_mode)
values ('khmt-2024-mth00021', 'khmt-2024', 'khmt-2024-general-education', 'general-education', 'MTH00021', 'Vi tích phân 1', 4, 45, 30, 0, 'required', 1, null, true, true, 'numeric')
on conflict (id) do update set
  group_id = excluded.group_id,
  category = excluded.category,
  code = excluded.code,
  title = excluded.title,
  credits = excluded.credits,
  lecture_hours = excluded.lecture_hours,
  practice_hours = excluded.practice_hours,
  lab_hours = excluded.lab_hours,
  kind = excluded.kind,
  suggested_term = excluded.suggested_term,
  notes = excluded.notes,
  counts_toward_gpa = excluded.counts_toward_gpa,
  counts_toward_progress = excluded.counts_toward_progress,
  grading_mode = excluded.grading_mode;

insert into public.program_courses (id, program_id, catalog_course_id, group_id, category, kind, suggested_term, notes, counts_toward_gpa, counts_toward_progress, grading_mode, display_order)
values ('khmt-2024-mth00045', 'khmt-2024', 'MTH00045', 'khmt-2024-general-education', 'general-education', 'required', 1, null, true, true, 'numeric', 6)
on conflict (id) do update set
  program_id = excluded.program_id,
  catalog_course_id = excluded.catalog_course_id,
  group_id = excluded.group_id,
  category = excluded.category,
  kind = excluded.kind,
  suggested_term = excluded.suggested_term,
  notes = excluded.notes,
  counts_toward_gpa = excluded.counts_toward_gpa,
  counts_toward_progress = excluded.counts_toward_progress,
  grading_mode = excluded.grading_mode,
  display_order = excluded.display_order;

insert into public.courses (id, program_id, group_id, category, code, title, credits, lecture_hours, practice_hours, lab_hours, kind, suggested_term, notes, counts_toward_gpa, counts_toward_progress, grading_mode)
values ('khmt-2024-mth00045', 'khmt-2024', 'khmt-2024-general-education', 'general-education', 'MTH00045', 'Toán rời rạc', 4, 45, 30, 0, 'required', 1, null, true, true, 'numeric')
on conflict (id) do update set
  group_id = excluded.group_id,
  category = excluded.category,
  code = excluded.code,
  title = excluded.title,
  credits = excluded.credits,
  lecture_hours = excluded.lecture_hours,
  practice_hours = excluded.practice_hours,
  lab_hours = excluded.lab_hours,
  kind = excluded.kind,
  suggested_term = excluded.suggested_term,
  notes = excluded.notes,
  counts_toward_gpa = excluded.counts_toward_gpa,
  counts_toward_progress = excluded.counts_toward_progress,
  grading_mode = excluded.grading_mode;

insert into public.program_courses (id, program_id, catalog_course_id, group_id, category, kind, suggested_term, notes, counts_toward_gpa, counts_toward_progress, grading_mode, display_order)
values ('khmt-2024-add00032', 'khmt-2024', 'ADD00032', 'khmt-2024-general-education', 'general-education', 'required', 2, null, false, false, 'numeric_or_pass_fail', 7)
on conflict (id) do update set
  program_id = excluded.program_id,
  catalog_course_id = excluded.catalog_course_id,
  group_id = excluded.group_id,
  category = excluded.category,
  kind = excluded.kind,
  suggested_term = excluded.suggested_term,
  notes = excluded.notes,
  counts_toward_gpa = excluded.counts_toward_gpa,
  counts_toward_progress = excluded.counts_toward_progress,
  grading_mode = excluded.grading_mode,
  display_order = excluded.display_order;

insert into public.courses (id, program_id, group_id, category, code, title, credits, lecture_hours, practice_hours, lab_hours, kind, suggested_term, notes, counts_toward_gpa, counts_toward_progress, grading_mode)
values ('khmt-2024-add00032', 'khmt-2024', 'khmt-2024-general-education', 'general-education', 'ADD00032', 'Anh văn 2', 3, 30, 30, 2, 'required', 2, null, false, false, 'numeric_or_pass_fail')
on conflict (id) do update set
  group_id = excluded.group_id,
  category = excluded.category,
  code = excluded.code,
  title = excluded.title,
  credits = excluded.credits,
  lecture_hours = excluded.lecture_hours,
  practice_hours = excluded.practice_hours,
  lab_hours = excluded.lab_hours,
  kind = excluded.kind,
  suggested_term = excluded.suggested_term,
  notes = excluded.notes,
  counts_toward_gpa = excluded.counts_toward_gpa,
  counts_toward_progress = excluded.counts_toward_progress,
  grading_mode = excluded.grading_mode;

insert into public.program_courses (id, program_id, catalog_course_id, group_id, category, kind, suggested_term, notes, counts_toward_gpa, counts_toward_progress, grading_mode, display_order)
values ('khmt-2024-baa00004', 'khmt-2024', 'BAA00004', 'khmt-2024-general-education', 'general-education', 'required', 2, null, true, true, 'numeric', 8)
on conflict (id) do update set
  program_id = excluded.program_id,
  catalog_course_id = excluded.catalog_course_id,
  group_id = excluded.group_id,
  category = excluded.category,
  kind = excluded.kind,
  suggested_term = excluded.suggested_term,
  notes = excluded.notes,
  counts_toward_gpa = excluded.counts_toward_gpa,
  counts_toward_progress = excluded.counts_toward_progress,
  grading_mode = excluded.grading_mode,
  display_order = excluded.display_order;

insert into public.courses (id, program_id, group_id, category, code, title, credits, lecture_hours, practice_hours, lab_hours, kind, suggested_term, notes, counts_toward_gpa, counts_toward_progress, grading_mode)
values ('khmt-2024-baa00004', 'khmt-2024', 'khmt-2024-general-education', 'general-education', 'BAA00004', 'Pháp luật đại cương', 3, 45, 0, 0, 'required', 2, null, true, true, 'numeric')
on conflict (id) do update set
  group_id = excluded.group_id,
  category = excluded.category,
  code = excluded.code,
  title = excluded.title,
  credits = excluded.credits,
  lecture_hours = excluded.lecture_hours,
  practice_hours = excluded.practice_hours,
  lab_hours = excluded.lab_hours,
  kind = excluded.kind,
  suggested_term = excluded.suggested_term,
  notes = excluded.notes,
  counts_toward_gpa = excluded.counts_toward_gpa,
  counts_toward_progress = excluded.counts_toward_progress,
  grading_mode = excluded.grading_mode;

insert into public.program_courses (id, program_id, catalog_course_id, group_id, category, kind, suggested_term, notes, counts_toward_gpa, counts_toward_progress, grading_mode, display_order)
values ('khmt-2024-baa00022', 'khmt-2024', 'BAA00022', 'khmt-2024-general-education', 'general-education', 'required', 2, null, false, false, 'numeric_or_pass_fail', 9)
on conflict (id) do update set
  program_id = excluded.program_id,
  catalog_course_id = excluded.catalog_course_id,
  group_id = excluded.group_id,
  category = excluded.category,
  kind = excluded.kind,
  suggested_term = excluded.suggested_term,
  notes = excluded.notes,
  counts_toward_gpa = excluded.counts_toward_gpa,
  counts_toward_progress = excluded.counts_toward_progress,
  grading_mode = excluded.grading_mode,
  display_order = excluded.display_order;

insert into public.courses (id, program_id, group_id, category, code, title, credits, lecture_hours, practice_hours, lab_hours, kind, suggested_term, notes, counts_toward_gpa, counts_toward_progress, grading_mode)
values ('khmt-2024-baa00022', 'khmt-2024', 'khmt-2024-general-education', 'general-education', 'BAA00022', 'Thể dục 2', 2, 15, 30, 0, 'required', 2, null, false, false, 'numeric_or_pass_fail')
on conflict (id) do update set
  group_id = excluded.group_id,
  category = excluded.category,
  code = excluded.code,
  title = excluded.title,
  credits = excluded.credits,
  lecture_hours = excluded.lecture_hours,
  practice_hours = excluded.practice_hours,
  lab_hours = excluded.lab_hours,
  kind = excluded.kind,
  suggested_term = excluded.suggested_term,
  notes = excluded.notes,
  counts_toward_gpa = excluded.counts_toward_gpa,
  counts_toward_progress = excluded.counts_toward_progress,
  grading_mode = excluded.grading_mode;

insert into public.program_courses (id, program_id, catalog_course_id, group_id, category, kind, suggested_term, notes, counts_toward_gpa, counts_toward_progress, grading_mode, display_order)
values ('khmt-2024-bio00001', 'khmt-2024', 'BIO00001', 'khmt-2024-general-education', 'general-education', 'elective', 2, null, true, true, 'numeric', 10)
on conflict (id) do update set
  program_id = excluded.program_id,
  catalog_course_id = excluded.catalog_course_id,
  group_id = excluded.group_id,
  category = excluded.category,
  kind = excluded.kind,
  suggested_term = excluded.suggested_term,
  notes = excluded.notes,
  counts_toward_gpa = excluded.counts_toward_gpa,
  counts_toward_progress = excluded.counts_toward_progress,
  grading_mode = excluded.grading_mode,
  display_order = excluded.display_order;

insert into public.courses (id, program_id, group_id, category, code, title, credits, lecture_hours, practice_hours, lab_hours, kind, suggested_term, notes, counts_toward_gpa, counts_toward_progress, grading_mode)
values ('khmt-2024-bio00001', 'khmt-2024', 'khmt-2024-general-education', 'general-education', 'BIO00001', 'Sinh đại cương 1', 3, 45, 0, 0, 'elective', 2, null, true, true, 'numeric')
on conflict (id) do update set
  group_id = excluded.group_id,
  category = excluded.category,
  code = excluded.code,
  title = excluded.title,
  credits = excluded.credits,
  lecture_hours = excluded.lecture_hours,
  practice_hours = excluded.practice_hours,
  lab_hours = excluded.lab_hours,
  kind = excluded.kind,
  suggested_term = excluded.suggested_term,
  notes = excluded.notes,
  counts_toward_gpa = excluded.counts_toward_gpa,
  counts_toward_progress = excluded.counts_toward_progress,
  grading_mode = excluded.grading_mode;

insert into public.program_courses (id, program_id, catalog_course_id, group_id, category, kind, suggested_term, notes, counts_toward_gpa, counts_toward_progress, grading_mode, display_order)
values ('khmt-2024-bio00081', 'khmt-2024', 'BIO00081', 'khmt-2024-general-education', 'general-education', 'elective', 2, null, true, true, 'numeric', 11)
on conflict (id) do update set
  program_id = excluded.program_id,
  catalog_course_id = excluded.catalog_course_id,
  group_id = excluded.group_id,
  category = excluded.category,
  kind = excluded.kind,
  suggested_term = excluded.suggested_term,
  notes = excluded.notes,
  counts_toward_gpa = excluded.counts_toward_gpa,
  counts_toward_progress = excluded.counts_toward_progress,
  grading_mode = excluded.grading_mode,
  display_order = excluded.display_order;

insert into public.courses (id, program_id, group_id, category, code, title, credits, lecture_hours, practice_hours, lab_hours, kind, suggested_term, notes, counts_toward_gpa, counts_toward_progress, grading_mode)
values ('khmt-2024-bio00081', 'khmt-2024', 'khmt-2024-general-education', 'general-education', 'BIO00081', 'Thực tập Sinh đại cương 1', 1, 0, 30, 0, 'elective', 2, null, true, true, 'numeric')
on conflict (id) do update set
  group_id = excluded.group_id,
  category = excluded.category,
  code = excluded.code,
  title = excluded.title,
  credits = excluded.credits,
  lecture_hours = excluded.lecture_hours,
  practice_hours = excluded.practice_hours,
  lab_hours = excluded.lab_hours,
  kind = excluded.kind,
  suggested_term = excluded.suggested_term,
  notes = excluded.notes,
  counts_toward_gpa = excluded.counts_toward_gpa,
  counts_toward_progress = excluded.counts_toward_progress,
  grading_mode = excluded.grading_mode;

insert into public.program_courses (id, program_id, catalog_course_id, group_id, category, kind, suggested_term, notes, counts_toward_gpa, counts_toward_progress, grading_mode, display_order)
values ('khmt-2024-che00001', 'khmt-2024', 'CHE00001', 'khmt-2024-general-education', 'general-education', 'elective', 2, null, true, true, 'numeric', 12)
on conflict (id) do update set
  program_id = excluded.program_id,
  catalog_course_id = excluded.catalog_course_id,
  group_id = excluded.group_id,
  category = excluded.category,
  kind = excluded.kind,
  suggested_term = excluded.suggested_term,
  notes = excluded.notes,
  counts_toward_gpa = excluded.counts_toward_gpa,
  counts_toward_progress = excluded.counts_toward_progress,
  grading_mode = excluded.grading_mode,
  display_order = excluded.display_order;

insert into public.courses (id, program_id, group_id, category, code, title, credits, lecture_hours, practice_hours, lab_hours, kind, suggested_term, notes, counts_toward_gpa, counts_toward_progress, grading_mode)
values ('khmt-2024-che00001', 'khmt-2024', 'khmt-2024-general-education', 'general-education', 'CHE00001', 'Hóa đại cương 1', 3, 30, 0, 30, 'elective', 2, null, true, true, 'numeric')
on conflict (id) do update set
  group_id = excluded.group_id,
  category = excluded.category,
  code = excluded.code,
  title = excluded.title,
  credits = excluded.credits,
  lecture_hours = excluded.lecture_hours,
  practice_hours = excluded.practice_hours,
  lab_hours = excluded.lab_hours,
  kind = excluded.kind,
  suggested_term = excluded.suggested_term,
  notes = excluded.notes,
  counts_toward_gpa = excluded.counts_toward_gpa,
  counts_toward_progress = excluded.counts_toward_progress,
  grading_mode = excluded.grading_mode;

insert into public.program_courses (id, program_id, catalog_course_id, group_id, category, kind, suggested_term, notes, counts_toward_gpa, counts_toward_progress, grading_mode, display_order)
values ('khmt-2024-che00081', 'khmt-2024', 'CHE00081', 'khmt-2024-general-education', 'general-education', 'elective', 2, null, true, true, 'numeric', 13)
on conflict (id) do update set
  program_id = excluded.program_id,
  catalog_course_id = excluded.catalog_course_id,
  group_id = excluded.group_id,
  category = excluded.category,
  kind = excluded.kind,
  suggested_term = excluded.suggested_term,
  notes = excluded.notes,
  counts_toward_gpa = excluded.counts_toward_gpa,
  counts_toward_progress = excluded.counts_toward_progress,
  grading_mode = excluded.grading_mode,
  display_order = excluded.display_order;

insert into public.courses (id, program_id, group_id, category, code, title, credits, lecture_hours, practice_hours, lab_hours, kind, suggested_term, notes, counts_toward_gpa, counts_toward_progress, grading_mode)
values ('khmt-2024-che00081', 'khmt-2024', 'khmt-2024-general-education', 'general-education', 'CHE00081', 'Thực hành Hóa đại cương 1', 2, 0, 60, 0, 'elective', 2, null, true, true, 'numeric')
on conflict (id) do update set
  group_id = excluded.group_id,
  category = excluded.category,
  code = excluded.code,
  title = excluded.title,
  credits = excluded.credits,
  lecture_hours = excluded.lecture_hours,
  practice_hours = excluded.practice_hours,
  lab_hours = excluded.lab_hours,
  kind = excluded.kind,
  suggested_term = excluded.suggested_term,
  notes = excluded.notes,
  counts_toward_gpa = excluded.counts_toward_gpa,
  counts_toward_progress = excluded.counts_toward_progress,
  grading_mode = excluded.grading_mode;

insert into public.program_courses (id, program_id, catalog_course_id, group_id, category, kind, suggested_term, notes, counts_toward_gpa, counts_toward_progress, grading_mode, display_order)
values ('khmt-2024-csc10004', 'khmt-2024', 'CSC10004', 'khmt-2024-foundation', 'foundation', 'required', 2, null, true, true, 'numeric', 14)
on conflict (id) do update set
  program_id = excluded.program_id,
  catalog_course_id = excluded.catalog_course_id,
  group_id = excluded.group_id,
  category = excluded.category,
  kind = excluded.kind,
  suggested_term = excluded.suggested_term,
  notes = excluded.notes,
  counts_toward_gpa = excluded.counts_toward_gpa,
  counts_toward_progress = excluded.counts_toward_progress,
  grading_mode = excluded.grading_mode,
  display_order = excluded.display_order;

insert into public.courses (id, program_id, group_id, category, code, title, credits, lecture_hours, practice_hours, lab_hours, kind, suggested_term, notes, counts_toward_gpa, counts_toward_progress, grading_mode)
values ('khmt-2024-csc10004', 'khmt-2024', 'khmt-2024-foundation', 'foundation', 'CSC10004', 'Cấu trúc dữ liệu và giải thuật', 4, 45, 30, 0, 'required', 2, null, true, true, 'numeric')
on conflict (id) do update set
  group_id = excluded.group_id,
  category = excluded.category,
  code = excluded.code,
  title = excluded.title,
  credits = excluded.credits,
  lecture_hours = excluded.lecture_hours,
  practice_hours = excluded.practice_hours,
  lab_hours = excluded.lab_hours,
  kind = excluded.kind,
  suggested_term = excluded.suggested_term,
  notes = excluded.notes,
  counts_toward_gpa = excluded.counts_toward_gpa,
  counts_toward_progress = excluded.counts_toward_progress,
  grading_mode = excluded.grading_mode;

insert into public.program_courses (id, program_id, catalog_course_id, group_id, category, kind, suggested_term, notes, counts_toward_gpa, counts_toward_progress, grading_mode, display_order)
values ('khmt-2024-mth00022', 'khmt-2024', 'MTH00022', 'khmt-2024-general-education', 'general-education', 'required', 2, null, true, true, 'numeric', 15)
on conflict (id) do update set
  program_id = excluded.program_id,
  catalog_course_id = excluded.catalog_course_id,
  group_id = excluded.group_id,
  category = excluded.category,
  kind = excluded.kind,
  suggested_term = excluded.suggested_term,
  notes = excluded.notes,
  counts_toward_gpa = excluded.counts_toward_gpa,
  counts_toward_progress = excluded.counts_toward_progress,
  grading_mode = excluded.grading_mode,
  display_order = excluded.display_order;

insert into public.courses (id, program_id, group_id, category, code, title, credits, lecture_hours, practice_hours, lab_hours, kind, suggested_term, notes, counts_toward_gpa, counts_toward_progress, grading_mode)
values ('khmt-2024-mth00022', 'khmt-2024', 'khmt-2024-general-education', 'general-education', 'MTH00022', 'Vi tích phân 2', 4, 45, 30, 0, 'required', 2, null, true, true, 'numeric')
on conflict (id) do update set
  group_id = excluded.group_id,
  category = excluded.category,
  code = excluded.code,
  title = excluded.title,
  credits = excluded.credits,
  lecture_hours = excluded.lecture_hours,
  practice_hours = excluded.practice_hours,
  lab_hours = excluded.lab_hours,
  kind = excluded.kind,
  suggested_term = excluded.suggested_term,
  notes = excluded.notes,
  counts_toward_gpa = excluded.counts_toward_gpa,
  counts_toward_progress = excluded.counts_toward_progress,
  grading_mode = excluded.grading_mode;

insert into public.program_courses (id, program_id, catalog_course_id, group_id, category, kind, suggested_term, notes, counts_toward_gpa, counts_toward_progress, grading_mode, display_order)
values ('khmt-2024-mth00035', 'khmt-2024', 'MTH00035', 'khmt-2024-general-education', 'general-education', 'required', 2, null, true, true, 'numeric', 16)
on conflict (id) do update set
  program_id = excluded.program_id,
  catalog_course_id = excluded.catalog_course_id,
  group_id = excluded.group_id,
  category = excluded.category,
  kind = excluded.kind,
  suggested_term = excluded.suggested_term,
  notes = excluded.notes,
  counts_toward_gpa = excluded.counts_toward_gpa,
  counts_toward_progress = excluded.counts_toward_progress,
  grading_mode = excluded.grading_mode,
  display_order = excluded.display_order;

insert into public.courses (id, program_id, group_id, category, code, title, credits, lecture_hours, practice_hours, lab_hours, kind, suggested_term, notes, counts_toward_gpa, counts_toward_progress, grading_mode)
values ('khmt-2024-mth00035', 'khmt-2024', 'khmt-2024-general-education', 'general-education', 'MTH00035', 'Đại số tuyến tính', 4, 45, 30, 0, 'required', 2, null, true, true, 'numeric')
on conflict (id) do update set
  group_id = excluded.group_id,
  category = excluded.category,
  code = excluded.code,
  title = excluded.title,
  credits = excluded.credits,
  lecture_hours = excluded.lecture_hours,
  practice_hours = excluded.practice_hours,
  lab_hours = excluded.lab_hours,
  kind = excluded.kind,
  suggested_term = excluded.suggested_term,
  notes = excluded.notes,
  counts_toward_gpa = excluded.counts_toward_gpa,
  counts_toward_progress = excluded.counts_toward_progress,
  grading_mode = excluded.grading_mode;

insert into public.program_courses (id, program_id, catalog_course_id, group_id, category, kind, suggested_term, notes, counts_toward_gpa, counts_toward_progress, grading_mode, display_order)
values ('khmt-2024-phy00001', 'khmt-2024', 'PHY00001', 'khmt-2024-general-education', 'general-education', 'elective', 2, null, true, true, 'numeric', 17)
on conflict (id) do update set
  program_id = excluded.program_id,
  catalog_course_id = excluded.catalog_course_id,
  group_id = excluded.group_id,
  category = excluded.category,
  kind = excluded.kind,
  suggested_term = excluded.suggested_term,
  notes = excluded.notes,
  counts_toward_gpa = excluded.counts_toward_gpa,
  counts_toward_progress = excluded.counts_toward_progress,
  grading_mode = excluded.grading_mode,
  display_order = excluded.display_order;

insert into public.courses (id, program_id, group_id, category, code, title, credits, lecture_hours, practice_hours, lab_hours, kind, suggested_term, notes, counts_toward_gpa, counts_toward_progress, grading_mode)
values ('khmt-2024-phy00001', 'khmt-2024', 'khmt-2024-general-education', 'general-education', 'PHY00001', 'Vật lý đại cương 1 (Cơ - Nhiệt)', 3, 45, 0, 0, 'elective', 2, null, true, true, 'numeric')
on conflict (id) do update set
  group_id = excluded.group_id,
  category = excluded.category,
  code = excluded.code,
  title = excluded.title,
  credits = excluded.credits,
  lecture_hours = excluded.lecture_hours,
  practice_hours = excluded.practice_hours,
  lab_hours = excluded.lab_hours,
  kind = excluded.kind,
  suggested_term = excluded.suggested_term,
  notes = excluded.notes,
  counts_toward_gpa = excluded.counts_toward_gpa,
  counts_toward_progress = excluded.counts_toward_progress,
  grading_mode = excluded.grading_mode;

insert into public.program_courses (id, program_id, catalog_course_id, group_id, category, kind, suggested_term, notes, counts_toward_gpa, counts_toward_progress, grading_mode, display_order)
values ('khmt-2024-phy00081', 'khmt-2024', 'PHY00081', 'khmt-2024-general-education', 'general-education', 'elective', 2, null, true, true, 'numeric', 18)
on conflict (id) do update set
  program_id = excluded.program_id,
  catalog_course_id = excluded.catalog_course_id,
  group_id = excluded.group_id,
  category = excluded.category,
  kind = excluded.kind,
  suggested_term = excluded.suggested_term,
  notes = excluded.notes,
  counts_toward_gpa = excluded.counts_toward_gpa,
  counts_toward_progress = excluded.counts_toward_progress,
  grading_mode = excluded.grading_mode,
  display_order = excluded.display_order;

insert into public.courses (id, program_id, group_id, category, code, title, credits, lecture_hours, practice_hours, lab_hours, kind, suggested_term, notes, counts_toward_gpa, counts_toward_progress, grading_mode)
values ('khmt-2024-phy00081', 'khmt-2024', 'khmt-2024-general-education', 'general-education', 'PHY00081', 'Thực hành Vật lý đại cương', 2, 0, 60, 0, 'elective', 2, null, true, true, 'numeric')
on conflict (id) do update set
  group_id = excluded.group_id,
  category = excluded.category,
  code = excluded.code,
  title = excluded.title,
  credits = excluded.credits,
  lecture_hours = excluded.lecture_hours,
  practice_hours = excluded.practice_hours,
  lab_hours = excluded.lab_hours,
  kind = excluded.kind,
  suggested_term = excluded.suggested_term,
  notes = excluded.notes,
  counts_toward_gpa = excluded.counts_toward_gpa,
  counts_toward_progress = excluded.counts_toward_progress,
  grading_mode = excluded.grading_mode;

insert into public.program_courses (id, program_id, catalog_course_id, group_id, category, kind, suggested_term, notes, counts_toward_gpa, counts_toward_progress, grading_mode, display_order)
values ('khmt-2024-add00033', 'khmt-2024', 'ADD00033', 'khmt-2024-general-education', 'general-education', 'required', 3, null, false, false, 'numeric_or_pass_fail', 19)
on conflict (id) do update set
  program_id = excluded.program_id,
  catalog_course_id = excluded.catalog_course_id,
  group_id = excluded.group_id,
  category = excluded.category,
  kind = excluded.kind,
  suggested_term = excluded.suggested_term,
  notes = excluded.notes,
  counts_toward_gpa = excluded.counts_toward_gpa,
  counts_toward_progress = excluded.counts_toward_progress,
  grading_mode = excluded.grading_mode,
  display_order = excluded.display_order;

insert into public.courses (id, program_id, group_id, category, code, title, credits, lecture_hours, practice_hours, lab_hours, kind, suggested_term, notes, counts_toward_gpa, counts_toward_progress, grading_mode)
values ('khmt-2024-add00033', 'khmt-2024', 'khmt-2024-general-education', 'general-education', 'ADD00033', 'Anh văn 3', 3, 30, 30, 0, 'required', 3, null, false, false, 'numeric_or_pass_fail')
on conflict (id) do update set
  group_id = excluded.group_id,
  category = excluded.category,
  code = excluded.code,
  title = excluded.title,
  credits = excluded.credits,
  lecture_hours = excluded.lecture_hours,
  practice_hours = excluded.practice_hours,
  lab_hours = excluded.lab_hours,
  kind = excluded.kind,
  suggested_term = excluded.suggested_term,
  notes = excluded.notes,
  counts_toward_gpa = excluded.counts_toward_gpa,
  counts_toward_progress = excluded.counts_toward_progress,
  grading_mode = excluded.grading_mode;

insert into public.program_courses (id, program_id, catalog_course_id, group_id, category, kind, suggested_term, notes, counts_toward_gpa, counts_toward_progress, grading_mode, display_order)
values ('khmt-2024-bio00002', 'khmt-2024', 'BIO00002', 'khmt-2024-general-education', 'general-education', 'elective', 3, null, true, true, 'numeric', 20)
on conflict (id) do update set
  program_id = excluded.program_id,
  catalog_course_id = excluded.catalog_course_id,
  group_id = excluded.group_id,
  category = excluded.category,
  kind = excluded.kind,
  suggested_term = excluded.suggested_term,
  notes = excluded.notes,
  counts_toward_gpa = excluded.counts_toward_gpa,
  counts_toward_progress = excluded.counts_toward_progress,
  grading_mode = excluded.grading_mode,
  display_order = excluded.display_order;

insert into public.courses (id, program_id, group_id, category, code, title, credits, lecture_hours, practice_hours, lab_hours, kind, suggested_term, notes, counts_toward_gpa, counts_toward_progress, grading_mode)
values ('khmt-2024-bio00002', 'khmt-2024', 'khmt-2024-general-education', 'general-education', 'BIO00002', 'Sinh đại cương 2', 3, 45, 0, 0, 'elective', 3, null, true, true, 'numeric')
on conflict (id) do update set
  group_id = excluded.group_id,
  category = excluded.category,
  code = excluded.code,
  title = excluded.title,
  credits = excluded.credits,
  lecture_hours = excluded.lecture_hours,
  practice_hours = excluded.practice_hours,
  lab_hours = excluded.lab_hours,
  kind = excluded.kind,
  suggested_term = excluded.suggested_term,
  notes = excluded.notes,
  counts_toward_gpa = excluded.counts_toward_gpa,
  counts_toward_progress = excluded.counts_toward_progress,
  grading_mode = excluded.grading_mode;

insert into public.program_courses (id, program_id, catalog_course_id, group_id, category, kind, suggested_term, notes, counts_toward_gpa, counts_toward_progress, grading_mode, display_order)
values ('khmt-2024-bio00082', 'khmt-2024', 'BIO00082', 'khmt-2024-general-education', 'general-education', 'elective', 3, null, true, true, 'numeric', 21)
on conflict (id) do update set
  program_id = excluded.program_id,
  catalog_course_id = excluded.catalog_course_id,
  group_id = excluded.group_id,
  category = excluded.category,
  kind = excluded.kind,
  suggested_term = excluded.suggested_term,
  notes = excluded.notes,
  counts_toward_gpa = excluded.counts_toward_gpa,
  counts_toward_progress = excluded.counts_toward_progress,
  grading_mode = excluded.grading_mode,
  display_order = excluded.display_order;

insert into public.courses (id, program_id, group_id, category, code, title, credits, lecture_hours, practice_hours, lab_hours, kind, suggested_term, notes, counts_toward_gpa, counts_toward_progress, grading_mode)
values ('khmt-2024-bio00082', 'khmt-2024', 'khmt-2024-general-education', 'general-education', 'BIO00082', 'Thực tập Sinh đại cương 2', 1, 0, 30, 0, 'elective', 3, null, true, true, 'numeric')
on conflict (id) do update set
  group_id = excluded.group_id,
  category = excluded.category,
  code = excluded.code,
  title = excluded.title,
  credits = excluded.credits,
  lecture_hours = excluded.lecture_hours,
  practice_hours = excluded.practice_hours,
  lab_hours = excluded.lab_hours,
  kind = excluded.kind,
  suggested_term = excluded.suggested_term,
  notes = excluded.notes,
  counts_toward_gpa = excluded.counts_toward_gpa,
  counts_toward_progress = excluded.counts_toward_progress,
  grading_mode = excluded.grading_mode;

insert into public.program_courses (id, program_id, catalog_course_id, group_id, category, kind, suggested_term, notes, counts_toward_gpa, counts_toward_progress, grading_mode, display_order)
values ('khmt-2024-che00002', 'khmt-2024', 'CHE00002', 'khmt-2024-general-education', 'general-education', 'elective', 3, null, true, true, 'numeric', 22)
on conflict (id) do update set
  program_id = excluded.program_id,
  catalog_course_id = excluded.catalog_course_id,
  group_id = excluded.group_id,
  category = excluded.category,
  kind = excluded.kind,
  suggested_term = excluded.suggested_term,
  notes = excluded.notes,
  counts_toward_gpa = excluded.counts_toward_gpa,
  counts_toward_progress = excluded.counts_toward_progress,
  grading_mode = excluded.grading_mode,
  display_order = excluded.display_order;

insert into public.courses (id, program_id, group_id, category, code, title, credits, lecture_hours, practice_hours, lab_hours, kind, suggested_term, notes, counts_toward_gpa, counts_toward_progress, grading_mode)
values ('khmt-2024-che00002', 'khmt-2024', 'khmt-2024-general-education', 'general-education', 'CHE00002', 'Hóa đại cương 2', 3, 30, 0, 30, 'elective', 3, null, true, true, 'numeric')
on conflict (id) do update set
  group_id = excluded.group_id,
  category = excluded.category,
  code = excluded.code,
  title = excluded.title,
  credits = excluded.credits,
  lecture_hours = excluded.lecture_hours,
  practice_hours = excluded.practice_hours,
  lab_hours = excluded.lab_hours,
  kind = excluded.kind,
  suggested_term = excluded.suggested_term,
  notes = excluded.notes,
  counts_toward_gpa = excluded.counts_toward_gpa,
  counts_toward_progress = excluded.counts_toward_progress,
  grading_mode = excluded.grading_mode;

insert into public.program_courses (id, program_id, catalog_course_id, group_id, category, kind, suggested_term, notes, counts_toward_gpa, counts_toward_progress, grading_mode, display_order)
values ('khmt-2024-che00082', 'khmt-2024', 'CHE00082', 'khmt-2024-general-education', 'general-education', 'elective', 3, null, true, true, 'numeric', 23)
on conflict (id) do update set
  program_id = excluded.program_id,
  catalog_course_id = excluded.catalog_course_id,
  group_id = excluded.group_id,
  category = excluded.category,
  kind = excluded.kind,
  suggested_term = excluded.suggested_term,
  notes = excluded.notes,
  counts_toward_gpa = excluded.counts_toward_gpa,
  counts_toward_progress = excluded.counts_toward_progress,
  grading_mode = excluded.grading_mode,
  display_order = excluded.display_order;

insert into public.courses (id, program_id, group_id, category, code, title, credits, lecture_hours, practice_hours, lab_hours, kind, suggested_term, notes, counts_toward_gpa, counts_toward_progress, grading_mode)
values ('khmt-2024-che00082', 'khmt-2024', 'khmt-2024-general-education', 'general-education', 'CHE00082', 'Thực hành Hóa đại cương 2', 2, 0, 60, 0, 'elective', 3, null, true, true, 'numeric')
on conflict (id) do update set
  group_id = excluded.group_id,
  category = excluded.category,
  code = excluded.code,
  title = excluded.title,
  credits = excluded.credits,
  lecture_hours = excluded.lecture_hours,
  practice_hours = excluded.practice_hours,
  lab_hours = excluded.lab_hours,
  kind = excluded.kind,
  suggested_term = excluded.suggested_term,
  notes = excluded.notes,
  counts_toward_gpa = excluded.counts_toward_gpa,
  counts_toward_progress = excluded.counts_toward_progress,
  grading_mode = excluded.grading_mode;

insert into public.program_courses (id, program_id, catalog_course_id, group_id, category, kind, suggested_term, notes, counts_toward_gpa, counts_toward_progress, grading_mode, display_order)
values ('khmt-2024-csc10003', 'khmt-2024', 'CSC10003', 'khmt-2024-foundation', 'foundation', 'required', 3, null, true, true, 'numeric', 24)
on conflict (id) do update set
  program_id = excluded.program_id,
  catalog_course_id = excluded.catalog_course_id,
  group_id = excluded.group_id,
  category = excluded.category,
  kind = excluded.kind,
  suggested_term = excluded.suggested_term,
  notes = excluded.notes,
  counts_toward_gpa = excluded.counts_toward_gpa,
  counts_toward_progress = excluded.counts_toward_progress,
  grading_mode = excluded.grading_mode,
  display_order = excluded.display_order;

insert into public.courses (id, program_id, group_id, category, code, title, credits, lecture_hours, practice_hours, lab_hours, kind, suggested_term, notes, counts_toward_gpa, counts_toward_progress, grading_mode)
values ('khmt-2024-csc10003', 'khmt-2024', 'khmt-2024-foundation', 'foundation', 'CSC10003', 'Phương pháp lập trình hướng đối tượng', 4, 0, 10, 0, 'required', 3, null, true, true, 'numeric')
on conflict (id) do update set
  group_id = excluded.group_id,
  category = excluded.category,
  code = excluded.code,
  title = excluded.title,
  credits = excluded.credits,
  lecture_hours = excluded.lecture_hours,
  practice_hours = excluded.practice_hours,
  lab_hours = excluded.lab_hours,
  kind = excluded.kind,
  suggested_term = excluded.suggested_term,
  notes = excluded.notes,
  counts_toward_gpa = excluded.counts_toward_gpa,
  counts_toward_progress = excluded.counts_toward_progress,
  grading_mode = excluded.grading_mode;

insert into public.program_courses (id, program_id, catalog_course_id, group_id, category, kind, suggested_term, notes, counts_toward_gpa, counts_toward_progress, grading_mode, display_order)
values ('khmt-2024-csc10008', 'khmt-2024', 'CSC10008', 'khmt-2024-foundation', 'foundation', 'required', 3, null, true, true, 'numeric', 25)
on conflict (id) do update set
  program_id = excluded.program_id,
  catalog_course_id = excluded.catalog_course_id,
  group_id = excluded.group_id,
  category = excluded.category,
  kind = excluded.kind,
  suggested_term = excluded.suggested_term,
  notes = excluded.notes,
  counts_toward_gpa = excluded.counts_toward_gpa,
  counts_toward_progress = excluded.counts_toward_progress,
  grading_mode = excluded.grading_mode,
  display_order = excluded.display_order;

insert into public.courses (id, program_id, group_id, category, code, title, credits, lecture_hours, practice_hours, lab_hours, kind, suggested_term, notes, counts_toward_gpa, counts_toward_progress, grading_mode)
values ('khmt-2024-csc10008', 'khmt-2024', 'khmt-2024-foundation', 'foundation', 'CSC10008', 'Mạng máy tính', 4, 45, 30, 0, 'required', 3, null, true, true, 'numeric')
on conflict (id) do update set
  group_id = excluded.group_id,
  category = excluded.category,
  code = excluded.code,
  title = excluded.title,
  credits = excluded.credits,
  lecture_hours = excluded.lecture_hours,
  practice_hours = excluded.practice_hours,
  lab_hours = excluded.lab_hours,
  kind = excluded.kind,
  suggested_term = excluded.suggested_term,
  notes = excluded.notes,
  counts_toward_gpa = excluded.counts_toward_gpa,
  counts_toward_progress = excluded.counts_toward_progress,
  grading_mode = excluded.grading_mode;

insert into public.program_courses (id, program_id, catalog_course_id, group_id, category, kind, suggested_term, notes, counts_toward_gpa, counts_toward_progress, grading_mode, display_order)
values ('khmt-2024-mth00044', 'khmt-2024', 'MTH00044', 'khmt-2024-general-education', 'general-education', 'required', 3, null, true, true, 'numeric', 26)
on conflict (id) do update set
  program_id = excluded.program_id,
  catalog_course_id = excluded.catalog_course_id,
  group_id = excluded.group_id,
  category = excluded.category,
  kind = excluded.kind,
  suggested_term = excluded.suggested_term,
  notes = excluded.notes,
  counts_toward_gpa = excluded.counts_toward_gpa,
  counts_toward_progress = excluded.counts_toward_progress,
  grading_mode = excluded.grading_mode,
  display_order = excluded.display_order;

insert into public.courses (id, program_id, group_id, category, code, title, credits, lecture_hours, practice_hours, lab_hours, kind, suggested_term, notes, counts_toward_gpa, counts_toward_progress, grading_mode)
values ('khmt-2024-mth00044', 'khmt-2024', 'khmt-2024-general-education', 'general-education', 'MTH00044', 'Xác suất thống kê', 4, 45, 30, 0, 'required', 3, null, true, true, 'numeric')
on conflict (id) do update set
  group_id = excluded.group_id,
  category = excluded.category,
  code = excluded.code,
  title = excluded.title,
  credits = excluded.credits,
  lecture_hours = excluded.lecture_hours,
  practice_hours = excluded.practice_hours,
  lab_hours = excluded.lab_hours,
  kind = excluded.kind,
  suggested_term = excluded.suggested_term,
  notes = excluded.notes,
  counts_toward_gpa = excluded.counts_toward_gpa,
  counts_toward_progress = excluded.counts_toward_progress,
  grading_mode = excluded.grading_mode;

insert into public.program_courses (id, program_id, catalog_course_id, group_id, category, kind, suggested_term, notes, counts_toward_gpa, counts_toward_progress, grading_mode, display_order)
values ('khmt-2024-mth00050', 'khmt-2024', 'MTH00050', 'khmt-2024-general-education', 'general-education', 'required', 3, null, true, true, 'numeric', 27)
on conflict (id) do update set
  program_id = excluded.program_id,
  catalog_course_id = excluded.catalog_course_id,
  group_id = excluded.group_id,
  category = excluded.category,
  kind = excluded.kind,
  suggested_term = excluded.suggested_term,
  notes = excluded.notes,
  counts_toward_gpa = excluded.counts_toward_gpa,
  counts_toward_progress = excluded.counts_toward_progress,
  grading_mode = excluded.grading_mode,
  display_order = excluded.display_order;

insert into public.courses (id, program_id, group_id, category, code, title, credits, lecture_hours, practice_hours, lab_hours, kind, suggested_term, notes, counts_toward_gpa, counts_toward_progress, grading_mode)
values ('khmt-2024-mth00050', 'khmt-2024', 'khmt-2024-general-education', 'general-education', 'MTH00050', 'Toán học tổ hợp', 4, 45, 30, 0, 'required', 3, null, true, true, 'numeric')
on conflict (id) do update set
  group_id = excluded.group_id,
  category = excluded.category,
  code = excluded.code,
  title = excluded.title,
  credits = excluded.credits,
  lecture_hours = excluded.lecture_hours,
  practice_hours = excluded.practice_hours,
  lab_hours = excluded.lab_hours,
  kind = excluded.kind,
  suggested_term = excluded.suggested_term,
  notes = excluded.notes,
  counts_toward_gpa = excluded.counts_toward_gpa,
  counts_toward_progress = excluded.counts_toward_progress,
  grading_mode = excluded.grading_mode;

insert into public.program_courses (id, program_id, catalog_course_id, group_id, category, kind, suggested_term, notes, counts_toward_gpa, counts_toward_progress, grading_mode, display_order)
values ('khmt-2024-add00034', 'khmt-2024', 'ADD00034', 'khmt-2024-general-education', 'general-education', 'elective', 4, null, false, false, 'numeric_or_pass_fail', 28)
on conflict (id) do update set
  program_id = excluded.program_id,
  catalog_course_id = excluded.catalog_course_id,
  group_id = excluded.group_id,
  category = excluded.category,
  kind = excluded.kind,
  suggested_term = excluded.suggested_term,
  notes = excluded.notes,
  counts_toward_gpa = excluded.counts_toward_gpa,
  counts_toward_progress = excluded.counts_toward_progress,
  grading_mode = excluded.grading_mode,
  display_order = excluded.display_order;

insert into public.courses (id, program_id, group_id, category, code, title, credits, lecture_hours, practice_hours, lab_hours, kind, suggested_term, notes, counts_toward_gpa, counts_toward_progress, grading_mode)
values ('khmt-2024-add00034', 'khmt-2024', 'khmt-2024-general-education', 'general-education', 'ADD00034', 'Anh văn 4', 3, 30, 30, 0, 'elective', 4, null, false, false, 'numeric_or_pass_fail')
on conflict (id) do update set
  group_id = excluded.group_id,
  category = excluded.category,
  code = excluded.code,
  title = excluded.title,
  credits = excluded.credits,
  lecture_hours = excluded.lecture_hours,
  practice_hours = excluded.practice_hours,
  lab_hours = excluded.lab_hours,
  kind = excluded.kind,
  suggested_term = excluded.suggested_term,
  notes = excluded.notes,
  counts_toward_gpa = excluded.counts_toward_gpa,
  counts_toward_progress = excluded.counts_toward_progress,
  grading_mode = excluded.grading_mode;

insert into public.program_courses (id, program_id, catalog_course_id, group_id, category, kind, suggested_term, notes, counts_toward_gpa, counts_toward_progress, grading_mode, display_order)
values ('khmt-2024-baa00005', 'khmt-2024', 'BAA00005', 'khmt-2024-general-education', 'general-education', 'elective', 4, null, true, true, 'numeric', 29)
on conflict (id) do update set
  program_id = excluded.program_id,
  catalog_course_id = excluded.catalog_course_id,
  group_id = excluded.group_id,
  category = excluded.category,
  kind = excluded.kind,
  suggested_term = excluded.suggested_term,
  notes = excluded.notes,
  counts_toward_gpa = excluded.counts_toward_gpa,
  counts_toward_progress = excluded.counts_toward_progress,
  grading_mode = excluded.grading_mode,
  display_order = excluded.display_order;

insert into public.courses (id, program_id, group_id, category, code, title, credits, lecture_hours, practice_hours, lab_hours, kind, suggested_term, notes, counts_toward_gpa, counts_toward_progress, grading_mode)
values ('khmt-2024-baa00005', 'khmt-2024', 'khmt-2024-general-education', 'general-education', 'BAA00005', 'Kinh tế đại cương', 2, 30, 0, 0, 'elective', 4, null, true, true, 'numeric')
on conflict (id) do update set
  group_id = excluded.group_id,
  category = excluded.category,
  code = excluded.code,
  title = excluded.title,
  credits = excluded.credits,
  lecture_hours = excluded.lecture_hours,
  practice_hours = excluded.practice_hours,
  lab_hours = excluded.lab_hours,
  kind = excluded.kind,
  suggested_term = excluded.suggested_term,
  notes = excluded.notes,
  counts_toward_gpa = excluded.counts_toward_gpa,
  counts_toward_progress = excluded.counts_toward_progress,
  grading_mode = excluded.grading_mode;

insert into public.program_courses (id, program_id, catalog_course_id, group_id, category, kind, suggested_term, notes, counts_toward_gpa, counts_toward_progress, grading_mode, display_order)
values ('khmt-2024-baa00006', 'khmt-2024', 'BAA00006', 'khmt-2024-general-education', 'general-education', 'elective', 4, null, true, true, 'numeric', 30)
on conflict (id) do update set
  program_id = excluded.program_id,
  catalog_course_id = excluded.catalog_course_id,
  group_id = excluded.group_id,
  category = excluded.category,
  kind = excluded.kind,
  suggested_term = excluded.suggested_term,
  notes = excluded.notes,
  counts_toward_gpa = excluded.counts_toward_gpa,
  counts_toward_progress = excluded.counts_toward_progress,
  grading_mode = excluded.grading_mode,
  display_order = excluded.display_order;

insert into public.courses (id, program_id, group_id, category, code, title, credits, lecture_hours, practice_hours, lab_hours, kind, suggested_term, notes, counts_toward_gpa, counts_toward_progress, grading_mode)
values ('khmt-2024-baa00006', 'khmt-2024', 'khmt-2024-general-education', 'general-education', 'BAA00006', 'Tâm lý đại cương', 2, 30, 0, 0, 'elective', 4, null, true, true, 'numeric')
on conflict (id) do update set
  group_id = excluded.group_id,
  category = excluded.category,
  code = excluded.code,
  title = excluded.title,
  credits = excluded.credits,
  lecture_hours = excluded.lecture_hours,
  practice_hours = excluded.practice_hours,
  lab_hours = excluded.lab_hours,
  kind = excluded.kind,
  suggested_term = excluded.suggested_term,
  notes = excluded.notes,
  counts_toward_gpa = excluded.counts_toward_gpa,
  counts_toward_progress = excluded.counts_toward_progress,
  grading_mode = excluded.grading_mode;

insert into public.program_courses (id, program_id, catalog_course_id, group_id, category, kind, suggested_term, notes, counts_toward_gpa, counts_toward_progress, grading_mode, display_order)
values ('khmt-2024-baa00007', 'khmt-2024', 'BAA00007', 'khmt-2024-general-education', 'general-education', 'required', 4, null, true, true, 'numeric', 31)
on conflict (id) do update set
  program_id = excluded.program_id,
  catalog_course_id = excluded.catalog_course_id,
  group_id = excluded.group_id,
  category = excluded.category,
  kind = excluded.kind,
  suggested_term = excluded.suggested_term,
  notes = excluded.notes,
  counts_toward_gpa = excluded.counts_toward_gpa,
  counts_toward_progress = excluded.counts_toward_progress,
  grading_mode = excluded.grading_mode,
  display_order = excluded.display_order;

insert into public.courses (id, program_id, group_id, category, code, title, credits, lecture_hours, practice_hours, lab_hours, kind, suggested_term, notes, counts_toward_gpa, counts_toward_progress, grading_mode)
values ('khmt-2024-baa00007', 'khmt-2024', 'khmt-2024-general-education', 'general-education', 'BAA00007', 'Phương pháp luận sáng tạo', 2, 0, 0, 6, 'required', 4, null, true, true, 'numeric')
on conflict (id) do update set
  group_id = excluded.group_id,
  category = excluded.category,
  code = excluded.code,
  title = excluded.title,
  credits = excluded.credits,
  lecture_hours = excluded.lecture_hours,
  practice_hours = excluded.practice_hours,
  lab_hours = excluded.lab_hours,
  kind = excluded.kind,
  suggested_term = excluded.suggested_term,
  notes = excluded.notes,
  counts_toward_gpa = excluded.counts_toward_gpa,
  counts_toward_progress = excluded.counts_toward_progress,
  grading_mode = excluded.grading_mode;

insert into public.program_courses (id, program_id, catalog_course_id, group_id, category, kind, suggested_term, notes, counts_toward_gpa, counts_toward_progress, grading_mode, display_order)
values ('khmt-2024-baa00101', 'khmt-2024', 'BAA00101', 'khmt-2024-general-education', 'general-education', 'required', 4, null, true, true, 'numeric', 32)
on conflict (id) do update set
  program_id = excluded.program_id,
  catalog_course_id = excluded.catalog_course_id,
  group_id = excluded.group_id,
  category = excluded.category,
  kind = excluded.kind,
  suggested_term = excluded.suggested_term,
  notes = excluded.notes,
  counts_toward_gpa = excluded.counts_toward_gpa,
  counts_toward_progress = excluded.counts_toward_progress,
  grading_mode = excluded.grading_mode,
  display_order = excluded.display_order;

insert into public.courses (id, program_id, group_id, category, code, title, credits, lecture_hours, practice_hours, lab_hours, kind, suggested_term, notes, counts_toward_gpa, counts_toward_progress, grading_mode)
values ('khmt-2024-baa00101', 'khmt-2024', 'khmt-2024-general-education', 'general-education', 'BAA00101', 'Triết học Mác - Lênin', 3, 45, 0, 0, 'required', 4, null, true, true, 'numeric')
on conflict (id) do update set
  group_id = excluded.group_id,
  category = excluded.category,
  code = excluded.code,
  title = excluded.title,
  credits = excluded.credits,
  lecture_hours = excluded.lecture_hours,
  practice_hours = excluded.practice_hours,
  lab_hours = excluded.lab_hours,
  kind = excluded.kind,
  suggested_term = excluded.suggested_term,
  notes = excluded.notes,
  counts_toward_gpa = excluded.counts_toward_gpa,
  counts_toward_progress = excluded.counts_toward_progress,
  grading_mode = excluded.grading_mode;

insert into public.program_courses (id, program_id, catalog_course_id, group_id, category, kind, suggested_term, notes, counts_toward_gpa, counts_toward_progress, grading_mode, display_order)
values ('khmt-2024-baa00102', 'khmt-2024', 'BAA00102', 'khmt-2024-general-education', 'general-education', 'required', 4, null, true, true, 'numeric', 33)
on conflict (id) do update set
  program_id = excluded.program_id,
  catalog_course_id = excluded.catalog_course_id,
  group_id = excluded.group_id,
  category = excluded.category,
  kind = excluded.kind,
  suggested_term = excluded.suggested_term,
  notes = excluded.notes,
  counts_toward_gpa = excluded.counts_toward_gpa,
  counts_toward_progress = excluded.counts_toward_progress,
  grading_mode = excluded.grading_mode,
  display_order = excluded.display_order;

insert into public.courses (id, program_id, group_id, category, code, title, credits, lecture_hours, practice_hours, lab_hours, kind, suggested_term, notes, counts_toward_gpa, counts_toward_progress, grading_mode)
values ('khmt-2024-baa00102', 'khmt-2024', 'khmt-2024-general-education', 'general-education', 'BAA00102', 'Kinh tế chính trị Mác - Lênin', 2, 30, 0, 0, 'required', 4, null, true, true, 'numeric')
on conflict (id) do update set
  group_id = excluded.group_id,
  category = excluded.category,
  code = excluded.code,
  title = excluded.title,
  credits = excluded.credits,
  lecture_hours = excluded.lecture_hours,
  practice_hours = excluded.practice_hours,
  lab_hours = excluded.lab_hours,
  kind = excluded.kind,
  suggested_term = excluded.suggested_term,
  notes = excluded.notes,
  counts_toward_gpa = excluded.counts_toward_gpa,
  counts_toward_progress = excluded.counts_toward_progress,
  grading_mode = excluded.grading_mode;

insert into public.program_courses (id, program_id, catalog_course_id, group_id, category, kind, suggested_term, notes, counts_toward_gpa, counts_toward_progress, grading_mode, display_order)
values ('khmt-2024-csc10006', 'khmt-2024', 'CSC10006', 'khmt-2024-foundation', 'foundation', 'required', 4, null, true, true, 'numeric', 34)
on conflict (id) do update set
  program_id = excluded.program_id,
  catalog_course_id = excluded.catalog_course_id,
  group_id = excluded.group_id,
  category = excluded.category,
  kind = excluded.kind,
  suggested_term = excluded.suggested_term,
  notes = excluded.notes,
  counts_toward_gpa = excluded.counts_toward_gpa,
  counts_toward_progress = excluded.counts_toward_progress,
  grading_mode = excluded.grading_mode,
  display_order = excluded.display_order;

insert into public.courses (id, program_id, group_id, category, code, title, credits, lecture_hours, practice_hours, lab_hours, kind, suggested_term, notes, counts_toward_gpa, counts_toward_progress, grading_mode)
values ('khmt-2024-csc10006', 'khmt-2024', 'khmt-2024-foundation', 'foundation', 'CSC10006', 'Cơ sở dữ liệu', 4, 4, 2, 0, 'required', 4, null, true, true, 'numeric')
on conflict (id) do update set
  group_id = excluded.group_id,
  category = excluded.category,
  code = excluded.code,
  title = excluded.title,
  credits = excluded.credits,
  lecture_hours = excluded.lecture_hours,
  practice_hours = excluded.practice_hours,
  lab_hours = excluded.lab_hours,
  kind = excluded.kind,
  suggested_term = excluded.suggested_term,
  notes = excluded.notes,
  counts_toward_gpa = excluded.counts_toward_gpa,
  counts_toward_progress = excluded.counts_toward_progress,
  grading_mode = excluded.grading_mode;

insert into public.program_courses (id, program_id, catalog_course_id, group_id, category, kind, suggested_term, notes, counts_toward_gpa, counts_toward_progress, grading_mode, display_order)
values ('khmt-2024-csc10009', 'khmt-2024', 'CSC10009', 'khmt-2024-foundation', 'foundation', 'required', 4, null, true, true, 'numeric', 35)
on conflict (id) do update set
  program_id = excluded.program_id,
  catalog_course_id = excluded.catalog_course_id,
  group_id = excluded.group_id,
  category = excluded.category,
  kind = excluded.kind,
  suggested_term = excluded.suggested_term,
  notes = excluded.notes,
  counts_toward_gpa = excluded.counts_toward_gpa,
  counts_toward_progress = excluded.counts_toward_progress,
  grading_mode = excluded.grading_mode,
  display_order = excluded.display_order;

insert into public.courses (id, program_id, group_id, category, code, title, credits, lecture_hours, practice_hours, lab_hours, kind, suggested_term, notes, counts_toward_gpa, counts_toward_progress, grading_mode)
values ('khmt-2024-csc10009', 'khmt-2024', 'khmt-2024-foundation', 'foundation', 'CSC10009', 'Hệ thống máy tính', 2, 0, 1, 0, 'required', 4, null, true, true, 'numeric')
on conflict (id) do update set
  group_id = excluded.group_id,
  category = excluded.category,
  code = excluded.code,
  title = excluded.title,
  credits = excluded.credits,
  lecture_hours = excluded.lecture_hours,
  practice_hours = excluded.practice_hours,
  lab_hours = excluded.lab_hours,
  kind = excluded.kind,
  suggested_term = excluded.suggested_term,
  notes = excluded.notes,
  counts_toward_gpa = excluded.counts_toward_gpa,
  counts_toward_progress = excluded.counts_toward_progress,
  grading_mode = excluded.grading_mode;

insert into public.program_courses (id, program_id, catalog_course_id, group_id, category, kind, suggested_term, notes, counts_toward_gpa, counts_toward_progress, grading_mode, display_order)
values ('khmt-2024-csc10014', 'khmt-2024', 'CSC10014', 'khmt-2024-foundation', 'foundation', 'required', 4, null, true, true, 'numeric', 36)
on conflict (id) do update set
  program_id = excluded.program_id,
  catalog_course_id = excluded.catalog_course_id,
  group_id = excluded.group_id,
  category = excluded.category,
  kind = excluded.kind,
  suggested_term = excluded.suggested_term,
  notes = excluded.notes,
  counts_toward_gpa = excluded.counts_toward_gpa,
  counts_toward_progress = excluded.counts_toward_progress,
  grading_mode = excluded.grading_mode,
  display_order = excluded.display_order;

insert into public.courses (id, program_id, group_id, category, code, title, credits, lecture_hours, practice_hours, lab_hours, kind, suggested_term, notes, counts_toward_gpa, counts_toward_progress, grading_mode)
values ('khmt-2024-csc10014', 'khmt-2024', 'khmt-2024-foundation', 'foundation', 'CSC10014', 'Tư duy tính toán', 4, 0, 10, 0, 'required', 4, null, true, true, 'numeric')
on conflict (id) do update set
  group_id = excluded.group_id,
  category = excluded.category,
  code = excluded.code,
  title = excluded.title,
  credits = excluded.credits,
  lecture_hours = excluded.lecture_hours,
  practice_hours = excluded.practice_hours,
  lab_hours = excluded.lab_hours,
  kind = excluded.kind,
  suggested_term = excluded.suggested_term,
  notes = excluded.notes,
  counts_toward_gpa = excluded.counts_toward_gpa,
  counts_toward_progress = excluded.counts_toward_progress,
  grading_mode = excluded.grading_mode;

insert into public.program_courses (id, program_id, catalog_course_id, group_id, category, kind, suggested_term, notes, counts_toward_gpa, counts_toward_progress, grading_mode, display_order)
values ('khmt-2024-geo00002', 'khmt-2024', 'GEO00002', 'khmt-2024-general-education', 'general-education', 'elective', 4, null, true, true, 'numeric', 37)
on conflict (id) do update set
  program_id = excluded.program_id,
  catalog_course_id = excluded.catalog_course_id,
  group_id = excluded.group_id,
  category = excluded.category,
  kind = excluded.kind,
  suggested_term = excluded.suggested_term,
  notes = excluded.notes,
  counts_toward_gpa = excluded.counts_toward_gpa,
  counts_toward_progress = excluded.counts_toward_progress,
  grading_mode = excluded.grading_mode,
  display_order = excluded.display_order;

insert into public.courses (id, program_id, group_id, category, code, title, credits, lecture_hours, practice_hours, lab_hours, kind, suggested_term, notes, counts_toward_gpa, counts_toward_progress, grading_mode)
values ('khmt-2024-geo00002', 'khmt-2024', 'khmt-2024-general-education', 'general-education', 'GEO00002', 'Khoa học Trái đất', 2, 30, 0, 0, 'elective', 4, null, true, true, 'numeric')
on conflict (id) do update set
  group_id = excluded.group_id,
  category = excluded.category,
  code = excluded.code,
  title = excluded.title,
  credits = excluded.credits,
  lecture_hours = excluded.lecture_hours,
  practice_hours = excluded.practice_hours,
  lab_hours = excluded.lab_hours,
  kind = excluded.kind,
  suggested_term = excluded.suggested_term,
  notes = excluded.notes,
  counts_toward_gpa = excluded.counts_toward_gpa,
  counts_toward_progress = excluded.counts_toward_progress,
  grading_mode = excluded.grading_mode;

insert into public.program_courses (id, program_id, catalog_course_id, group_id, category, kind, suggested_term, notes, counts_toward_gpa, counts_toward_progress, grading_mode, display_order)
values ('khmt-2024-mth00051', 'khmt-2024', 'MTH00051', 'khmt-2024-general-education', 'general-education', 'elective', 4, null, true, true, 'numeric', 38)
on conflict (id) do update set
  program_id = excluded.program_id,
  catalog_course_id = excluded.catalog_course_id,
  group_id = excluded.group_id,
  category = excluded.category,
  kind = excluded.kind,
  suggested_term = excluded.suggested_term,
  notes = excluded.notes,
  counts_toward_gpa = excluded.counts_toward_gpa,
  counts_toward_progress = excluded.counts_toward_progress,
  grading_mode = excluded.grading_mode,
  display_order = excluded.display_order;

insert into public.courses (id, program_id, group_id, category, code, title, credits, lecture_hours, practice_hours, lab_hours, kind, suggested_term, notes, counts_toward_gpa, counts_toward_progress, grading_mode)
values ('khmt-2024-mth00051', 'khmt-2024', 'khmt-2024-general-education', 'general-education', 'MTH00051', 'Toán ứng dụng và thống kê', 6, 0, 0, 0, 'elective', 4, null, true, true, 'numeric')
on conflict (id) do update set
  group_id = excluded.group_id,
  category = excluded.category,
  code = excluded.code,
  title = excluded.title,
  credits = excluded.credits,
  lecture_hours = excluded.lecture_hours,
  practice_hours = excluded.practice_hours,
  lab_hours = excluded.lab_hours,
  kind = excluded.kind,
  suggested_term = excluded.suggested_term,
  notes = excluded.notes,
  counts_toward_gpa = excluded.counts_toward_gpa,
  counts_toward_progress = excluded.counts_toward_progress,
  grading_mode = excluded.grading_mode;

insert into public.program_courses (id, program_id, catalog_course_id, group_id, category, kind, suggested_term, notes, counts_toward_gpa, counts_toward_progress, grading_mode, display_order)
values ('khmt-2024-mth00052', 'khmt-2024', 'MTH00052', 'khmt-2024-general-education', 'general-education', 'elective', 4, null, true, true, 'numeric', 39)
on conflict (id) do update set
  program_id = excluded.program_id,
  catalog_course_id = excluded.catalog_course_id,
  group_id = excluded.group_id,
  category = excluded.category,
  kind = excluded.kind,
  suggested_term = excluded.suggested_term,
  notes = excluded.notes,
  counts_toward_gpa = excluded.counts_toward_gpa,
  counts_toward_progress = excluded.counts_toward_progress,
  grading_mode = excluded.grading_mode,
  display_order = excluded.display_order;

insert into public.courses (id, program_id, group_id, category, code, title, credits, lecture_hours, practice_hours, lab_hours, kind, suggested_term, notes, counts_toward_gpa, counts_toward_progress, grading_mode)
values ('khmt-2024-mth00052', 'khmt-2024', 'khmt-2024-general-education', 'general-education', 'MTH00052', 'Phương pháp tính', 7, 0, 0, 0, 'elective', 4, null, true, true, 'numeric')
on conflict (id) do update set
  group_id = excluded.group_id,
  category = excluded.category,
  code = excluded.code,
  title = excluded.title,
  credits = excluded.credits,
  lecture_hours = excluded.lecture_hours,
  practice_hours = excluded.practice_hours,
  lab_hours = excluded.lab_hours,
  kind = excluded.kind,
  suggested_term = excluded.suggested_term,
  notes = excluded.notes,
  counts_toward_gpa = excluded.counts_toward_gpa,
  counts_toward_progress = excluded.counts_toward_progress,
  grading_mode = excluded.grading_mode;

insert into public.program_courses (id, program_id, catalog_course_id, group_id, category, kind, suggested_term, notes, counts_toward_gpa, counts_toward_progress, grading_mode, display_order)
values ('khmt-2024-mth00053', 'khmt-2024', 'MTH00053', 'khmt-2024-general-education', 'general-education', 'elective', 4, null, true, true, 'numeric', 40)
on conflict (id) do update set
  program_id = excluded.program_id,
  catalog_course_id = excluded.catalog_course_id,
  group_id = excluded.group_id,
  category = excluded.category,
  kind = excluded.kind,
  suggested_term = excluded.suggested_term,
  notes = excluded.notes,
  counts_toward_gpa = excluded.counts_toward_gpa,
  counts_toward_progress = excluded.counts_toward_progress,
  grading_mode = excluded.grading_mode,
  display_order = excluded.display_order;

insert into public.courses (id, program_id, group_id, category, code, title, credits, lecture_hours, practice_hours, lab_hours, kind, suggested_term, notes, counts_toward_gpa, counts_toward_progress, grading_mode)
values ('khmt-2024-mth00053', 'khmt-2024', 'khmt-2024-general-education', 'general-education', 'MTH00053', 'Lý thuyết số', 4, 45, 30, 0, 'elective', 4, null, true, true, 'numeric')
on conflict (id) do update set
  group_id = excluded.group_id,
  category = excluded.category,
  code = excluded.code,
  title = excluded.title,
  credits = excluded.credits,
  lecture_hours = excluded.lecture_hours,
  practice_hours = excluded.practice_hours,
  lab_hours = excluded.lab_hours,
  kind = excluded.kind,
  suggested_term = excluded.suggested_term,
  notes = excluded.notes,
  counts_toward_gpa = excluded.counts_toward_gpa,
  counts_toward_progress = excluded.counts_toward_progress,
  grading_mode = excluded.grading_mode;

insert into public.program_courses (id, program_id, catalog_course_id, group_id, category, kind, suggested_term, notes, counts_toward_gpa, counts_toward_progress, grading_mode, display_order)
values ('khmt-2024-csc10007', 'khmt-2024', 'CSC10007', 'khmt-2024-foundation', 'foundation', 'required', 5, null, true, true, 'numeric', 41)
on conflict (id) do update set
  program_id = excluded.program_id,
  catalog_course_id = excluded.catalog_course_id,
  group_id = excluded.group_id,
  category = excluded.category,
  kind = excluded.kind,
  suggested_term = excluded.suggested_term,
  notes = excluded.notes,
  counts_toward_gpa = excluded.counts_toward_gpa,
  counts_toward_progress = excluded.counts_toward_progress,
  grading_mode = excluded.grading_mode,
  display_order = excluded.display_order;

insert into public.courses (id, program_id, group_id, category, code, title, credits, lecture_hours, practice_hours, lab_hours, kind, suggested_term, notes, counts_toward_gpa, counts_toward_progress, grading_mode)
values ('khmt-2024-csc10007', 'khmt-2024', 'khmt-2024-foundation', 'foundation', 'CSC10007', 'Hệ điều hành', 4, 45, 30, 0, 'required', 5, null, true, true, 'numeric')
on conflict (id) do update set
  group_id = excluded.group_id,
  category = excluded.category,
  code = excluded.code,
  title = excluded.title,
  credits = excluded.credits,
  lecture_hours = excluded.lecture_hours,
  practice_hours = excluded.practice_hours,
  lab_hours = excluded.lab_hours,
  kind = excluded.kind,
  suggested_term = excluded.suggested_term,
  notes = excluded.notes,
  counts_toward_gpa = excluded.counts_toward_gpa,
  counts_toward_progress = excluded.counts_toward_progress,
  grading_mode = excluded.grading_mode;

insert into public.program_courses (id, program_id, catalog_course_id, group_id, category, kind, suggested_term, notes, counts_toward_gpa, counts_toward_progress, grading_mode, display_order)
values ('khmt-2024-csc10105', 'khmt-2024', 'CSC10105', 'khmt-2024-major-core', 'major-core', 'elective', 5, null, true, true, 'numeric', 42)
on conflict (id) do update set
  program_id = excluded.program_id,
  catalog_course_id = excluded.catalog_course_id,
  group_id = excluded.group_id,
  category = excluded.category,
  kind = excluded.kind,
  suggested_term = excluded.suggested_term,
  notes = excluded.notes,
  counts_toward_gpa = excluded.counts_toward_gpa,
  counts_toward_progress = excluded.counts_toward_progress,
  grading_mode = excluded.grading_mode,
  display_order = excluded.display_order;

insert into public.courses (id, program_id, group_id, category, code, title, credits, lecture_hours, practice_hours, lab_hours, kind, suggested_term, notes, counts_toward_gpa, counts_toward_progress, grading_mode)
values ('khmt-2024-csc10105', 'khmt-2024', 'khmt-2024-major-core', 'major-core', 'CSC10105', 'Nhập môn tư duy thuật toán', 4, 45, 30, 0, 'elective', 5, null, true, true, 'numeric')
on conflict (id) do update set
  group_id = excluded.group_id,
  category = excluded.category,
  code = excluded.code,
  title = excluded.title,
  credits = excluded.credits,
  lecture_hours = excluded.lecture_hours,
  practice_hours = excluded.practice_hours,
  lab_hours = excluded.lab_hours,
  kind = excluded.kind,
  suggested_term = excluded.suggested_term,
  notes = excluded.notes,
  counts_toward_gpa = excluded.counts_toward_gpa,
  counts_toward_progress = excluded.counts_toward_progress,
  grading_mode = excluded.grading_mode;

insert into public.program_courses (id, program_id, catalog_course_id, group_id, category, kind, suggested_term, notes, counts_toward_gpa, counts_toward_progress, grading_mode, display_order)
values ('khmt-2024-csc10106', 'khmt-2024', 'CSC10106', 'khmt-2024-major-core', 'major-core', 'elective', 5, null, true, true, 'numeric', 43)
on conflict (id) do update set
  program_id = excluded.program_id,
  catalog_course_id = excluded.catalog_course_id,
  group_id = excluded.group_id,
  category = excluded.category,
  kind = excluded.kind,
  suggested_term = excluded.suggested_term,
  notes = excluded.notes,
  counts_toward_gpa = excluded.counts_toward_gpa,
  counts_toward_progress = excluded.counts_toward_progress,
  grading_mode = excluded.grading_mode,
  display_order = excluded.display_order;

insert into public.courses (id, program_id, group_id, category, code, title, credits, lecture_hours, practice_hours, lab_hours, kind, suggested_term, notes, counts_toward_gpa, counts_toward_progress, grading_mode)
values ('khmt-2024-csc10106', 'khmt-2024', 'khmt-2024-major-core', 'major-core', 'CSC10106', 'Thuật toán tổ hợp và ứng dụng', 4, 45, 30, 0, 'elective', 5, null, true, true, 'numeric')
on conflict (id) do update set
  group_id = excluded.group_id,
  category = excluded.category,
  code = excluded.code,
  title = excluded.title,
  credits = excluded.credits,
  lecture_hours = excluded.lecture_hours,
  practice_hours = excluded.practice_hours,
  lab_hours = excluded.lab_hours,
  kind = excluded.kind,
  suggested_term = excluded.suggested_term,
  notes = excluded.notes,
  counts_toward_gpa = excluded.counts_toward_gpa,
  counts_toward_progress = excluded.counts_toward_progress,
  grading_mode = excluded.grading_mode;

insert into public.program_courses (id, program_id, catalog_course_id, group_id, category, kind, suggested_term, notes, counts_toward_gpa, counts_toward_progress, grading_mode, display_order)
values ('khmt-2024-csc10121', 'khmt-2024', 'CSC10121', 'khmt-2024-major-core', 'major-core', 'elective', 5, null, true, true, 'numeric', 44)
on conflict (id) do update set
  program_id = excluded.program_id,
  catalog_course_id = excluded.catalog_course_id,
  group_id = excluded.group_id,
  category = excluded.category,
  kind = excluded.kind,
  suggested_term = excluded.suggested_term,
  notes = excluded.notes,
  counts_toward_gpa = excluded.counts_toward_gpa,
  counts_toward_progress = excluded.counts_toward_progress,
  grading_mode = excluded.grading_mode,
  display_order = excluded.display_order;

insert into public.courses (id, program_id, group_id, category, code, title, credits, lecture_hours, practice_hours, lab_hours, kind, suggested_term, notes, counts_toward_gpa, counts_toward_progress, grading_mode)
values ('khmt-2024-csc10121', 'khmt-2024', 'khmt-2024-major-core', 'major-core', 'CSC10121', 'Kỹ năng mềm', 3, 30, 30, 0, 'elective', 5, null, true, true, 'numeric')
on conflict (id) do update set
  group_id = excluded.group_id,
  category = excluded.category,
  code = excluded.code,
  title = excluded.title,
  credits = excluded.credits,
  lecture_hours = excluded.lecture_hours,
  practice_hours = excluded.practice_hours,
  lab_hours = excluded.lab_hours,
  kind = excluded.kind,
  suggested_term = excluded.suggested_term,
  notes = excluded.notes,
  counts_toward_gpa = excluded.counts_toward_gpa,
  counts_toward_progress = excluded.counts_toward_progress,
  grading_mode = excluded.grading_mode;

insert into public.program_courses (id, program_id, catalog_course_id, group_id, category, kind, suggested_term, notes, counts_toward_gpa, counts_toward_progress, grading_mode, display_order)
values ('khmt-2024-csc11002', 'khmt-2024', 'CSC11002', 'khmt-2024-major-core', 'major-core', 'elective', 5, null, true, true, 'numeric', 45)
on conflict (id) do update set
  program_id = excluded.program_id,
  catalog_course_id = excluded.catalog_course_id,
  group_id = excluded.group_id,
  category = excluded.category,
  kind = excluded.kind,
  suggested_term = excluded.suggested_term,
  notes = excluded.notes,
  counts_toward_gpa = excluded.counts_toward_gpa,
  counts_toward_progress = excluded.counts_toward_progress,
  grading_mode = excluded.grading_mode,
  display_order = excluded.display_order;

insert into public.courses (id, program_id, group_id, category, code, title, credits, lecture_hours, practice_hours, lab_hours, kind, suggested_term, notes, counts_toward_gpa, counts_toward_progress, grading_mode)
values ('khmt-2024-csc11002', 'khmt-2024', 'khmt-2024-major-core', 'major-core', 'CSC11002', 'Hệ thống viễn thông', 4, 45, 30, 0, 'elective', 5, null, true, true, 'numeric')
on conflict (id) do update set
  group_id = excluded.group_id,
  category = excluded.category,
  code = excluded.code,
  title = excluded.title,
  credits = excluded.credits,
  lecture_hours = excluded.lecture_hours,
  practice_hours = excluded.practice_hours,
  lab_hours = excluded.lab_hours,
  kind = excluded.kind,
  suggested_term = excluded.suggested_term,
  notes = excluded.notes,
  counts_toward_gpa = excluded.counts_toward_gpa,
  counts_toward_progress = excluded.counts_toward_progress,
  grading_mode = excluded.grading_mode;

insert into public.program_courses (id, program_id, catalog_course_id, group_id, category, kind, suggested_term, notes, counts_toward_gpa, counts_toward_progress, grading_mode, display_order)
values ('khmt-2024-csc11003', 'khmt-2024', 'CSC11003', 'khmt-2024-major-core', 'major-core', 'elective', 5, null, true, true, 'numeric', 46)
on conflict (id) do update set
  program_id = excluded.program_id,
  catalog_course_id = excluded.catalog_course_id,
  group_id = excluded.group_id,
  category = excluded.category,
  kind = excluded.kind,
  suggested_term = excluded.suggested_term,
  notes = excluded.notes,
  counts_toward_gpa = excluded.counts_toward_gpa,
  counts_toward_progress = excluded.counts_toward_progress,
  grading_mode = excluded.grading_mode,
  display_order = excluded.display_order;

insert into public.courses (id, program_id, group_id, category, code, title, credits, lecture_hours, practice_hours, lab_hours, kind, suggested_term, notes, counts_toward_gpa, counts_toward_progress, grading_mode)
values ('khmt-2024-csc11003', 'khmt-2024', 'khmt-2024-major-core', 'major-core', 'CSC11003', 'Mạng máy tính nâng cao', 4, 45, 30, 0, 'elective', 5, null, true, true, 'numeric')
on conflict (id) do update set
  group_id = excluded.group_id,
  category = excluded.category,
  code = excluded.code,
  title = excluded.title,
  credits = excluded.credits,
  lecture_hours = excluded.lecture_hours,
  practice_hours = excluded.practice_hours,
  lab_hours = excluded.lab_hours,
  kind = excluded.kind,
  suggested_term = excluded.suggested_term,
  notes = excluded.notes,
  counts_toward_gpa = excluded.counts_toward_gpa,
  counts_toward_progress = excluded.counts_toward_progress,
  grading_mode = excluded.grading_mode;

insert into public.program_courses (id, program_id, catalog_course_id, group_id, category, kind, suggested_term, notes, counts_toward_gpa, counts_toward_progress, grading_mode, display_order)
values ('khmt-2024-csc11004', 'khmt-2024', 'CSC11004', 'khmt-2024-major-core', 'major-core', 'elective', 5, null, true, true, 'numeric', 47)
on conflict (id) do update set
  program_id = excluded.program_id,
  catalog_course_id = excluded.catalog_course_id,
  group_id = excluded.group_id,
  category = excluded.category,
  kind = excluded.kind,
  suggested_term = excluded.suggested_term,
  notes = excluded.notes,
  counts_toward_gpa = excluded.counts_toward_gpa,
  counts_toward_progress = excluded.counts_toward_progress,
  grading_mode = excluded.grading_mode,
  display_order = excluded.display_order;

insert into public.courses (id, program_id, group_id, category, code, title, credits, lecture_hours, practice_hours, lab_hours, kind, suggested_term, notes, counts_toward_gpa, counts_toward_progress, grading_mode)
values ('khmt-2024-csc11004', 'khmt-2024', 'khmt-2024-major-core', 'major-core', 'CSC11004', 'Lập trình mạng', 4, 45, 30, 0, 'elective', 5, null, true, true, 'numeric')
on conflict (id) do update set
  group_id = excluded.group_id,
  category = excluded.category,
  code = excluded.code,
  title = excluded.title,
  credits = excluded.credits,
  lecture_hours = excluded.lecture_hours,
  practice_hours = excluded.practice_hours,
  lab_hours = excluded.lab_hours,
  kind = excluded.kind,
  suggested_term = excluded.suggested_term,
  notes = excluded.notes,
  counts_toward_gpa = excluded.counts_toward_gpa,
  counts_toward_progress = excluded.counts_toward_progress,
  grading_mode = excluded.grading_mode;

insert into public.program_courses (id, program_id, catalog_course_id, group_id, category, kind, suggested_term, notes, counts_toward_gpa, counts_toward_progress, grading_mode, display_order)
values ('khmt-2024-csc11006', 'khmt-2024', 'CSC11006', 'khmt-2024-major-core', 'major-core', 'elective', 5, null, true, true, 'numeric', 48)
on conflict (id) do update set
  program_id = excluded.program_id,
  catalog_course_id = excluded.catalog_course_id,
  group_id = excluded.group_id,
  category = excluded.category,
  kind = excluded.kind,
  suggested_term = excluded.suggested_term,
  notes = excluded.notes,
  counts_toward_gpa = excluded.counts_toward_gpa,
  counts_toward_progress = excluded.counts_toward_progress,
  grading_mode = excluded.grading_mode,
  display_order = excluded.display_order;

insert into public.courses (id, program_id, group_id, category, code, title, credits, lecture_hours, practice_hours, lab_hours, kind, suggested_term, notes, counts_toward_gpa, counts_toward_progress, grading_mode)
values ('khmt-2024-csc11006', 'khmt-2024', 'khmt-2024-major-core', 'major-core', 'CSC11006', 'Nhập môn điện toán đám mây', 4, 45, 30, 0, 'elective', 5, null, true, true, 'numeric')
on conflict (id) do update set
  group_id = excluded.group_id,
  category = excluded.category,
  code = excluded.code,
  title = excluded.title,
  credits = excluded.credits,
  lecture_hours = excluded.lecture_hours,
  practice_hours = excluded.practice_hours,
  lab_hours = excluded.lab_hours,
  kind = excluded.kind,
  suggested_term = excluded.suggested_term,
  notes = excluded.notes,
  counts_toward_gpa = excluded.counts_toward_gpa,
  counts_toward_progress = excluded.counts_toward_progress,
  grading_mode = excluded.grading_mode;

insert into public.program_courses (id, program_id, catalog_course_id, group_id, category, kind, suggested_term, notes, counts_toward_gpa, counts_toward_progress, grading_mode, display_order)
values ('khmt-2024-csc11007', 'khmt-2024', 'CSC11007', 'khmt-2024-major-core', 'major-core', 'elective', 5, null, true, true, 'numeric', 49)
on conflict (id) do update set
  program_id = excluded.program_id,
  catalog_course_id = excluded.catalog_course_id,
  group_id = excluded.group_id,
  category = excluded.category,
  kind = excluded.kind,
  suggested_term = excluded.suggested_term,
  notes = excluded.notes,
  counts_toward_gpa = excluded.counts_toward_gpa,
  counts_toward_progress = excluded.counts_toward_progress,
  grading_mode = excluded.grading_mode,
  display_order = excluded.display_order;

insert into public.courses (id, program_id, group_id, category, code, title, credits, lecture_hours, practice_hours, lab_hours, kind, suggested_term, notes, counts_toward_gpa, counts_toward_progress, grading_mode)
values ('khmt-2024-csc11007', 'khmt-2024', 'khmt-2024-major-core', 'major-core', 'CSC11007', 'An ninh mạng', 4, 45, 30, 0, 'elective', 5, null, true, true, 'numeric')
on conflict (id) do update set
  group_id = excluded.group_id,
  category = excluded.category,
  code = excluded.code,
  title = excluded.title,
  credits = excluded.credits,
  lecture_hours = excluded.lecture_hours,
  practice_hours = excluded.practice_hours,
  lab_hours = excluded.lab_hours,
  kind = excluded.kind,
  suggested_term = excluded.suggested_term,
  notes = excluded.notes,
  counts_toward_gpa = excluded.counts_toward_gpa,
  counts_toward_progress = excluded.counts_toward_progress,
  grading_mode = excluded.grading_mode;

insert into public.program_courses (id, program_id, catalog_course_id, group_id, category, kind, suggested_term, notes, counts_toward_gpa, counts_toward_progress, grading_mode, display_order)
values ('khmt-2024-csc11106', 'khmt-2024', 'CSC11106', 'khmt-2024-major-core', 'major-core', 'elective', 5, null, true, true, 'numeric', 50)
on conflict (id) do update set
  program_id = excluded.program_id,
  catalog_course_id = excluded.catalog_course_id,
  group_id = excluded.group_id,
  category = excluded.category,
  kind = excluded.kind,
  suggested_term = excluded.suggested_term,
  notes = excluded.notes,
  counts_toward_gpa = excluded.counts_toward_gpa,
  counts_toward_progress = excluded.counts_toward_progress,
  grading_mode = excluded.grading_mode,
  display_order = excluded.display_order;

insert into public.courses (id, program_id, group_id, category, code, title, credits, lecture_hours, practice_hours, lab_hours, kind, suggested_term, notes, counts_toward_gpa, counts_toward_progress, grading_mode)
values ('khmt-2024-csc11106', 'khmt-2024', 'khmt-2024-major-core', 'major-core', 'CSC11106', 'Truyền thông không dây', 4, 45, 30, 0, 'elective', 5, null, true, true, 'numeric')
on conflict (id) do update set
  group_id = excluded.group_id,
  category = excluded.category,
  code = excluded.code,
  title = excluded.title,
  credits = excluded.credits,
  lecture_hours = excluded.lecture_hours,
  practice_hours = excluded.practice_hours,
  lab_hours = excluded.lab_hours,
  kind = excluded.kind,
  suggested_term = excluded.suggested_term,
  notes = excluded.notes,
  counts_toward_gpa = excluded.counts_toward_gpa,
  counts_toward_progress = excluded.counts_toward_progress,
  grading_mode = excluded.grading_mode;

insert into public.program_courses (id, program_id, catalog_course_id, group_id, category, kind, suggested_term, notes, counts_toward_gpa, counts_toward_progress, grading_mode, display_order)
values ('khmt-2024-csc11115', 'khmt-2024', 'CSC11115', 'khmt-2024-major-core', 'major-core', 'elective', 5, null, true, true, 'numeric', 51)
on conflict (id) do update set
  program_id = excluded.program_id,
  catalog_course_id = excluded.catalog_course_id,
  group_id = excluded.group_id,
  category = excluded.category,
  kind = excluded.kind,
  suggested_term = excluded.suggested_term,
  notes = excluded.notes,
  counts_toward_gpa = excluded.counts_toward_gpa,
  counts_toward_progress = excluded.counts_toward_progress,
  grading_mode = excluded.grading_mode,
  display_order = excluded.display_order;

insert into public.courses (id, program_id, group_id, category, code, title, credits, lecture_hours, practice_hours, lab_hours, kind, suggested_term, notes, counts_toward_gpa, counts_toward_progress, grading_mode)
values ('khmt-2024-csc11115', 'khmt-2024', 'khmt-2024-major-core', 'major-core', 'CSC11115', 'An ninh mạng nâng cao', 4, 45, 30, 0, 'elective', 5, null, true, true, 'numeric')
on conflict (id) do update set
  group_id = excluded.group_id,
  category = excluded.category,
  code = excluded.code,
  title = excluded.title,
  credits = excluded.credits,
  lecture_hours = excluded.lecture_hours,
  practice_hours = excluded.practice_hours,
  lab_hours = excluded.lab_hours,
  kind = excluded.kind,
  suggested_term = excluded.suggested_term,
  notes = excluded.notes,
  counts_toward_gpa = excluded.counts_toward_gpa,
  counts_toward_progress = excluded.counts_toward_progress,
  grading_mode = excluded.grading_mode;

insert into public.program_courses (id, program_id, catalog_course_id, group_id, category, kind, suggested_term, notes, counts_toward_gpa, counts_toward_progress, grading_mode, display_order)
values ('khmt-2024-csc11116', 'khmt-2024', 'CSC11116', 'khmt-2024-major-core', 'major-core', 'elective', 5, null, true, true, 'numeric', 52)
on conflict (id) do update set
  program_id = excluded.program_id,
  catalog_course_id = excluded.catalog_course_id,
  group_id = excluded.group_id,
  category = excluded.category,
  kind = excluded.kind,
  suggested_term = excluded.suggested_term,
  notes = excluded.notes,
  counts_toward_gpa = excluded.counts_toward_gpa,
  counts_toward_progress = excluded.counts_toward_progress,
  grading_mode = excluded.grading_mode,
  display_order = excluded.display_order;

insert into public.courses (id, program_id, group_id, category, code, title, credits, lecture_hours, practice_hours, lab_hours, kind, suggested_term, notes, counts_toward_gpa, counts_toward_progress, grading_mode)
values ('khmt-2024-csc11116', 'khmt-2024', 'khmt-2024-major-core', 'major-core', 'CSC11116', 'DevOps nâng cao', 4, 45, 30, 0, 'elective', 5, null, true, true, 'numeric')
on conflict (id) do update set
  group_id = excluded.group_id,
  category = excluded.category,
  code = excluded.code,
  title = excluded.title,
  credits = excluded.credits,
  lecture_hours = excluded.lecture_hours,
  practice_hours = excluded.practice_hours,
  lab_hours = excluded.lab_hours,
  kind = excluded.kind,
  suggested_term = excluded.suggested_term,
  notes = excluded.notes,
  counts_toward_gpa = excluded.counts_toward_gpa,
  counts_toward_progress = excluded.counts_toward_progress,
  grading_mode = excluded.grading_mode;

insert into public.program_courses (id, program_id, catalog_course_id, group_id, category, kind, suggested_term, notes, counts_toward_gpa, counts_toward_progress, grading_mode, display_order)
values ('khmt-2024-csc11118', 'khmt-2024', 'CSC11118', 'khmt-2024-major-core', 'major-core', 'elective', 5, null, true, true, 'numeric', 53)
on conflict (id) do update set
  program_id = excluded.program_id,
  catalog_course_id = excluded.catalog_course_id,
  group_id = excluded.group_id,
  category = excluded.category,
  kind = excluded.kind,
  suggested_term = excluded.suggested_term,
  notes = excluded.notes,
  counts_toward_gpa = excluded.counts_toward_gpa,
  counts_toward_progress = excluded.counts_toward_progress,
  grading_mode = excluded.grading_mode,
  display_order = excluded.display_order;

insert into public.courses (id, program_id, group_id, category, code, title, credits, lecture_hours, practice_hours, lab_hours, kind, suggested_term, notes, counts_toward_gpa, counts_toward_progress, grading_mode)
values ('khmt-2024-csc11118', 'khmt-2024', 'khmt-2024-major-core', 'major-core', 'CSC11118', 'Triển khai và vận hành điện toán đám mây', 4, 45, 30, 0, 'elective', 5, null, true, true, 'numeric')
on conflict (id) do update set
  group_id = excluded.group_id,
  category = excluded.category,
  code = excluded.code,
  title = excluded.title,
  credits = excluded.credits,
  lecture_hours = excluded.lecture_hours,
  practice_hours = excluded.practice_hours,
  lab_hours = excluded.lab_hours,
  kind = excluded.kind,
  suggested_term = excluded.suggested_term,
  notes = excluded.notes,
  counts_toward_gpa = excluded.counts_toward_gpa,
  counts_toward_progress = excluded.counts_toward_progress,
  grading_mode = excluded.grading_mode;

insert into public.program_courses (id, program_id, catalog_course_id, group_id, category, kind, suggested_term, notes, counts_toward_gpa, counts_toward_progress, grading_mode, display_order)
values ('khmt-2024-csc11120', 'khmt-2024', 'CSC11120', 'khmt-2024-major-core', 'major-core', 'required', 5, null, true, true, 'numeric', 54)
on conflict (id) do update set
  program_id = excluded.program_id,
  catalog_course_id = excluded.catalog_course_id,
  group_id = excluded.group_id,
  category = excluded.category,
  kind = excluded.kind,
  suggested_term = excluded.suggested_term,
  notes = excluded.notes,
  counts_toward_gpa = excluded.counts_toward_gpa,
  counts_toward_progress = excluded.counts_toward_progress,
  grading_mode = excluded.grading_mode,
  display_order = excluded.display_order;

insert into public.courses (id, program_id, group_id, category, code, title, credits, lecture_hours, practice_hours, lab_hours, kind, suggested_term, notes, counts_toward_gpa, counts_toward_progress, grading_mode)
values ('khmt-2024-csc11120', 'khmt-2024', 'khmt-2024-major-core', 'major-core', 'CSC11120', 'An toàn và bảo mật dữ liệu', 8, 0, 0, 0, 'required', 5, null, true, true, 'numeric')
on conflict (id) do update set
  group_id = excluded.group_id,
  category = excluded.category,
  code = excluded.code,
  title = excluded.title,
  credits = excluded.credits,
  lecture_hours = excluded.lecture_hours,
  practice_hours = excluded.practice_hours,
  lab_hours = excluded.lab_hours,
  kind = excluded.kind,
  suggested_term = excluded.suggested_term,
  notes = excluded.notes,
  counts_toward_gpa = excluded.counts_toward_gpa,
  counts_toward_progress = excluded.counts_toward_progress,
  grading_mode = excluded.grading_mode;

insert into public.program_courses (id, program_id, catalog_course_id, group_id, category, kind, suggested_term, notes, counts_toward_gpa, counts_toward_progress, grading_mode, display_order)
values ('khmt-2024-csc12001', 'khmt-2024', 'CSC12001', 'khmt-2024-major-core', 'major-core', 'elective', 5, null, true, true, 'numeric', 55)
on conflict (id) do update set
  program_id = excluded.program_id,
  catalog_course_id = excluded.catalog_course_id,
  group_id = excluded.group_id,
  category = excluded.category,
  kind = excluded.kind,
  suggested_term = excluded.suggested_term,
  notes = excluded.notes,
  counts_toward_gpa = excluded.counts_toward_gpa,
  counts_toward_progress = excluded.counts_toward_progress,
  grading_mode = excluded.grading_mode,
  display_order = excluded.display_order;

insert into public.courses (id, program_id, group_id, category, code, title, credits, lecture_hours, practice_hours, lab_hours, kind, suggested_term, notes, counts_toward_gpa, counts_toward_progress, grading_mode)
values ('khmt-2024-csc12001', 'khmt-2024', 'khmt-2024-major-core', 'major-core', 'CSC12001', 'An toan va bao mat du lieu trong hệ thống thông tin', 4, 45, 30, 0, 'elective', 5, null, true, true, 'numeric')
on conflict (id) do update set
  group_id = excluded.group_id,
  category = excluded.category,
  code = excluded.code,
  title = excluded.title,
  credits = excluded.credits,
  lecture_hours = excluded.lecture_hours,
  practice_hours = excluded.practice_hours,
  lab_hours = excluded.lab_hours,
  kind = excluded.kind,
  suggested_term = excluded.suggested_term,
  notes = excluded.notes,
  counts_toward_gpa = excluded.counts_toward_gpa,
  counts_toward_progress = excluded.counts_toward_progress,
  grading_mode = excluded.grading_mode;

insert into public.program_courses (id, program_id, catalog_course_id, group_id, category, kind, suggested_term, notes, counts_toward_gpa, counts_toward_progress, grading_mode, display_order)
values ('khmt-2024-csc12002', 'khmt-2024', 'CSC12002', 'khmt-2024-major-core', 'major-core', 'elective', 5, null, true, true, 'numeric', 56)
on conflict (id) do update set
  program_id = excluded.program_id,
  catalog_course_id = excluded.catalog_course_id,
  group_id = excluded.group_id,
  category = excluded.category,
  kind = excluded.kind,
  suggested_term = excluded.suggested_term,
  notes = excluded.notes,
  counts_toward_gpa = excluded.counts_toward_gpa,
  counts_toward_progress = excluded.counts_toward_progress,
  grading_mode = excluded.grading_mode,
  display_order = excluded.display_order;

insert into public.courses (id, program_id, group_id, category, code, title, credits, lecture_hours, practice_hours, lab_hours, kind, suggested_term, notes, counts_toward_gpa, counts_toward_progress, grading_mode)
values ('khmt-2024-csc12002', 'khmt-2024', 'khmt-2024-major-core', 'major-core', 'CSC12002', 'Cơ sở dữ liệu nâng cao', 4, 45, 30, 0, 'elective', 5, null, true, true, 'numeric')
on conflict (id) do update set
  group_id = excluded.group_id,
  category = excluded.category,
  code = excluded.code,
  title = excluded.title,
  credits = excluded.credits,
  lecture_hours = excluded.lecture_hours,
  practice_hours = excluded.practice_hours,
  lab_hours = excluded.lab_hours,
  kind = excluded.kind,
  suggested_term = excluded.suggested_term,
  notes = excluded.notes,
  counts_toward_gpa = excluded.counts_toward_gpa,
  counts_toward_progress = excluded.counts_toward_progress,
  grading_mode = excluded.grading_mode;

insert into public.program_courses (id, program_id, catalog_course_id, group_id, category, kind, suggested_term, notes, counts_toward_gpa, counts_toward_progress, grading_mode, display_order)
values ('khmt-2024-csc12003', 'khmt-2024', 'CSC12003', 'khmt-2024-major-core', 'major-core', 'elective', 5, null, true, true, 'numeric', 57)
on conflict (id) do update set
  program_id = excluded.program_id,
  catalog_course_id = excluded.catalog_course_id,
  group_id = excluded.group_id,
  category = excluded.category,
  kind = excluded.kind,
  suggested_term = excluded.suggested_term,
  notes = excluded.notes,
  counts_toward_gpa = excluded.counts_toward_gpa,
  counts_toward_progress = excluded.counts_toward_progress,
  grading_mode = excluded.grading_mode,
  display_order = excluded.display_order;

insert into public.courses (id, program_id, group_id, category, code, title, credits, lecture_hours, practice_hours, lab_hours, kind, suggested_term, notes, counts_toward_gpa, counts_toward_progress, grading_mode)
values ('khmt-2024-csc12003', 'khmt-2024', 'khmt-2024-major-core', 'major-core', 'CSC12003', 'Hệ quản trị cơ sở dữ liệu', 4, 45, 30, 0, 'elective', 5, null, true, true, 'numeric')
on conflict (id) do update set
  group_id = excluded.group_id,
  category = excluded.category,
  code = excluded.code,
  title = excluded.title,
  credits = excluded.credits,
  lecture_hours = excluded.lecture_hours,
  practice_hours = excluded.practice_hours,
  lab_hours = excluded.lab_hours,
  kind = excluded.kind,
  suggested_term = excluded.suggested_term,
  notes = excluded.notes,
  counts_toward_gpa = excluded.counts_toward_gpa,
  counts_toward_progress = excluded.counts_toward_progress,
  grading_mode = excluded.grading_mode;

insert into public.program_courses (id, program_id, catalog_course_id, group_id, category, kind, suggested_term, notes, counts_toward_gpa, counts_toward_progress, grading_mode, display_order)
values ('khmt-2024-csc12004', 'khmt-2024', 'CSC12004', 'khmt-2024-major-core', 'major-core', 'required', 5, null, true, true, 'numeric', 58)
on conflict (id) do update set
  program_id = excluded.program_id,
  catalog_course_id = excluded.catalog_course_id,
  group_id = excluded.group_id,
  category = excluded.category,
  kind = excluded.kind,
  suggested_term = excluded.suggested_term,
  notes = excluded.notes,
  counts_toward_gpa = excluded.counts_toward_gpa,
  counts_toward_progress = excluded.counts_toward_progress,
  grading_mode = excluded.grading_mode,
  display_order = excluded.display_order;

insert into public.courses (id, program_id, group_id, category, code, title, credits, lecture_hours, practice_hours, lab_hours, kind, suggested_term, notes, counts_toward_gpa, counts_toward_progress, grading_mode)
values ('khmt-2024-csc12004', 'khmt-2024', 'khmt-2024-major-core', 'major-core', 'CSC12004', 'Phân tích thiết kế hệ thống thông tin', 4, 4, 5, 0, 'required', 5, null, true, true, 'numeric')
on conflict (id) do update set
  group_id = excluded.group_id,
  category = excluded.category,
  code = excluded.code,
  title = excluded.title,
  credits = excluded.credits,
  lecture_hours = excluded.lecture_hours,
  practice_hours = excluded.practice_hours,
  lab_hours = excluded.lab_hours,
  kind = excluded.kind,
  suggested_term = excluded.suggested_term,
  notes = excluded.notes,
  counts_toward_gpa = excluded.counts_toward_gpa,
  counts_toward_progress = excluded.counts_toward_progress,
  grading_mode = excluded.grading_mode;

insert into public.program_courses (id, program_id, catalog_course_id, group_id, category, kind, suggested_term, notes, counts_toward_gpa, counts_toward_progress, grading_mode, display_order)
values ('khmt-2024-csc12005', 'khmt-2024', 'CSC12005', 'khmt-2024-major-core', 'major-core', 'elective', 5, null, true, true, 'numeric', 59)
on conflict (id) do update set
  program_id = excluded.program_id,
  catalog_course_id = excluded.catalog_course_id,
  group_id = excluded.group_id,
  category = excluded.category,
  kind = excluded.kind,
  suggested_term = excluded.suggested_term,
  notes = excluded.notes,
  counts_toward_gpa = excluded.counts_toward_gpa,
  counts_toward_progress = excluded.counts_toward_progress,
  grading_mode = excluded.grading_mode,
  display_order = excluded.display_order;

insert into public.courses (id, program_id, group_id, category, code, title, credits, lecture_hours, practice_hours, lab_hours, kind, suggested_term, notes, counts_toward_gpa, counts_toward_progress, grading_mode)
values ('khmt-2024-csc12005', 'khmt-2024', 'khmt-2024-major-core', 'major-core', 'CSC12005', 'Phát triển ứng dụng hệ thống thông tin hiện đại', 4, 45, 30, 0, 'elective', 5, null, true, true, 'numeric')
on conflict (id) do update set
  group_id = excluded.group_id,
  category = excluded.category,
  code = excluded.code,
  title = excluded.title,
  credits = excluded.credits,
  lecture_hours = excluded.lecture_hours,
  practice_hours = excluded.practice_hours,
  lab_hours = excluded.lab_hours,
  kind = excluded.kind,
  suggested_term = excluded.suggested_term,
  notes = excluded.notes,
  counts_toward_gpa = excluded.counts_toward_gpa,
  counts_toward_progress = excluded.counts_toward_progress,
  grading_mode = excluded.grading_mode;

insert into public.program_courses (id, program_id, catalog_course_id, group_id, category, kind, suggested_term, notes, counts_toward_gpa, counts_toward_progress, grading_mode, display_order)
values ('khmt-2024-csc12105', 'khmt-2024', 'CSC12105', 'khmt-2024-major-core', 'major-core', 'elective', 5, null, true, true, 'numeric', 60)
on conflict (id) do update set
  program_id = excluded.program_id,
  catalog_course_id = excluded.catalog_course_id,
  group_id = excluded.group_id,
  category = excluded.category,
  kind = excluded.kind,
  suggested_term = excluded.suggested_term,
  notes = excluded.notes,
  counts_toward_gpa = excluded.counts_toward_gpa,
  counts_toward_progress = excluded.counts_toward_progress,
  grading_mode = excluded.grading_mode,
  display_order = excluded.display_order;

insert into public.courses (id, program_id, group_id, category, code, title, credits, lecture_hours, practice_hours, lab_hours, kind, suggested_term, notes, counts_toward_gpa, counts_toward_progress, grading_mode)
values ('khmt-2024-csc12105', 'khmt-2024', 'khmt-2024-major-core', 'major-core', 'CSC12105', 'Thương mại điện tử', 4, 45, 30, 0, 'elective', 5, null, true, true, 'numeric')
on conflict (id) do update set
  group_id = excluded.group_id,
  category = excluded.category,
  code = excluded.code,
  title = excluded.title,
  credits = excluded.credits,
  lecture_hours = excluded.lecture_hours,
  practice_hours = excluded.practice_hours,
  lab_hours = excluded.lab_hours,
  kind = excluded.kind,
  suggested_term = excluded.suggested_term,
  notes = excluded.notes,
  counts_toward_gpa = excluded.counts_toward_gpa,
  counts_toward_progress = excluded.counts_toward_progress,
  grading_mode = excluded.grading_mode;

insert into public.program_courses (id, program_id, catalog_course_id, group_id, category, kind, suggested_term, notes, counts_toward_gpa, counts_toward_progress, grading_mode, display_order)
values ('khmt-2024-csc12106', 'khmt-2024', 'CSC12106', 'khmt-2024-major-core', 'major-core', 'elective', 5, null, true, true, 'numeric', 61)
on conflict (id) do update set
  program_id = excluded.program_id,
  catalog_course_id = excluded.catalog_course_id,
  group_id = excluded.group_id,
  category = excluded.category,
  kind = excluded.kind,
  suggested_term = excluded.suggested_term,
  notes = excluded.notes,
  counts_toward_gpa = excluded.counts_toward_gpa,
  counts_toward_progress = excluded.counts_toward_progress,
  grading_mode = excluded.grading_mode,
  display_order = excluded.display_order;

insert into public.courses (id, program_id, group_id, category, code, title, credits, lecture_hours, practice_hours, lab_hours, kind, suggested_term, notes, counts_toward_gpa, counts_toward_progress, grading_mode)
values ('khmt-2024-csc12106', 'khmt-2024', 'khmt-2024-major-core', 'major-core', 'CSC12106', 'Tương tác người - máy', 4, 45, 30, 0, 'elective', 5, null, true, true, 'numeric')
on conflict (id) do update set
  group_id = excluded.group_id,
  category = excluded.category,
  code = excluded.code,
  title = excluded.title,
  credits = excluded.credits,
  lecture_hours = excluded.lecture_hours,
  practice_hours = excluded.practice_hours,
  lab_hours = excluded.lab_hours,
  kind = excluded.kind,
  suggested_term = excluded.suggested_term,
  notes = excluded.notes,
  counts_toward_gpa = excluded.counts_toward_gpa,
  counts_toward_progress = excluded.counts_toward_progress,
  grading_mode = excluded.grading_mode;

insert into public.program_courses (id, program_id, catalog_course_id, group_id, category, kind, suggested_term, notes, counts_toward_gpa, counts_toward_progress, grading_mode, display_order)
values ('khmt-2024-csc12107', 'khmt-2024', 'CSC12107', 'khmt-2024-major-core', 'major-core', 'required', 5, null, true, true, 'numeric', 62)
on conflict (id) do update set
  program_id = excluded.program_id,
  catalog_course_id = excluded.catalog_course_id,
  group_id = excluded.group_id,
  category = excluded.category,
  kind = excluded.kind,
  suggested_term = excluded.suggested_term,
  notes = excluded.notes,
  counts_toward_gpa = excluded.counts_toward_gpa,
  counts_toward_progress = excluded.counts_toward_progress,
  grading_mode = excluded.grading_mode,
  display_order = excluded.display_order;

insert into public.courses (id, program_id, group_id, category, code, title, credits, lecture_hours, practice_hours, lab_hours, kind, suggested_term, notes, counts_toward_gpa, counts_toward_progress, grading_mode)
values ('khmt-2024-csc12107', 'khmt-2024', 'khmt-2024-major-core', 'major-core', 'CSC12107', 'Hệ thống thông tin phục vụ trí tuệ kinh doanh', 4, 4, 6, 0, 'required', 5, null, true, true, 'numeric')
on conflict (id) do update set
  group_id = excluded.group_id,
  category = excluded.category,
  code = excluded.code,
  title = excluded.title,
  credits = excluded.credits,
  lecture_hours = excluded.lecture_hours,
  practice_hours = excluded.practice_hours,
  lab_hours = excluded.lab_hours,
  kind = excluded.kind,
  suggested_term = excluded.suggested_term,
  notes = excluded.notes,
  counts_toward_gpa = excluded.counts_toward_gpa,
  counts_toward_progress = excluded.counts_toward_progress,
  grading_mode = excluded.grading_mode;

insert into public.program_courses (id, program_id, catalog_course_id, group_id, category, kind, suggested_term, notes, counts_toward_gpa, counts_toward_progress, grading_mode, display_order)
values ('khmt-2024-csc13001', 'khmt-2024', 'CSC13001', 'khmt-2024-major-core', 'major-core', 'elective', 5, null, true, true, 'numeric', 63)
on conflict (id) do update set
  program_id = excluded.program_id,
  catalog_course_id = excluded.catalog_course_id,
  group_id = excluded.group_id,
  category = excluded.category,
  kind = excluded.kind,
  suggested_term = excluded.suggested_term,
  notes = excluded.notes,
  counts_toward_gpa = excluded.counts_toward_gpa,
  counts_toward_progress = excluded.counts_toward_progress,
  grading_mode = excluded.grading_mode,
  display_order = excluded.display_order;

insert into public.courses (id, program_id, group_id, category, code, title, credits, lecture_hours, practice_hours, lab_hours, kind, suggested_term, notes, counts_toward_gpa, counts_toward_progress, grading_mode)
values ('khmt-2024-csc13001', 'khmt-2024', 'khmt-2024-major-core', 'major-core', 'CSC13001', 'Lập trình Windows', 4, 45, 30, 0, 'elective', 5, null, true, true, 'numeric')
on conflict (id) do update set
  group_id = excluded.group_id,
  category = excluded.category,
  code = excluded.code,
  title = excluded.title,
  credits = excluded.credits,
  lecture_hours = excluded.lecture_hours,
  practice_hours = excluded.practice_hours,
  lab_hours = excluded.lab_hours,
  kind = excluded.kind,
  suggested_term = excluded.suggested_term,
  notes = excluded.notes,
  counts_toward_gpa = excluded.counts_toward_gpa,
  counts_toward_progress = excluded.counts_toward_progress,
  grading_mode = excluded.grading_mode;

insert into public.program_courses (id, program_id, catalog_course_id, group_id, category, kind, suggested_term, notes, counts_toward_gpa, counts_toward_progress, grading_mode, display_order)
values ('khmt-2024-csc13003', 'khmt-2024', 'CSC13003', 'khmt-2024-major-core', 'major-core', 'elective', 5, null, true, true, 'numeric', 64)
on conflict (id) do update set
  program_id = excluded.program_id,
  catalog_course_id = excluded.catalog_course_id,
  group_id = excluded.group_id,
  category = excluded.category,
  kind = excluded.kind,
  suggested_term = excluded.suggested_term,
  notes = excluded.notes,
  counts_toward_gpa = excluded.counts_toward_gpa,
  counts_toward_progress = excluded.counts_toward_progress,
  grading_mode = excluded.grading_mode,
  display_order = excluded.display_order;

insert into public.courses (id, program_id, group_id, category, code, title, credits, lecture_hours, practice_hours, lab_hours, kind, suggested_term, notes, counts_toward_gpa, counts_toward_progress, grading_mode)
values ('khmt-2024-csc13003', 'khmt-2024', 'khmt-2024-major-core', 'major-core', 'CSC13003', 'Kiểm thử phần mềm', 4, 45, 30, 0, 'elective', 5, null, true, true, 'numeric')
on conflict (id) do update set
  group_id = excluded.group_id,
  category = excluded.category,
  code = excluded.code,
  title = excluded.title,
  credits = excluded.credits,
  lecture_hours = excluded.lecture_hours,
  practice_hours = excluded.practice_hours,
  lab_hours = excluded.lab_hours,
  kind = excluded.kind,
  suggested_term = excluded.suggested_term,
  notes = excluded.notes,
  counts_toward_gpa = excluded.counts_toward_gpa,
  counts_toward_progress = excluded.counts_toward_progress,
  grading_mode = excluded.grading_mode;

insert into public.program_courses (id, program_id, catalog_course_id, group_id, category, kind, suggested_term, notes, counts_toward_gpa, counts_toward_progress, grading_mode, display_order)
values ('khmt-2024-csc13005', 'khmt-2024', 'CSC13005', 'khmt-2024-major-core', 'major-core', 'elective', 5, null, true, true, 'numeric', 65)
on conflict (id) do update set
  program_id = excluded.program_id,
  catalog_course_id = excluded.catalog_course_id,
  group_id = excluded.group_id,
  category = excluded.category,
  kind = excluded.kind,
  suggested_term = excluded.suggested_term,
  notes = excluded.notes,
  counts_toward_gpa = excluded.counts_toward_gpa,
  counts_toward_progress = excluded.counts_toward_progress,
  grading_mode = excluded.grading_mode,
  display_order = excluded.display_order;

insert into public.courses (id, program_id, group_id, category, code, title, credits, lecture_hours, practice_hours, lab_hours, kind, suggested_term, notes, counts_toward_gpa, counts_toward_progress, grading_mode)
values ('khmt-2024-csc13005', 'khmt-2024', 'khmt-2024-major-core', 'major-core', 'CSC13005', 'Thiết kế phần mềm', 4, 45, 30, 0, 'elective', 5, null, true, true, 'numeric')
on conflict (id) do update set
  group_id = excluded.group_id,
  category = excluded.category,
  code = excluded.code,
  title = excluded.title,
  credits = excluded.credits,
  lecture_hours = excluded.lecture_hours,
  practice_hours = excluded.practice_hours,
  lab_hours = excluded.lab_hours,
  kind = excluded.kind,
  suggested_term = excluded.suggested_term,
  notes = excluded.notes,
  counts_toward_gpa = excluded.counts_toward_gpa,
  counts_toward_progress = excluded.counts_toward_progress,
  grading_mode = excluded.grading_mode;

insert into public.program_courses (id, program_id, catalog_course_id, group_id, category, kind, suggested_term, notes, counts_toward_gpa, counts_toward_progress, grading_mode, display_order)
values ('khmt-2024-csc13006', 'khmt-2024', 'CSC13006', 'khmt-2024-major-core', 'major-core', 'elective', 5, null, true, true, 'numeric', 66)
on conflict (id) do update set
  program_id = excluded.program_id,
  catalog_course_id = excluded.catalog_course_id,
  group_id = excluded.group_id,
  category = excluded.category,
  kind = excluded.kind,
  suggested_term = excluded.suggested_term,
  notes = excluded.notes,
  counts_toward_gpa = excluded.counts_toward_gpa,
  counts_toward_progress = excluded.counts_toward_progress,
  grading_mode = excluded.grading_mode,
  display_order = excluded.display_order;

insert into public.courses (id, program_id, group_id, category, code, title, credits, lecture_hours, practice_hours, lab_hours, kind, suggested_term, notes, counts_toward_gpa, counts_toward_progress, grading_mode)
values ('khmt-2024-csc13006', 'khmt-2024', 'khmt-2024-major-core', 'major-core', 'CSC13006', 'Quản lý dự án phần mềm', 4, 45, 30, 0, 'elective', 5, null, true, true, 'numeric')
on conflict (id) do update set
  group_id = excluded.group_id,
  category = excluded.category,
  code = excluded.code,
  title = excluded.title,
  credits = excluded.credits,
  lecture_hours = excluded.lecture_hours,
  practice_hours = excluded.practice_hours,
  lab_hours = excluded.lab_hours,
  kind = excluded.kind,
  suggested_term = excluded.suggested_term,
  notes = excluded.notes,
  counts_toward_gpa = excluded.counts_toward_gpa,
  counts_toward_progress = excluded.counts_toward_progress,
  grading_mode = excluded.grading_mode;

insert into public.program_courses (id, program_id, catalog_course_id, group_id, category, kind, suggested_term, notes, counts_toward_gpa, counts_toward_progress, grading_mode, display_order)
values ('khmt-2024-csc13007', 'khmt-2024', 'CSC13007', 'khmt-2024-major-core', 'major-core', 'elective', 5, null, true, true, 'numeric', 67)
on conflict (id) do update set
  program_id = excluded.program_id,
  catalog_course_id = excluded.catalog_course_id,
  group_id = excluded.group_id,
  category = excluded.category,
  kind = excluded.kind,
  suggested_term = excluded.suggested_term,
  notes = excluded.notes,
  counts_toward_gpa = excluded.counts_toward_gpa,
  counts_toward_progress = excluded.counts_toward_progress,
  grading_mode = excluded.grading_mode,
  display_order = excluded.display_order;

insert into public.courses (id, program_id, group_id, category, code, title, credits, lecture_hours, practice_hours, lab_hours, kind, suggested_term, notes, counts_toward_gpa, counts_toward_progress, grading_mode)
values ('khmt-2024-csc13007', 'khmt-2024', 'khmt-2024-major-core', 'major-core', 'CSC13007', 'Phát triển game', 4, 45, 30, 0, 'elective', 5, null, true, true, 'numeric')
on conflict (id) do update set
  group_id = excluded.group_id,
  category = excluded.category,
  code = excluded.code,
  title = excluded.title,
  credits = excluded.credits,
  lecture_hours = excluded.lecture_hours,
  practice_hours = excluded.practice_hours,
  lab_hours = excluded.lab_hours,
  kind = excluded.kind,
  suggested_term = excluded.suggested_term,
  notes = excluded.notes,
  counts_toward_gpa = excluded.counts_toward_gpa,
  counts_toward_progress = excluded.counts_toward_progress,
  grading_mode = excluded.grading_mode;

insert into public.program_courses (id, program_id, catalog_course_id, group_id, category, kind, suggested_term, notes, counts_toward_gpa, counts_toward_progress, grading_mode, display_order)
values ('khmt-2024-csc13008', 'khmt-2024', 'CSC13008', 'khmt-2024-major-core', 'major-core', 'elective', 5, null, true, true, 'numeric', 68)
on conflict (id) do update set
  program_id = excluded.program_id,
  catalog_course_id = excluded.catalog_course_id,
  group_id = excluded.group_id,
  category = excluded.category,
  kind = excluded.kind,
  suggested_term = excluded.suggested_term,
  notes = excluded.notes,
  counts_toward_gpa = excluded.counts_toward_gpa,
  counts_toward_progress = excluded.counts_toward_progress,
  grading_mode = excluded.grading_mode,
  display_order = excluded.display_order;

insert into public.courses (id, program_id, group_id, category, code, title, credits, lecture_hours, practice_hours, lab_hours, kind, suggested_term, notes, counts_toward_gpa, counts_toward_progress, grading_mode)
values ('khmt-2024-csc13008', 'khmt-2024', 'khmt-2024-major-core', 'major-core', 'CSC13008', 'Phát triển ứng dụng web', 4, 45, 30, 0, 'elective', 5, null, true, true, 'numeric')
on conflict (id) do update set
  group_id = excluded.group_id,
  category = excluded.category,
  code = excluded.code,
  title = excluded.title,
  credits = excluded.credits,
  lecture_hours = excluded.lecture_hours,
  practice_hours = excluded.practice_hours,
  lab_hours = excluded.lab_hours,
  kind = excluded.kind,
  suggested_term = excluded.suggested_term,
  notes = excluded.notes,
  counts_toward_gpa = excluded.counts_toward_gpa,
  counts_toward_progress = excluded.counts_toward_progress,
  grading_mode = excluded.grading_mode;

insert into public.program_courses (id, program_id, catalog_course_id, group_id, category, kind, suggested_term, notes, counts_toward_gpa, counts_toward_progress, grading_mode, display_order)
values ('khmt-2024-csc13009', 'khmt-2024', 'CSC13009', 'khmt-2024-major-core', 'major-core', 'elective', 5, null, true, true, 'numeric', 69)
on conflict (id) do update set
  program_id = excluded.program_id,
  catalog_course_id = excluded.catalog_course_id,
  group_id = excluded.group_id,
  category = excluded.category,
  kind = excluded.kind,
  suggested_term = excluded.suggested_term,
  notes = excluded.notes,
  counts_toward_gpa = excluded.counts_toward_gpa,
  counts_toward_progress = excluded.counts_toward_progress,
  grading_mode = excluded.grading_mode,
  display_order = excluded.display_order;

insert into public.courses (id, program_id, group_id, category, code, title, credits, lecture_hours, practice_hours, lab_hours, kind, suggested_term, notes, counts_toward_gpa, counts_toward_progress, grading_mode)
values ('khmt-2024-csc13009', 'khmt-2024', 'khmt-2024-major-core', 'major-core', 'CSC13009', 'Phát triển phần mềm cho thiết bị di động', 4, 45, 30, 0, 'elective', 5, null, true, true, 'numeric')
on conflict (id) do update set
  group_id = excluded.group_id,
  category = excluded.category,
  code = excluded.code,
  title = excluded.title,
  credits = excluded.credits,
  lecture_hours = excluded.lecture_hours,
  practice_hours = excluded.practice_hours,
  lab_hours = excluded.lab_hours,
  kind = excluded.kind,
  suggested_term = excluded.suggested_term,
  notes = excluded.notes,
  counts_toward_gpa = excluded.counts_toward_gpa,
  counts_toward_progress = excluded.counts_toward_progress,
  grading_mode = excluded.grading_mode;

insert into public.program_courses (id, program_id, catalog_course_id, group_id, category, kind, suggested_term, notes, counts_toward_gpa, counts_toward_progress, grading_mode, display_order)
values ('khmt-2024-csc13010', 'khmt-2024', 'CSC13010', 'khmt-2024-major-core', 'major-core', 'elective', 5, null, true, true, 'numeric', 70)
on conflict (id) do update set
  program_id = excluded.program_id,
  catalog_course_id = excluded.catalog_course_id,
  group_id = excluded.group_id,
  category = excluded.category,
  kind = excluded.kind,
  suggested_term = excluded.suggested_term,
  notes = excluded.notes,
  counts_toward_gpa = excluded.counts_toward_gpa,
  counts_toward_progress = excluded.counts_toward_progress,
  grading_mode = excluded.grading_mode,
  display_order = excluded.display_order;

insert into public.courses (id, program_id, group_id, category, code, title, credits, lecture_hours, practice_hours, lab_hours, kind, suggested_term, notes, counts_toward_gpa, counts_toward_progress, grading_mode)
values ('khmt-2024-csc13010', 'khmt-2024', 'khmt-2024-major-core', 'major-core', 'CSC13010', 'Thiết kế phần mềm', 4, 45, 30, 0, 'elective', 5, null, true, true, 'numeric')
on conflict (id) do update set
  group_id = excluded.group_id,
  category = excluded.category,
  code = excluded.code,
  title = excluded.title,
  credits = excluded.credits,
  lecture_hours = excluded.lecture_hours,
  practice_hours = excluded.practice_hours,
  lab_hours = excluded.lab_hours,
  kind = excluded.kind,
  suggested_term = excluded.suggested_term,
  notes = excluded.notes,
  counts_toward_gpa = excluded.counts_toward_gpa,
  counts_toward_progress = excluded.counts_toward_progress,
  grading_mode = excluded.grading_mode;

insert into public.program_courses (id, program_id, catalog_course_id, group_id, category, kind, suggested_term, notes, counts_toward_gpa, counts_toward_progress, grading_mode, display_order)
values ('khmt-2024-csc13101', 'khmt-2024', 'CSC13101', 'khmt-2024-major-core', 'major-core', 'elective', 5, null, true, true, 'numeric', 71)
on conflict (id) do update set
  program_id = excluded.program_id,
  catalog_course_id = excluded.catalog_course_id,
  group_id = excluded.group_id,
  category = excluded.category,
  kind = excluded.kind,
  suggested_term = excluded.suggested_term,
  notes = excluded.notes,
  counts_toward_gpa = excluded.counts_toward_gpa,
  counts_toward_progress = excluded.counts_toward_progress,
  grading_mode = excluded.grading_mode,
  display_order = excluded.display_order;

insert into public.courses (id, program_id, group_id, category, code, title, credits, lecture_hours, practice_hours, lab_hours, kind, suggested_term, notes, counts_toward_gpa, counts_toward_progress, grading_mode)
values ('khmt-2024-csc13101', 'khmt-2024', 'khmt-2024-major-core', 'major-core', 'CSC13101', 'Các chủ đề nâng cao trong Công nghệ phần mềm', 4, 45, 30, 0, 'elective', 5, null, true, true, 'numeric')
on conflict (id) do update set
  group_id = excluded.group_id,
  category = excluded.category,
  code = excluded.code,
  title = excluded.title,
  credits = excluded.credits,
  lecture_hours = excluded.lecture_hours,
  practice_hours = excluded.practice_hours,
  lab_hours = excluded.lab_hours,
  kind = excluded.kind,
  suggested_term = excluded.suggested_term,
  notes = excluded.notes,
  counts_toward_gpa = excluded.counts_toward_gpa,
  counts_toward_progress = excluded.counts_toward_progress,
  grading_mode = excluded.grading_mode;

insert into public.program_courses (id, program_id, catalog_course_id, group_id, category, kind, suggested_term, notes, counts_toward_gpa, counts_toward_progress, grading_mode, display_order)
values ('khmt-2024-csc13102', 'khmt-2024', 'CSC13102', 'khmt-2024-major-core', 'major-core', 'elective', 5, null, true, true, 'numeric', 72)
on conflict (id) do update set
  program_id = excluded.program_id,
  catalog_course_id = excluded.catalog_course_id,
  group_id = excluded.group_id,
  category = excluded.category,
  kind = excluded.kind,
  suggested_term = excluded.suggested_term,
  notes = excluded.notes,
  counts_toward_gpa = excluded.counts_toward_gpa,
  counts_toward_progress = excluded.counts_toward_progress,
  grading_mode = excluded.grading_mode,
  display_order = excluded.display_order;

insert into public.courses (id, program_id, group_id, category, code, title, credits, lecture_hours, practice_hours, lab_hours, kind, suggested_term, notes, counts_toward_gpa, counts_toward_progress, grading_mode)
values ('khmt-2024-csc13102', 'khmt-2024', 'khmt-2024-major-core', 'major-core', 'CSC13102', 'Lập trình ứng dụng Java', 4, 45, 30, 0, 'elective', 5, null, true, true, 'numeric')
on conflict (id) do update set
  group_id = excluded.group_id,
  category = excluded.category,
  code = excluded.code,
  title = excluded.title,
  credits = excluded.credits,
  lecture_hours = excluded.lecture_hours,
  practice_hours = excluded.practice_hours,
  lab_hours = excluded.lab_hours,
  kind = excluded.kind,
  suggested_term = excluded.suggested_term,
  notes = excluded.notes,
  counts_toward_gpa = excluded.counts_toward_gpa,
  counts_toward_progress = excluded.counts_toward_progress,
  grading_mode = excluded.grading_mode;

insert into public.program_courses (id, program_id, catalog_course_id, group_id, category, kind, suggested_term, notes, counts_toward_gpa, counts_toward_progress, grading_mode, display_order)
values ('khmt-2024-csc13103', 'khmt-2024', 'CSC13103', 'khmt-2024-major-core', 'major-core', 'elective', 5, null, true, true, 'numeric', 73)
on conflict (id) do update set
  program_id = excluded.program_id,
  catalog_course_id = excluded.catalog_course_id,
  group_id = excluded.group_id,
  category = excluded.category,
  kind = excluded.kind,
  suggested_term = excluded.suggested_term,
  notes = excluded.notes,
  counts_toward_gpa = excluded.counts_toward_gpa,
  counts_toward_progress = excluded.counts_toward_progress,
  grading_mode = excluded.grading_mode,
  display_order = excluded.display_order;

insert into public.courses (id, program_id, group_id, category, code, title, credits, lecture_hours, practice_hours, lab_hours, kind, suggested_term, notes, counts_toward_gpa, counts_toward_progress, grading_mode)
values ('khmt-2024-csc13103', 'khmt-2024', 'khmt-2024-major-core', 'major-core', 'CSC13103', 'Nhập môn hệ thống phân tán', 4, 45, 30, 0, 'elective', 5, null, true, true, 'numeric')
on conflict (id) do update set
  group_id = excluded.group_id,
  category = excluded.category,
  code = excluded.code,
  title = excluded.title,
  credits = excluded.credits,
  lecture_hours = excluded.lecture_hours,
  practice_hours = excluded.practice_hours,
  lab_hours = excluded.lab_hours,
  kind = excluded.kind,
  suggested_term = excluded.suggested_term,
  notes = excluded.notes,
  counts_toward_gpa = excluded.counts_toward_gpa,
  counts_toward_progress = excluded.counts_toward_progress,
  grading_mode = excluded.grading_mode;

insert into public.program_courses (id, program_id, catalog_course_id, group_id, category, kind, suggested_term, notes, counts_toward_gpa, counts_toward_progress, grading_mode, display_order)
values ('khmt-2024-csc13106', 'khmt-2024', 'CSC13106', 'khmt-2024-major-core', 'major-core', 'elective', 5, null, true, true, 'numeric', 74)
on conflict (id) do update set
  program_id = excluded.program_id,
  catalog_course_id = excluded.catalog_course_id,
  group_id = excluded.group_id,
  category = excluded.category,
  kind = excluded.kind,
  suggested_term = excluded.suggested_term,
  notes = excluded.notes,
  counts_toward_gpa = excluded.counts_toward_gpa,
  counts_toward_progress = excluded.counts_toward_progress,
  grading_mode = excluded.grading_mode,
  display_order = excluded.display_order;

insert into public.courses (id, program_id, group_id, category, code, title, credits, lecture_hours, practice_hours, lab_hours, kind, suggested_term, notes, counts_toward_gpa, counts_toward_progress, grading_mode)
values ('khmt-2024-csc13106', 'khmt-2024', 'khmt-2024-major-core', 'major-core', 'CSC13106', 'Kiến trúc phần mềm', 4, 45, 30, 0, 'elective', 5, null, true, true, 'numeric')
on conflict (id) do update set
  group_id = excluded.group_id,
  category = excluded.category,
  code = excluded.code,
  title = excluded.title,
  credits = excluded.credits,
  lecture_hours = excluded.lecture_hours,
  practice_hours = excluded.practice_hours,
  lab_hours = excluded.lab_hours,
  kind = excluded.kind,
  suggested_term = excluded.suggested_term,
  notes = excluded.notes,
  counts_toward_gpa = excluded.counts_toward_gpa,
  counts_toward_progress = excluded.counts_toward_progress,
  grading_mode = excluded.grading_mode;

insert into public.program_courses (id, program_id, catalog_course_id, group_id, category, kind, suggested_term, notes, counts_toward_gpa, counts_toward_progress, grading_mode, display_order)
values ('khmt-2024-csc13107', 'khmt-2024', 'CSC13107', 'khmt-2024-major-core', 'major-core', 'elective', 5, null, true, true, 'numeric', 75)
on conflict (id) do update set
  program_id = excluded.program_id,
  catalog_course_id = excluded.catalog_course_id,
  group_id = excluded.group_id,
  category = excluded.category,
  kind = excluded.kind,
  suggested_term = excluded.suggested_term,
  notes = excluded.notes,
  counts_toward_gpa = excluded.counts_toward_gpa,
  counts_toward_progress = excluded.counts_toward_progress,
  grading_mode = excluded.grading_mode,
  display_order = excluded.display_order;

insert into public.courses (id, program_id, group_id, category, code, title, credits, lecture_hours, practice_hours, lab_hours, kind, suggested_term, notes, counts_toward_gpa, counts_toward_progress, grading_mode)
values ('khmt-2024-csc13107', 'khmt-2024', 'khmt-2024-major-core', 'major-core', 'CSC13107', 'Mẫu thiết kế hướng đối tượng và ứng dụng', 4, 45, 30, 0, 'elective', 5, null, true, true, 'numeric')
on conflict (id) do update set
  group_id = excluded.group_id,
  category = excluded.category,
  code = excluded.code,
  title = excluded.title,
  credits = excluded.credits,
  lecture_hours = excluded.lecture_hours,
  practice_hours = excluded.practice_hours,
  lab_hours = excluded.lab_hours,
  kind = excluded.kind,
  suggested_term = excluded.suggested_term,
  notes = excluded.notes,
  counts_toward_gpa = excluded.counts_toward_gpa,
  counts_toward_progress = excluded.counts_toward_progress,
  grading_mode = excluded.grading_mode;

insert into public.program_courses (id, program_id, catalog_course_id, group_id, category, kind, suggested_term, notes, counts_toward_gpa, counts_toward_progress, grading_mode, display_order)
values ('khmt-2024-csc13112', 'khmt-2024', 'CSC13112', 'khmt-2024-major-core', 'major-core', 'elective', 5, null, true, true, 'numeric', 76)
on conflict (id) do update set
  program_id = excluded.program_id,
  catalog_course_id = excluded.catalog_course_id,
  group_id = excluded.group_id,
  category = excluded.category,
  kind = excluded.kind,
  suggested_term = excluded.suggested_term,
  notes = excluded.notes,
  counts_toward_gpa = excluded.counts_toward_gpa,
  counts_toward_progress = excluded.counts_toward_progress,
  grading_mode = excluded.grading_mode,
  display_order = excluded.display_order;

insert into public.courses (id, program_id, group_id, category, code, title, credits, lecture_hours, practice_hours, lab_hours, kind, suggested_term, notes, counts_toward_gpa, counts_toward_progress, grading_mode)
values ('khmt-2024-csc13112', 'khmt-2024', 'khmt-2024-major-core', 'major-core', 'CSC13112', 'Thiết kế giao diện', 4, 45, 30, 0, 'elective', 5, null, true, true, 'numeric')
on conflict (id) do update set
  group_id = excluded.group_id,
  category = excluded.category,
  code = excluded.code,
  title = excluded.title,
  credits = excluded.credits,
  lecture_hours = excluded.lecture_hours,
  practice_hours = excluded.practice_hours,
  lab_hours = excluded.lab_hours,
  kind = excluded.kind,
  suggested_term = excluded.suggested_term,
  notes = excluded.notes,
  counts_toward_gpa = excluded.counts_toward_gpa,
  counts_toward_progress = excluded.counts_toward_progress,
  grading_mode = excluded.grading_mode;

insert into public.program_courses (id, program_id, catalog_course_id, group_id, category, kind, suggested_term, notes, counts_toward_gpa, counts_toward_progress, grading_mode, display_order)
values ('khmt-2024-csc13117', 'khmt-2024', 'CSC13117', 'khmt-2024-major-core', 'major-core', 'elective', 5, null, true, true, 'numeric', 77)
on conflict (id) do update set
  program_id = excluded.program_id,
  catalog_course_id = excluded.catalog_course_id,
  group_id = excluded.group_id,
  category = excluded.category,
  kind = excluded.kind,
  suggested_term = excluded.suggested_term,
  notes = excluded.notes,
  counts_toward_gpa = excluded.counts_toward_gpa,
  counts_toward_progress = excluded.counts_toward_progress,
  grading_mode = excluded.grading_mode,
  display_order = excluded.display_order;

insert into public.courses (id, program_id, group_id, category, code, title, credits, lecture_hours, practice_hours, lab_hours, kind, suggested_term, notes, counts_toward_gpa, counts_toward_progress, grading_mode)
values ('khmt-2024-csc13117', 'khmt-2024', 'khmt-2024-major-core', 'major-core', 'CSC13117', 'Phát triển game nâng cao', 4, 45, 30, 0, 'elective', 5, null, true, true, 'numeric')
on conflict (id) do update set
  group_id = excluded.group_id,
  category = excluded.category,
  code = excluded.code,
  title = excluded.title,
  credits = excluded.credits,
  lecture_hours = excluded.lecture_hours,
  practice_hours = excluded.practice_hours,
  lab_hours = excluded.lab_hours,
  kind = excluded.kind,
  suggested_term = excluded.suggested_term,
  notes = excluded.notes,
  counts_toward_gpa = excluded.counts_toward_gpa,
  counts_toward_progress = excluded.counts_toward_progress,
  grading_mode = excluded.grading_mode;

insert into public.program_courses (id, program_id, catalog_course_id, group_id, category, kind, suggested_term, notes, counts_toward_gpa, counts_toward_progress, grading_mode, display_order)
values ('khmt-2024-csc14001', 'khmt-2024', 'CSC14001', 'khmt-2024-major-core', 'major-core', 'elective', 5, null, true, true, 'numeric', 78)
on conflict (id) do update set
  program_id = excluded.program_id,
  catalog_course_id = excluded.catalog_course_id,
  group_id = excluded.group_id,
  category = excluded.category,
  kind = excluded.kind,
  suggested_term = excluded.suggested_term,
  notes = excluded.notes,
  counts_toward_gpa = excluded.counts_toward_gpa,
  counts_toward_progress = excluded.counts_toward_progress,
  grading_mode = excluded.grading_mode,
  display_order = excluded.display_order;

insert into public.courses (id, program_id, group_id, category, code, title, credits, lecture_hours, practice_hours, lab_hours, kind, suggested_term, notes, counts_toward_gpa, counts_toward_progress, grading_mode)
values ('khmt-2024-csc14001', 'khmt-2024', 'khmt-2024-major-core', 'major-core', 'CSC14001', 'Automata và ngôn ngữ hình thức', 4, 45, 30, 0, 'elective', 5, null, true, true, 'numeric')
on conflict (id) do update set
  group_id = excluded.group_id,
  category = excluded.category,
  code = excluded.code,
  title = excluded.title,
  credits = excluded.credits,
  lecture_hours = excluded.lecture_hours,
  practice_hours = excluded.practice_hours,
  lab_hours = excluded.lab_hours,
  kind = excluded.kind,
  suggested_term = excluded.suggested_term,
  notes = excluded.notes,
  counts_toward_gpa = excluded.counts_toward_gpa,
  counts_toward_progress = excluded.counts_toward_progress,
  grading_mode = excluded.grading_mode;

insert into public.program_courses (id, program_id, catalog_course_id, group_id, category, kind, suggested_term, notes, counts_toward_gpa, counts_toward_progress, grading_mode, display_order)
values ('khmt-2024-csc14003', 'khmt-2024', 'CSC14003', 'khmt-2024-major-core', 'major-core', 'required', 5, null, true, true, 'numeric', 79)
on conflict (id) do update set
  program_id = excluded.program_id,
  catalog_course_id = excluded.catalog_course_id,
  group_id = excluded.group_id,
  category = excluded.category,
  kind = excluded.kind,
  suggested_term = excluded.suggested_term,
  notes = excluded.notes,
  counts_toward_gpa = excluded.counts_toward_gpa,
  counts_toward_progress = excluded.counts_toward_progress,
  grading_mode = excluded.grading_mode,
  display_order = excluded.display_order;

insert into public.courses (id, program_id, group_id, category, code, title, credits, lecture_hours, practice_hours, lab_hours, kind, suggested_term, notes, counts_toward_gpa, counts_toward_progress, grading_mode)
values ('khmt-2024-csc14003', 'khmt-2024', 'khmt-2024-major-core', 'major-core', 'CSC14003', 'Cơ sở trí tuệ nhân tạo', 4, 4, 3, 0, 'required', 5, null, true, true, 'numeric')
on conflict (id) do update set
  group_id = excluded.group_id,
  category = excluded.category,
  code = excluded.code,
  title = excluded.title,
  credits = excluded.credits,
  lecture_hours = excluded.lecture_hours,
  practice_hours = excluded.practice_hours,
  lab_hours = excluded.lab_hours,
  kind = excluded.kind,
  suggested_term = excluded.suggested_term,
  notes = excluded.notes,
  counts_toward_gpa = excluded.counts_toward_gpa,
  counts_toward_progress = excluded.counts_toward_progress,
  grading_mode = excluded.grading_mode;

insert into public.program_courses (id, program_id, catalog_course_id, group_id, category, kind, suggested_term, notes, counts_toward_gpa, counts_toward_progress, grading_mode, display_order)
values ('khmt-2024-csc14006', 'khmt-2024', 'CSC14006', 'khmt-2024-major-core', 'major-core', 'required', 5, null, true, true, 'numeric', 80)
on conflict (id) do update set
  program_id = excluded.program_id,
  catalog_course_id = excluded.catalog_course_id,
  group_id = excluded.group_id,
  category = excluded.category,
  kind = excluded.kind,
  suggested_term = excluded.suggested_term,
  notes = excluded.notes,
  counts_toward_gpa = excluded.counts_toward_gpa,
  counts_toward_progress = excluded.counts_toward_progress,
  grading_mode = excluded.grading_mode,
  display_order = excluded.display_order;

insert into public.courses (id, program_id, group_id, category, code, title, credits, lecture_hours, practice_hours, lab_hours, kind, suggested_term, notes, counts_toward_gpa, counts_toward_progress, grading_mode)
values ('khmt-2024-csc14006', 'khmt-2024', 'khmt-2024-major-core', 'major-core', 'CSC14006', 'Nhận dạng', 4, 0, 9, 0, 'required', 5, null, true, true, 'numeric')
on conflict (id) do update set
  group_id = excluded.group_id,
  category = excluded.category,
  code = excluded.code,
  title = excluded.title,
  credits = excluded.credits,
  lecture_hours = excluded.lecture_hours,
  practice_hours = excluded.practice_hours,
  lab_hours = excluded.lab_hours,
  kind = excluded.kind,
  suggested_term = excluded.suggested_term,
  notes = excluded.notes,
  counts_toward_gpa = excluded.counts_toward_gpa,
  counts_toward_progress = excluded.counts_toward_progress,
  grading_mode = excluded.grading_mode;

insert into public.program_courses (id, program_id, catalog_course_id, group_id, category, kind, suggested_term, notes, counts_toward_gpa, counts_toward_progress, grading_mode, display_order)
values ('khmt-2024-csc14007', 'khmt-2024', 'CSC14007', 'khmt-2024-major-core', 'major-core', 'elective', 5, null, true, true, 'numeric', 81)
on conflict (id) do update set
  program_id = excluded.program_id,
  catalog_course_id = excluded.catalog_course_id,
  group_id = excluded.group_id,
  category = excluded.category,
  kind = excluded.kind,
  suggested_term = excluded.suggested_term,
  notes = excluded.notes,
  counts_toward_gpa = excluded.counts_toward_gpa,
  counts_toward_progress = excluded.counts_toward_progress,
  grading_mode = excluded.grading_mode,
  display_order = excluded.display_order;

insert into public.courses (id, program_id, group_id, category, code, title, credits, lecture_hours, practice_hours, lab_hours, kind, suggested_term, notes, counts_toward_gpa, counts_toward_progress, grading_mode)
values ('khmt-2024-csc14007', 'khmt-2024', 'khmt-2024-major-core', 'major-core', 'CSC14007', 'Nhập môn phân tích độ phức tạp thuật toán', 4, 45, 30, 0, 'elective', 5, null, true, true, 'numeric')
on conflict (id) do update set
  group_id = excluded.group_id,
  category = excluded.category,
  code = excluded.code,
  title = excluded.title,
  credits = excluded.credits,
  lecture_hours = excluded.lecture_hours,
  practice_hours = excluded.practice_hours,
  lab_hours = excluded.lab_hours,
  kind = excluded.kind,
  suggested_term = excluded.suggested_term,
  notes = excluded.notes,
  counts_toward_gpa = excluded.counts_toward_gpa,
  counts_toward_progress = excluded.counts_toward_progress,
  grading_mode = excluded.grading_mode;

insert into public.program_courses (id, program_id, catalog_course_id, group_id, category, kind, suggested_term, notes, counts_toward_gpa, counts_toward_progress, grading_mode, display_order)
values ('khmt-2024-csc14008', 'khmt-2024', 'CSC14008', 'khmt-2024-major-core', 'major-core', 'required', 5, null, true, true, 'numeric', 82)
on conflict (id) do update set
  program_id = excluded.program_id,
  catalog_course_id = excluded.catalog_course_id,
  group_id = excluded.group_id,
  category = excluded.category,
  kind = excluded.kind,
  suggested_term = excluded.suggested_term,
  notes = excluded.notes,
  counts_toward_gpa = excluded.counts_toward_gpa,
  counts_toward_progress = excluded.counts_toward_progress,
  grading_mode = excluded.grading_mode,
  display_order = excluded.display_order;

insert into public.courses (id, program_id, group_id, category, code, title, credits, lecture_hours, practice_hours, lab_hours, kind, suggested_term, notes, counts_toward_gpa, counts_toward_progress, grading_mode)
values ('khmt-2024-csc14008', 'khmt-2024', 'khmt-2024-major-core', 'major-core', 'CSC14008', 'Phương pháp nghiên cứu khoa học', 4, 4, 8, 0, 'required', 5, null, true, true, 'numeric')
on conflict (id) do update set
  group_id = excluded.group_id,
  category = excluded.category,
  code = excluded.code,
  title = excluded.title,
  credits = excluded.credits,
  lecture_hours = excluded.lecture_hours,
  practice_hours = excluded.practice_hours,
  lab_hours = excluded.lab_hours,
  kind = excluded.kind,
  suggested_term = excluded.suggested_term,
  notes = excluded.notes,
  counts_toward_gpa = excluded.counts_toward_gpa,
  counts_toward_progress = excluded.counts_toward_progress,
  grading_mode = excluded.grading_mode;

insert into public.program_courses (id, program_id, catalog_course_id, group_id, category, kind, suggested_term, notes, counts_toward_gpa, counts_toward_progress, grading_mode, display_order)
values ('khmt-2024-csc14101', 'khmt-2024', 'CSC14101', 'khmt-2024-major-core', 'major-core', 'elective', 5, null, true, true, 'numeric', 83)
on conflict (id) do update set
  program_id = excluded.program_id,
  catalog_course_id = excluded.catalog_course_id,
  group_id = excluded.group_id,
  category = excluded.category,
  kind = excluded.kind,
  suggested_term = excluded.suggested_term,
  notes = excluded.notes,
  counts_toward_gpa = excluded.counts_toward_gpa,
  counts_toward_progress = excluded.counts_toward_progress,
  grading_mode = excluded.grading_mode,
  display_order = excluded.display_order;

insert into public.courses (id, program_id, group_id, category, code, title, credits, lecture_hours, practice_hours, lab_hours, kind, suggested_term, notes, counts_toward_gpa, counts_toward_progress, grading_mode)
values ('khmt-2024-csc14101', 'khmt-2024', 'khmt-2024-major-core', 'major-core', 'CSC14101', 'Ẩn dữ liệu và chia sẻ thông tin', 4, 45, 30, 0, 'elective', 5, null, true, true, 'numeric')
on conflict (id) do update set
  group_id = excluded.group_id,
  category = excluded.category,
  code = excluded.code,
  title = excluded.title,
  credits = excluded.credits,
  lecture_hours = excluded.lecture_hours,
  practice_hours = excluded.practice_hours,
  lab_hours = excluded.lab_hours,
  kind = excluded.kind,
  suggested_term = excluded.suggested_term,
  notes = excluded.notes,
  counts_toward_gpa = excluded.counts_toward_gpa,
  counts_toward_progress = excluded.counts_toward_progress,
  grading_mode = excluded.grading_mode;

insert into public.program_courses (id, program_id, catalog_course_id, group_id, category, kind, suggested_term, notes, counts_toward_gpa, counts_toward_progress, grading_mode, display_order)
values ('khmt-2024-csc14105', 'khmt-2024', 'CSC14105', 'khmt-2024-major-core', 'major-core', 'elective', 5, null, true, true, 'numeric', 84)
on conflict (id) do update set
  program_id = excluded.program_id,
  catalog_course_id = excluded.catalog_course_id,
  group_id = excluded.group_id,
  category = excluded.category,
  kind = excluded.kind,
  suggested_term = excluded.suggested_term,
  notes = excluded.notes,
  counts_toward_gpa = excluded.counts_toward_gpa,
  counts_toward_progress = excluded.counts_toward_progress,
  grading_mode = excluded.grading_mode,
  display_order = excluded.display_order;

insert into public.courses (id, program_id, group_id, category, code, title, credits, lecture_hours, practice_hours, lab_hours, kind, suggested_term, notes, counts_toward_gpa, counts_toward_progress, grading_mode)
values ('khmt-2024-csc14105', 'khmt-2024', 'khmt-2024-major-core', 'major-core', 'CSC14105', 'Khoa học về web', 4, 45, 30, 0, 'elective', 5, null, true, true, 'numeric')
on conflict (id) do update set
  group_id = excluded.group_id,
  category = excluded.category,
  code = excluded.code,
  title = excluded.title,
  credits = excluded.credits,
  lecture_hours = excluded.lecture_hours,
  practice_hours = excluded.practice_hours,
  lab_hours = excluded.lab_hours,
  kind = excluded.kind,
  suggested_term = excluded.suggested_term,
  notes = excluded.notes,
  counts_toward_gpa = excluded.counts_toward_gpa,
  counts_toward_progress = excluded.counts_toward_progress,
  grading_mode = excluded.grading_mode;

insert into public.program_courses (id, program_id, catalog_course_id, group_id, category, kind, suggested_term, notes, counts_toward_gpa, counts_toward_progress, grading_mode, display_order)
values ('khmt-2024-csc14111', 'khmt-2024', 'CSC14111', 'khmt-2024-major-core', 'major-core', 'elective', 5, null, true, true, 'numeric', 85)
on conflict (id) do update set
  program_id = excluded.program_id,
  catalog_course_id = excluded.catalog_course_id,
  group_id = excluded.group_id,
  category = excluded.category,
  kind = excluded.kind,
  suggested_term = excluded.suggested_term,
  notes = excluded.notes,
  counts_toward_gpa = excluded.counts_toward_gpa,
  counts_toward_progress = excluded.counts_toward_progress,
  grading_mode = excluded.grading_mode,
  display_order = excluded.display_order;

insert into public.courses (id, program_id, group_id, category, code, title, credits, lecture_hours, practice_hours, lab_hours, kind, suggested_term, notes, counts_toward_gpa, counts_toward_progress, grading_mode)
values ('khmt-2024-csc14111', 'khmt-2024', 'khmt-2024-major-core', 'major-core', 'CSC14111', 'Nhập môn thiết kế và phân tích giải thuật', 4, 45, 30, 0, 'elective', 5, null, true, true, 'numeric')
on conflict (id) do update set
  group_id = excluded.group_id,
  category = excluded.category,
  code = excluded.code,
  title = excluded.title,
  credits = excluded.credits,
  lecture_hours = excluded.lecture_hours,
  practice_hours = excluded.practice_hours,
  lab_hours = excluded.lab_hours,
  kind = excluded.kind,
  suggested_term = excluded.suggested_term,
  notes = excluded.notes,
  counts_toward_gpa = excluded.counts_toward_gpa,
  counts_toward_progress = excluded.counts_toward_progress,
  grading_mode = excluded.grading_mode;

insert into public.program_courses (id, program_id, catalog_course_id, group_id, category, kind, suggested_term, notes, counts_toward_gpa, counts_toward_progress, grading_mode, display_order)
values ('khmt-2024-csc14114', 'khmt-2024', 'CSC14114', 'khmt-2024-major-core', 'major-core', 'elective', 5, null, true, true, 'numeric', 86)
on conflict (id) do update set
  program_id = excluded.program_id,
  catalog_course_id = excluded.catalog_course_id,
  group_id = excluded.group_id,
  category = excluded.category,
  kind = excluded.kind,
  suggested_term = excluded.suggested_term,
  notes = excluded.notes,
  counts_toward_gpa = excluded.counts_toward_gpa,
  counts_toward_progress = excluded.counts_toward_progress,
  grading_mode = excluded.grading_mode,
  display_order = excluded.display_order;

insert into public.courses (id, program_id, group_id, category, code, title, credits, lecture_hours, practice_hours, lab_hours, kind, suggested_term, notes, counts_toward_gpa, counts_toward_progress, grading_mode)
values ('khmt-2024-csc14114', 'khmt-2024', 'khmt-2024-major-core', 'major-core', 'CSC14114', 'Ứng dụng dữ liệu lớn', 4, 45, 30, 0, 'elective', 5, null, true, true, 'numeric')
on conflict (id) do update set
  group_id = excluded.group_id,
  category = excluded.category,
  code = excluded.code,
  title = excluded.title,
  credits = excluded.credits,
  lecture_hours = excluded.lecture_hours,
  practice_hours = excluded.practice_hours,
  lab_hours = excluded.lab_hours,
  kind = excluded.kind,
  suggested_term = excluded.suggested_term,
  notes = excluded.notes,
  counts_toward_gpa = excluded.counts_toward_gpa,
  counts_toward_progress = excluded.counts_toward_progress,
  grading_mode = excluded.grading_mode;

insert into public.program_courses (id, program_id, catalog_course_id, group_id, category, kind, suggested_term, notes, counts_toward_gpa, counts_toward_progress, grading_mode, display_order)
values ('khmt-2024-csc14115', 'khmt-2024', 'CSC14115', 'khmt-2024-major-core', 'major-core', 'elective', 5, null, true, true, 'numeric', 87)
on conflict (id) do update set
  program_id = excluded.program_id,
  catalog_course_id = excluded.catalog_course_id,
  group_id = excluded.group_id,
  category = excluded.category,
  kind = excluded.kind,
  suggested_term = excluded.suggested_term,
  notes = excluded.notes,
  counts_toward_gpa = excluded.counts_toward_gpa,
  counts_toward_progress = excluded.counts_toward_progress,
  grading_mode = excluded.grading_mode,
  display_order = excluded.display_order;

insert into public.courses (id, program_id, group_id, category, code, title, credits, lecture_hours, practice_hours, lab_hours, kind, suggested_term, notes, counts_toward_gpa, counts_toward_progress, grading_mode)
values ('khmt-2024-csc14115', 'khmt-2024', 'khmt-2024-major-core', 'major-core', 'CSC14115', 'Khoa học dữ liệu ứng dụng', 4, 45, 30, 0, 'elective', 5, null, true, true, 'numeric')
on conflict (id) do update set
  group_id = excluded.group_id,
  category = excluded.category,
  code = excluded.code,
  title = excluded.title,
  credits = excluded.credits,
  lecture_hours = excluded.lecture_hours,
  practice_hours = excluded.practice_hours,
  lab_hours = excluded.lab_hours,
  kind = excluded.kind,
  suggested_term = excluded.suggested_term,
  notes = excluded.notes,
  counts_toward_gpa = excluded.counts_toward_gpa,
  counts_toward_progress = excluded.counts_toward_progress,
  grading_mode = excluded.grading_mode;

insert into public.program_courses (id, program_id, catalog_course_id, group_id, category, kind, suggested_term, notes, counts_toward_gpa, counts_toward_progress, grading_mode, display_order)
values ('khmt-2024-csc14116', 'khmt-2024', 'CSC14116', 'khmt-2024-major-core', 'major-core', 'elective', 5, null, true, true, 'numeric', 88)
on conflict (id) do update set
  program_id = excluded.program_id,
  catalog_course_id = excluded.catalog_course_id,
  group_id = excluded.group_id,
  category = excluded.category,
  kind = excluded.kind,
  suggested_term = excluded.suggested_term,
  notes = excluded.notes,
  counts_toward_gpa = excluded.counts_toward_gpa,
  counts_toward_progress = excluded.counts_toward_progress,
  grading_mode = excluded.grading_mode,
  display_order = excluded.display_order;

insert into public.courses (id, program_id, group_id, category, code, title, credits, lecture_hours, practice_hours, lab_hours, kind, suggested_term, notes, counts_toward_gpa, counts_toward_progress, grading_mode)
values ('khmt-2024-csc14116', 'khmt-2024', 'khmt-2024-major-core', 'major-core', 'CSC14116', 'Lập trình song song ứng dụng', 4, 45, 30, 0, 'elective', 5, null, true, true, 'numeric')
on conflict (id) do update set
  group_id = excluded.group_id,
  category = excluded.category,
  code = excluded.code,
  title = excluded.title,
  credits = excluded.credits,
  lecture_hours = excluded.lecture_hours,
  practice_hours = excluded.practice_hours,
  lab_hours = excluded.lab_hours,
  kind = excluded.kind,
  suggested_term = excluded.suggested_term,
  notes = excluded.notes,
  counts_toward_gpa = excluded.counts_toward_gpa,
  counts_toward_progress = excluded.counts_toward_progress,
  grading_mode = excluded.grading_mode;

insert into public.program_courses (id, program_id, catalog_course_id, group_id, category, kind, suggested_term, notes, counts_toward_gpa, counts_toward_progress, grading_mode, display_order)
values ('khmt-2024-csc14118', 'khmt-2024', 'CSC14118', 'khmt-2024-major-core', 'major-core', 'required', 5, null, true, true, 'numeric', 89)
on conflict (id) do update set
  program_id = excluded.program_id,
  catalog_course_id = excluded.catalog_course_id,
  group_id = excluded.group_id,
  category = excluded.category,
  kind = excluded.kind,
  suggested_term = excluded.suggested_term,
  notes = excluded.notes,
  counts_toward_gpa = excluded.counts_toward_gpa,
  counts_toward_progress = excluded.counts_toward_progress,
  grading_mode = excluded.grading_mode,
  display_order = excluded.display_order;

insert into public.courses (id, program_id, group_id, category, code, title, credits, lecture_hours, practice_hours, lab_hours, kind, suggested_term, notes, counts_toward_gpa, counts_toward_progress, grading_mode)
values ('khmt-2024-csc14118', 'khmt-2024', 'khmt-2024-major-core', 'major-core', 'CSC14118', 'Nhập môn dữ liệu lớn', 4, 4, 9, 0, 'required', 5, null, true, true, 'numeric')
on conflict (id) do update set
  group_id = excluded.group_id,
  category = excluded.category,
  code = excluded.code,
  title = excluded.title,
  credits = excluded.credits,
  lecture_hours = excluded.lecture_hours,
  practice_hours = excluded.practice_hours,
  lab_hours = excluded.lab_hours,
  kind = excluded.kind,
  suggested_term = excluded.suggested_term,
  notes = excluded.notes,
  counts_toward_gpa = excluded.counts_toward_gpa,
  counts_toward_progress = excluded.counts_toward_progress,
  grading_mode = excluded.grading_mode;

insert into public.program_courses (id, program_id, catalog_course_id, group_id, category, kind, suggested_term, notes, counts_toward_gpa, counts_toward_progress, grading_mode, display_order)
values ('khmt-2024-csc15003', 'khmt-2024', 'CSC15003', 'khmt-2024-major-core', 'major-core', 'elective', 5, null, true, true, 'numeric', 90)
on conflict (id) do update set
  program_id = excluded.program_id,
  catalog_course_id = excluded.catalog_course_id,
  group_id = excluded.group_id,
  category = excluded.category,
  kind = excluded.kind,
  suggested_term = excluded.suggested_term,
  notes = excluded.notes,
  counts_toward_gpa = excluded.counts_toward_gpa,
  counts_toward_progress = excluded.counts_toward_progress,
  grading_mode = excluded.grading_mode,
  display_order = excluded.display_order;

insert into public.courses (id, program_id, group_id, category, code, title, credits, lecture_hours, practice_hours, lab_hours, kind, suggested_term, notes, counts_toward_gpa, counts_toward_progress, grading_mode)
values ('khmt-2024-csc15003', 'khmt-2024', 'khmt-2024-major-core', 'major-core', 'CSC15003', 'Mã hóa ứng dụng', 4, 45, 30, 0, 'elective', 5, null, true, true, 'numeric')
on conflict (id) do update set
  group_id = excluded.group_id,
  category = excluded.category,
  code = excluded.code,
  title = excluded.title,
  credits = excluded.credits,
  lecture_hours = excluded.lecture_hours,
  practice_hours = excluded.practice_hours,
  lab_hours = excluded.lab_hours,
  kind = excluded.kind,
  suggested_term = excluded.suggested_term,
  notes = excluded.notes,
  counts_toward_gpa = excluded.counts_toward_gpa,
  counts_toward_progress = excluded.counts_toward_progress,
  grading_mode = excluded.grading_mode;

insert into public.program_courses (id, program_id, catalog_course_id, group_id, category, kind, suggested_term, notes, counts_toward_gpa, counts_toward_progress, grading_mode, display_order)
values ('khmt-2024-csc15004', 'khmt-2024', 'CSC15004', 'khmt-2024-major-core', 'major-core', 'elective', 5, null, true, true, 'numeric', 91)
on conflict (id) do update set
  program_id = excluded.program_id,
  catalog_course_id = excluded.catalog_course_id,
  group_id = excluded.group_id,
  category = excluded.category,
  kind = excluded.kind,
  suggested_term = excluded.suggested_term,
  notes = excluded.notes,
  counts_toward_gpa = excluded.counts_toward_gpa,
  counts_toward_progress = excluded.counts_toward_progress,
  grading_mode = excluded.grading_mode,
  display_order = excluded.display_order;

insert into public.courses (id, program_id, group_id, category, code, title, credits, lecture_hours, practice_hours, lab_hours, kind, suggested_term, notes, counts_toward_gpa, counts_toward_progress, grading_mode)
values ('khmt-2024-csc15004', 'khmt-2024', 'khmt-2024-major-core', 'major-core', 'CSC15004', 'Học thống kê', 4, 45, 30, 0, 'elective', 5, null, true, true, 'numeric')
on conflict (id) do update set
  group_id = excluded.group_id,
  category = excluded.category,
  code = excluded.code,
  title = excluded.title,
  credits = excluded.credits,
  lecture_hours = excluded.lecture_hours,
  practice_hours = excluded.practice_hours,
  lab_hours = excluded.lab_hours,
  kind = excluded.kind,
  suggested_term = excluded.suggested_term,
  notes = excluded.notes,
  counts_toward_gpa = excluded.counts_toward_gpa,
  counts_toward_progress = excluded.counts_toward_progress,
  grading_mode = excluded.grading_mode;

insert into public.program_courses (id, program_id, catalog_course_id, group_id, category, kind, suggested_term, notes, counts_toward_gpa, counts_toward_progress, grading_mode, display_order)
values ('khmt-2024-csc15005', 'khmt-2024', 'CSC15005', 'khmt-2024-major-core', 'major-core', 'required', 5, null, true, true, 'numeric', 92)
on conflict (id) do update set
  program_id = excluded.program_id,
  catalog_course_id = excluded.catalog_course_id,
  group_id = excluded.group_id,
  category = excluded.category,
  kind = excluded.kind,
  suggested_term = excluded.suggested_term,
  notes = excluded.notes,
  counts_toward_gpa = excluded.counts_toward_gpa,
  counts_toward_progress = excluded.counts_toward_progress,
  grading_mode = excluded.grading_mode,
  display_order = excluded.display_order;

insert into public.courses (id, program_id, group_id, category, code, title, credits, lecture_hours, practice_hours, lab_hours, kind, suggested_term, notes, counts_toward_gpa, counts_toward_progress, grading_mode)
values ('khmt-2024-csc15005', 'khmt-2024', 'khmt-2024-major-core', 'major-core', 'CSC15005', 'Nhập môn mã hóa - mật mã', 4, 4, 10, 0, 'required', 5, null, true, true, 'numeric')
on conflict (id) do update set
  group_id = excluded.group_id,
  category = excluded.category,
  code = excluded.code,
  title = excluded.title,
  credits = excluded.credits,
  lecture_hours = excluded.lecture_hours,
  practice_hours = excluded.practice_hours,
  lab_hours = excluded.lab_hours,
  kind = excluded.kind,
  suggested_term = excluded.suggested_term,
  notes = excluded.notes,
  counts_toward_gpa = excluded.counts_toward_gpa,
  counts_toward_progress = excluded.counts_toward_progress,
  grading_mode = excluded.grading_mode;

insert into public.program_courses (id, program_id, catalog_course_id, group_id, category, kind, suggested_term, notes, counts_toward_gpa, counts_toward_progress, grading_mode, display_order)
values ('khmt-2024-csc15006', 'khmt-2024', 'CSC15006', 'khmt-2024-major-core', 'major-core', 'required', 5, null, true, true, 'numeric', 93)
on conflict (id) do update set
  program_id = excluded.program_id,
  catalog_course_id = excluded.catalog_course_id,
  group_id = excluded.group_id,
  category = excluded.category,
  kind = excluded.kind,
  suggested_term = excluded.suggested_term,
  notes = excluded.notes,
  counts_toward_gpa = excluded.counts_toward_gpa,
  counts_toward_progress = excluded.counts_toward_progress,
  grading_mode = excluded.grading_mode,
  display_order = excluded.display_order;

insert into public.courses (id, program_id, group_id, category, code, title, credits, lecture_hours, practice_hours, lab_hours, kind, suggested_term, notes, counts_toward_gpa, counts_toward_progress, grading_mode)
values ('khmt-2024-csc15006', 'khmt-2024', 'khmt-2024-major-core', 'major-core', 'CSC15006', 'Nhập môn xử lý ngôn ngữ tự nhiên', 4, 4, 11, 0, 'required', 5, null, true, true, 'numeric')
on conflict (id) do update set
  group_id = excluded.group_id,
  category = excluded.category,
  code = excluded.code,
  title = excluded.title,
  credits = excluded.credits,
  lecture_hours = excluded.lecture_hours,
  practice_hours = excluded.practice_hours,
  lab_hours = excluded.lab_hours,
  kind = excluded.kind,
  suggested_term = excluded.suggested_term,
  notes = excluded.notes,
  counts_toward_gpa = excluded.counts_toward_gpa,
  counts_toward_progress = excluded.counts_toward_progress,
  grading_mode = excluded.grading_mode;

insert into public.program_courses (id, program_id, catalog_course_id, group_id, category, kind, suggested_term, notes, counts_toward_gpa, counts_toward_progress, grading_mode, display_order)
values ('khmt-2024-csc15009', 'khmt-2024', 'CSC15009', 'khmt-2024-major-core', 'major-core', 'elective', 5, null, true, true, 'numeric', 94)
on conflict (id) do update set
  program_id = excluded.program_id,
  catalog_course_id = excluded.catalog_course_id,
  group_id = excluded.group_id,
  category = excluded.category,
  kind = excluded.kind,
  suggested_term = excluded.suggested_term,
  notes = excluded.notes,
  counts_toward_gpa = excluded.counts_toward_gpa,
  counts_toward_progress = excluded.counts_toward_progress,
  grading_mode = excluded.grading_mode,
  display_order = excluded.display_order;

insert into public.courses (id, program_id, group_id, category, code, title, credits, lecture_hours, practice_hours, lab_hours, kind, suggested_term, notes, counts_toward_gpa, counts_toward_progress, grading_mode)
values ('khmt-2024-csc15009', 'khmt-2024', 'khmt-2024-major-core', 'major-core', 'CSC15009', 'Xử lý tín hiệu số', 4, 45, 30, 0, 'elective', 5, null, true, true, 'numeric')
on conflict (id) do update set
  group_id = excluded.group_id,
  category = excluded.category,
  code = excluded.code,
  title = excluded.title,
  credits = excluded.credits,
  lecture_hours = excluded.lecture_hours,
  practice_hours = excluded.practice_hours,
  lab_hours = excluded.lab_hours,
  kind = excluded.kind,
  suggested_term = excluded.suggested_term,
  notes = excluded.notes,
  counts_toward_gpa = excluded.counts_toward_gpa,
  counts_toward_progress = excluded.counts_toward_progress,
  grading_mode = excluded.grading_mode;

insert into public.program_courses (id, program_id, catalog_course_id, group_id, category, kind, suggested_term, notes, counts_toward_gpa, counts_toward_progress, grading_mode, display_order)
values ('khmt-2024-csc15012', 'khmt-2024', 'CSC15012', 'khmt-2024-major-core', 'major-core', 'elective', 5, null, true, true, 'numeric', 95)
on conflict (id) do update set
  program_id = excluded.program_id,
  catalog_course_id = excluded.catalog_course_id,
  group_id = excluded.group_id,
  category = excluded.category,
  kind = excluded.kind,
  suggested_term = excluded.suggested_term,
  notes = excluded.notes,
  counts_toward_gpa = excluded.counts_toward_gpa,
  counts_toward_progress = excluded.counts_toward_progress,
  grading_mode = excluded.grading_mode,
  display_order = excluded.display_order;

insert into public.courses (id, program_id, group_id, category, code, title, credits, lecture_hours, practice_hours, lab_hours, kind, suggested_term, notes, counts_toward_gpa, counts_toward_progress, grading_mode)
values ('khmt-2024-csc15012', 'khmt-2024', 'khmt-2024-major-core', 'major-core', 'CSC15012', 'Ứng dụng xử lý ngôn ngữ tự nhiên trong doanh nghiệp', 4, 45, 30, 0, 'elective', 5, null, true, true, 'numeric')
on conflict (id) do update set
  group_id = excluded.group_id,
  category = excluded.category,
  code = excluded.code,
  title = excluded.title,
  credits = excluded.credits,
  lecture_hours = excluded.lecture_hours,
  practice_hours = excluded.practice_hours,
  lab_hours = excluded.lab_hours,
  kind = excluded.kind,
  suggested_term = excluded.suggested_term,
  notes = excluded.notes,
  counts_toward_gpa = excluded.counts_toward_gpa,
  counts_toward_progress = excluded.counts_toward_progress,
  grading_mode = excluded.grading_mode;

insert into public.program_courses (id, program_id, catalog_course_id, group_id, category, kind, suggested_term, notes, counts_toward_gpa, counts_toward_progress, grading_mode, display_order)
values ('khmt-2024-csc15102', 'khmt-2024', 'CSC15102', 'khmt-2024-major-core', 'major-core', 'required', 5, null, true, true, 'numeric', 96)
on conflict (id) do update set
  program_id = excluded.program_id,
  catalog_course_id = excluded.catalog_course_id,
  group_id = excluded.group_id,
  category = excluded.category,
  kind = excluded.kind,
  suggested_term = excluded.suggested_term,
  notes = excluded.notes,
  counts_toward_gpa = excluded.counts_toward_gpa,
  counts_toward_progress = excluded.counts_toward_progress,
  grading_mode = excluded.grading_mode,
  display_order = excluded.display_order;

insert into public.courses (id, program_id, group_id, category, code, title, credits, lecture_hours, practice_hours, lab_hours, kind, suggested_term, notes, counts_toward_gpa, counts_toward_progress, grading_mode)
values ('khmt-2024-csc15102', 'khmt-2024', 'khmt-2024-major-core', 'major-core', 'CSC15102', 'Phân tích mạng xã hội', 4, 30, 0, 5, 'required', 5, null, true, true, 'numeric')
on conflict (id) do update set
  group_id = excluded.group_id,
  category = excluded.category,
  code = excluded.code,
  title = excluded.title,
  credits = excluded.credits,
  lecture_hours = excluded.lecture_hours,
  practice_hours = excluded.practice_hours,
  lab_hours = excluded.lab_hours,
  kind = excluded.kind,
  suggested_term = excluded.suggested_term,
  notes = excluded.notes,
  counts_toward_gpa = excluded.counts_toward_gpa,
  counts_toward_progress = excluded.counts_toward_progress,
  grading_mode = excluded.grading_mode;

insert into public.program_courses (id, program_id, catalog_course_id, group_id, category, kind, suggested_term, notes, counts_toward_gpa, counts_toward_progress, grading_mode, display_order)
values ('khmt-2024-csc15104', 'khmt-2024', 'CSC15104', 'khmt-2024-major-core', 'major-core', 'elective', 5, null, true, true, 'numeric', 97)
on conflict (id) do update set
  program_id = excluded.program_id,
  catalog_course_id = excluded.catalog_course_id,
  group_id = excluded.group_id,
  category = excluded.category,
  kind = excluded.kind,
  suggested_term = excluded.suggested_term,
  notes = excluded.notes,
  counts_toward_gpa = excluded.counts_toward_gpa,
  counts_toward_progress = excluded.counts_toward_progress,
  grading_mode = excluded.grading_mode,
  display_order = excluded.display_order;

insert into public.courses (id, program_id, group_id, category, code, title, credits, lecture_hours, practice_hours, lab_hours, kind, suggested_term, notes, counts_toward_gpa, counts_toward_progress, grading_mode)
values ('khmt-2024-csc15104', 'khmt-2024', 'khmt-2024-major-core', 'major-core', 'CSC15104', 'An toàn và phục hồi dữ liệu', 4, 45, 30, 0, 'elective', 5, null, true, true, 'numeric')
on conflict (id) do update set
  group_id = excluded.group_id,
  category = excluded.category,
  code = excluded.code,
  title = excluded.title,
  credits = excluded.credits,
  lecture_hours = excluded.lecture_hours,
  practice_hours = excluded.practice_hours,
  lab_hours = excluded.lab_hours,
  kind = excluded.kind,
  suggested_term = excluded.suggested_term,
  notes = excluded.notes,
  counts_toward_gpa = excluded.counts_toward_gpa,
  counts_toward_progress = excluded.counts_toward_progress,
  grading_mode = excluded.grading_mode;

insert into public.program_courses (id, program_id, catalog_course_id, group_id, category, kind, suggested_term, notes, counts_toward_gpa, counts_toward_progress, grading_mode, display_order)
values ('khmt-2024-csc15105', 'khmt-2024', 'CSC15105', 'khmt-2024-major-core', 'major-core', 'required', 5, null, true, true, 'numeric', 98)
on conflict (id) do update set
  program_id = excluded.program_id,
  catalog_course_id = excluded.catalog_course_id,
  group_id = excluded.group_id,
  category = excluded.category,
  kind = excluded.kind,
  suggested_term = excluded.suggested_term,
  notes = excluded.notes,
  counts_toward_gpa = excluded.counts_toward_gpa,
  counts_toward_progress = excluded.counts_toward_progress,
  grading_mode = excluded.grading_mode,
  display_order = excluded.display_order;

insert into public.courses (id, program_id, group_id, category, code, title, credits, lecture_hours, practice_hours, lab_hours, kind, suggested_term, notes, counts_toward_gpa, counts_toward_progress, grading_mode)
values ('khmt-2024-csc15105', 'khmt-2024', 'khmt-2024-major-core', 'major-core', 'CSC15105', 'Khai thác dữ liệu văn bản và ứng dụng', 4, 4, 14, 0, 'required', 5, null, true, true, 'numeric')
on conflict (id) do update set
  group_id = excluded.group_id,
  category = excluded.category,
  code = excluded.code,
  title = excluded.title,
  credits = excluded.credits,
  lecture_hours = excluded.lecture_hours,
  practice_hours = excluded.practice_hours,
  lab_hours = excluded.lab_hours,
  kind = excluded.kind,
  suggested_term = excluded.suggested_term,
  notes = excluded.notes,
  counts_toward_gpa = excluded.counts_toward_gpa,
  counts_toward_progress = excluded.counts_toward_progress,
  grading_mode = excluded.grading_mode;

insert into public.program_courses (id, program_id, catalog_course_id, group_id, category, kind, suggested_term, notes, counts_toward_gpa, counts_toward_progress, grading_mode, display_order)
values ('khmt-2024-csc15106', 'khmt-2024', 'CSC15106', 'khmt-2024-major-core', 'major-core', 'elective', 5, null, true, true, 'numeric', 99)
on conflict (id) do update set
  program_id = excluded.program_id,
  catalog_course_id = excluded.catalog_course_id,
  group_id = excluded.group_id,
  category = excluded.category,
  kind = excluded.kind,
  suggested_term = excluded.suggested_term,
  notes = excluded.notes,
  counts_toward_gpa = excluded.counts_toward_gpa,
  counts_toward_progress = excluded.counts_toward_progress,
  grading_mode = excluded.grading_mode,
  display_order = excluded.display_order;

insert into public.courses (id, program_id, group_id, category, code, title, credits, lecture_hours, practice_hours, lab_hours, kind, suggested_term, notes, counts_toward_gpa, counts_toward_progress, grading_mode)
values ('khmt-2024-csc15106', 'khmt-2024', 'khmt-2024-major-core', 'major-core', 'CSC15106', 'Seminar công nghệ tri thức', 4, 45, 30, 0, 'elective', 5, null, true, true, 'numeric')
on conflict (id) do update set
  group_id = excluded.group_id,
  category = excluded.category,
  code = excluded.code,
  title = excluded.title,
  credits = excluded.credits,
  lecture_hours = excluded.lecture_hours,
  practice_hours = excluded.practice_hours,
  lab_hours = excluded.lab_hours,
  kind = excluded.kind,
  suggested_term = excluded.suggested_term,
  notes = excluded.notes,
  counts_toward_gpa = excluded.counts_toward_gpa,
  counts_toward_progress = excluded.counts_toward_progress,
  grading_mode = excluded.grading_mode;

insert into public.program_courses (id, program_id, catalog_course_id, group_id, category, kind, suggested_term, notes, counts_toward_gpa, counts_toward_progress, grading_mode, display_order)
values ('khmt-2024-csc15107', 'khmt-2024', 'CSC15107', 'khmt-2024-major-core', 'major-core', 'required', 5, null, true, true, 'numeric', 100)
on conflict (id) do update set
  program_id = excluded.program_id,
  catalog_course_id = excluded.catalog_course_id,
  group_id = excluded.group_id,
  category = excluded.category,
  kind = excluded.kind,
  suggested_term = excluded.suggested_term,
  notes = excluded.notes,
  counts_toward_gpa = excluded.counts_toward_gpa,
  counts_toward_progress = excluded.counts_toward_progress,
  grading_mode = excluded.grading_mode,
  display_order = excluded.display_order;

insert into public.courses (id, program_id, group_id, category, code, title, credits, lecture_hours, practice_hours, lab_hours, kind, suggested_term, notes, counts_toward_gpa, counts_toward_progress, grading_mode)
values ('khmt-2024-csc15107', 'khmt-2024', 'khmt-2024-major-core', 'major-core', 'CSC15107', 'Phân tích dữ liệu bảo toàn tính riêng tư', 4, 4, 15, 0, 'required', 5, null, true, true, 'numeric')
on conflict (id) do update set
  group_id = excluded.group_id,
  category = excluded.category,
  code = excluded.code,
  title = excluded.title,
  credits = excluded.credits,
  lecture_hours = excluded.lecture_hours,
  practice_hours = excluded.practice_hours,
  lab_hours = excluded.lab_hours,
  kind = excluded.kind,
  suggested_term = excluded.suggested_term,
  notes = excluded.notes,
  counts_toward_gpa = excluded.counts_toward_gpa,
  counts_toward_progress = excluded.counts_toward_progress,
  grading_mode = excluded.grading_mode;

insert into public.program_courses (id, program_id, catalog_course_id, group_id, category, kind, suggested_term, notes, counts_toward_gpa, counts_toward_progress, grading_mode, display_order)
values ('khmt-2024-csc15108', 'khmt-2024', 'CSC15108', 'khmt-2024-major-core', 'major-core', 'required', 5, null, true, true, 'numeric', 101)
on conflict (id) do update set
  program_id = excluded.program_id,
  catalog_course_id = excluded.catalog_course_id,
  group_id = excluded.group_id,
  category = excluded.category,
  kind = excluded.kind,
  suggested_term = excluded.suggested_term,
  notes = excluded.notes,
  counts_toward_gpa = excluded.counts_toward_gpa,
  counts_toward_progress = excluded.counts_toward_progress,
  grading_mode = excluded.grading_mode,
  display_order = excluded.display_order;

insert into public.courses (id, program_id, group_id, category, code, title, credits, lecture_hours, practice_hours, lab_hours, kind, suggested_term, notes, counts_toward_gpa, counts_toward_progress, grading_mode)
values ('khmt-2024-csc15108', 'khmt-2024', 'khmt-2024-major-core', 'major-core', 'CSC15108', 'Pháp chứng cho dữ liệu số', 4, 0, 15, 0, 'required', 5, null, true, true, 'numeric')
on conflict (id) do update set
  group_id = excluded.group_id,
  category = excluded.category,
  code = excluded.code,
  title = excluded.title,
  credits = excluded.credits,
  lecture_hours = excluded.lecture_hours,
  practice_hours = excluded.practice_hours,
  lab_hours = excluded.lab_hours,
  kind = excluded.kind,
  suggested_term = excluded.suggested_term,
  notes = excluded.notes,
  counts_toward_gpa = excluded.counts_toward_gpa,
  counts_toward_progress = excluded.counts_toward_progress,
  grading_mode = excluded.grading_mode;

insert into public.program_courses (id, program_id, catalog_course_id, group_id, category, kind, suggested_term, notes, counts_toward_gpa, counts_toward_progress, grading_mode, display_order)
values ('khmt-2024-csc15109', 'khmt-2024', 'CSC15109', 'khmt-2024-major-core', 'major-core', 'elective', 5, null, true, true, 'numeric', 102)
on conflict (id) do update set
  program_id = excluded.program_id,
  catalog_course_id = excluded.catalog_course_id,
  group_id = excluded.group_id,
  category = excluded.category,
  kind = excluded.kind,
  suggested_term = excluded.suggested_term,
  notes = excluded.notes,
  counts_toward_gpa = excluded.counts_toward_gpa,
  counts_toward_progress = excluded.counts_toward_progress,
  grading_mode = excluded.grading_mode,
  display_order = excluded.display_order;

insert into public.courses (id, program_id, group_id, category, code, title, credits, lecture_hours, practice_hours, lab_hours, kind, suggested_term, notes, counts_toward_gpa, counts_toward_progress, grading_mode)
values ('khmt-2024-csc15109', 'khmt-2024', 'khmt-2024-major-core', 'major-core', 'CSC15109', 'Nhập môn tính toán lượng tử', 4, 45, 30, 0, 'elective', 5, null, true, true, 'numeric')
on conflict (id) do update set
  group_id = excluded.group_id,
  category = excluded.category,
  code = excluded.code,
  title = excluded.title,
  credits = excluded.credits,
  lecture_hours = excluded.lecture_hours,
  practice_hours = excluded.practice_hours,
  lab_hours = excluded.lab_hours,
  kind = excluded.kind,
  suggested_term = excluded.suggested_term,
  notes = excluded.notes,
  counts_toward_gpa = excluded.counts_toward_gpa,
  counts_toward_progress = excluded.counts_toward_progress,
  grading_mode = excluded.grading_mode;

insert into public.program_courses (id, program_id, catalog_course_id, group_id, category, kind, suggested_term, notes, counts_toward_gpa, counts_toward_progress, grading_mode, display_order)
values ('khmt-2024-csc15202', 'khmt-2024', 'CSC15202', 'khmt-2024-major-core', 'major-core', 'elective', 5, null, true, true, 'numeric', 103)
on conflict (id) do update set
  program_id = excluded.program_id,
  catalog_course_id = excluded.catalog_course_id,
  group_id = excluded.group_id,
  category = excluded.category,
  kind = excluded.kind,
  suggested_term = excluded.suggested_term,
  notes = excluded.notes,
  counts_toward_gpa = excluded.counts_toward_gpa,
  counts_toward_progress = excluded.counts_toward_progress,
  grading_mode = excluded.grading_mode,
  display_order = excluded.display_order;

insert into public.courses (id, program_id, group_id, category, code, title, credits, lecture_hours, practice_hours, lab_hours, kind, suggested_term, notes, counts_toward_gpa, counts_toward_progress, grading_mode)
values ('khmt-2024-csc15202', 'khmt-2024', 'khmt-2024-major-core', 'major-core', 'CSC15202', 'Ứng dụng xử lý ngôn ngữ tự nhiên', 6, 30, 0, 120, 'elective', 5, null, true, true, 'numeric')
on conflict (id) do update set
  group_id = excluded.group_id,
  category = excluded.category,
  code = excluded.code,
  title = excluded.title,
  credits = excluded.credits,
  lecture_hours = excluded.lecture_hours,
  practice_hours = excluded.practice_hours,
  lab_hours = excluded.lab_hours,
  kind = excluded.kind,
  suggested_term = excluded.suggested_term,
  notes = excluded.notes,
  counts_toward_gpa = excluded.counts_toward_gpa,
  counts_toward_progress = excluded.counts_toward_progress,
  grading_mode = excluded.grading_mode;

insert into public.program_courses (id, program_id, catalog_course_id, group_id, category, kind, suggested_term, notes, counts_toward_gpa, counts_toward_progress, grading_mode, display_order)
values ('khmt-2024-csc16001', 'khmt-2024', 'CSC16001', 'khmt-2024-major-core', 'major-core', 'elective', 5, null, true, true, 'numeric', 104)
on conflict (id) do update set
  program_id = excluded.program_id,
  catalog_course_id = excluded.catalog_course_id,
  group_id = excluded.group_id,
  category = excluded.category,
  kind = excluded.kind,
  suggested_term = excluded.suggested_term,
  notes = excluded.notes,
  counts_toward_gpa = excluded.counts_toward_gpa,
  counts_toward_progress = excluded.counts_toward_progress,
  grading_mode = excluded.grading_mode,
  display_order = excluded.display_order;

insert into public.courses (id, program_id, group_id, category, code, title, credits, lecture_hours, practice_hours, lab_hours, kind, suggested_term, notes, counts_toward_gpa, counts_toward_progress, grading_mode)
values ('khmt-2024-csc16001', 'khmt-2024', 'khmt-2024-major-core', 'major-core', 'CSC16001', 'Đồ họa máy tính', 4, 45, 30, 0, 'elective', 5, null, true, true, 'numeric')
on conflict (id) do update set
  group_id = excluded.group_id,
  category = excluded.category,
  code = excluded.code,
  title = excluded.title,
  credits = excluded.credits,
  lecture_hours = excluded.lecture_hours,
  practice_hours = excluded.practice_hours,
  lab_hours = excluded.lab_hours,
  kind = excluded.kind,
  suggested_term = excluded.suggested_term,
  notes = excluded.notes,
  counts_toward_gpa = excluded.counts_toward_gpa,
  counts_toward_progress = excluded.counts_toward_progress,
  grading_mode = excluded.grading_mode;

insert into public.program_courses (id, program_id, catalog_course_id, group_id, category, kind, suggested_term, notes, counts_toward_gpa, counts_toward_progress, grading_mode, display_order)
values ('khmt-2024-csc16003', 'khmt-2024', 'CSC16003', 'khmt-2024-major-core', 'major-core', 'elective', 5, null, true, true, 'numeric', 105)
on conflict (id) do update set
  program_id = excluded.program_id,
  catalog_course_id = excluded.catalog_course_id,
  group_id = excluded.group_id,
  category = excluded.category,
  kind = excluded.kind,
  suggested_term = excluded.suggested_term,
  notes = excluded.notes,
  counts_toward_gpa = excluded.counts_toward_gpa,
  counts_toward_progress = excluded.counts_toward_progress,
  grading_mode = excluded.grading_mode,
  display_order = excluded.display_order;

insert into public.courses (id, program_id, group_id, category, code, title, credits, lecture_hours, practice_hours, lab_hours, kind, suggested_term, notes, counts_toward_gpa, counts_toward_progress, grading_mode)
values ('khmt-2024-csc16003', 'khmt-2024', 'khmt-2024-major-core', 'major-core', 'CSC16003', 'Phân tích thống kê dữ liệu nhiều biến', 4, 45, 30, 0, 'elective', 5, null, true, true, 'numeric')
on conflict (id) do update set
  group_id = excluded.group_id,
  category = excluded.category,
  code = excluded.code,
  title = excluded.title,
  credits = excluded.credits,
  lecture_hours = excluded.lecture_hours,
  practice_hours = excluded.practice_hours,
  lab_hours = excluded.lab_hours,
  kind = excluded.kind,
  suggested_term = excluded.suggested_term,
  notes = excluded.notes,
  counts_toward_gpa = excluded.counts_toward_gpa,
  counts_toward_progress = excluded.counts_toward_progress,
  grading_mode = excluded.grading_mode;

insert into public.program_courses (id, program_id, catalog_course_id, group_id, category, kind, suggested_term, notes, counts_toward_gpa, counts_toward_progress, grading_mode, display_order)
values ('khmt-2024-csc16004', 'khmt-2024', 'CSC16004', 'khmt-2024-major-core', 'major-core', 'elective', 5, null, true, true, 'numeric', 106)
on conflict (id) do update set
  program_id = excluded.program_id,
  catalog_course_id = excluded.catalog_course_id,
  group_id = excluded.group_id,
  category = excluded.category,
  kind = excluded.kind,
  suggested_term = excluded.suggested_term,
  notes = excluded.notes,
  counts_toward_gpa = excluded.counts_toward_gpa,
  counts_toward_progress = excluded.counts_toward_progress,
  grading_mode = excluded.grading_mode,
  display_order = excluded.display_order;

insert into public.courses (id, program_id, group_id, category, code, title, credits, lecture_hours, practice_hours, lab_hours, kind, suggested_term, notes, counts_toward_gpa, counts_toward_progress, grading_mode)
values ('khmt-2024-csc16004', 'khmt-2024', 'khmt-2024-major-core', 'major-core', 'CSC16004', 'Thị giác máy tính', 4, 0, 0, 0, 'elective', 5, null, true, true, 'numeric')
on conflict (id) do update set
  group_id = excluded.group_id,
  category = excluded.category,
  code = excluded.code,
  title = excluded.title,
  credits = excluded.credits,
  lecture_hours = excluded.lecture_hours,
  practice_hours = excluded.practice_hours,
  lab_hours = excluded.lab_hours,
  kind = excluded.kind,
  suggested_term = excluded.suggested_term,
  notes = excluded.notes,
  counts_toward_gpa = excluded.counts_toward_gpa,
  counts_toward_progress = excluded.counts_toward_progress,
  grading_mode = excluded.grading_mode;

insert into public.program_courses (id, program_id, catalog_course_id, group_id, category, kind, suggested_term, notes, counts_toward_gpa, counts_toward_progress, grading_mode, display_order)
values ('khmt-2024-csc16005', 'khmt-2024', 'CSC16005', 'khmt-2024-major-core', 'major-core', 'required', 5, null, true, true, 'numeric', 107)
on conflict (id) do update set
  program_id = excluded.program_id,
  catalog_course_id = excluded.catalog_course_id,
  group_id = excluded.group_id,
  category = excluded.category,
  kind = excluded.kind,
  suggested_term = excluded.suggested_term,
  notes = excluded.notes,
  counts_toward_gpa = excluded.counts_toward_gpa,
  counts_toward_progress = excluded.counts_toward_progress,
  grading_mode = excluded.grading_mode,
  display_order = excluded.display_order;

insert into public.courses (id, program_id, group_id, category, code, title, credits, lecture_hours, practice_hours, lab_hours, kind, suggested_term, notes, counts_toward_gpa, counts_toward_progress, grading_mode)
values ('khmt-2024-csc16005', 'khmt-2024', 'khmt-2024-major-core', 'major-core', 'CSC16005', 'Xử lý ảnh số và video số', 4, 4, 18, 0, 'required', 5, null, true, true, 'numeric')
on conflict (id) do update set
  group_id = excluded.group_id,
  category = excluded.category,
  code = excluded.code,
  title = excluded.title,
  credits = excluded.credits,
  lecture_hours = excluded.lecture_hours,
  practice_hours = excluded.practice_hours,
  lab_hours = excluded.lab_hours,
  kind = excluded.kind,
  suggested_term = excluded.suggested_term,
  notes = excluded.notes,
  counts_toward_gpa = excluded.counts_toward_gpa,
  counts_toward_progress = excluded.counts_toward_progress,
  grading_mode = excluded.grading_mode;

insert into public.program_courses (id, program_id, catalog_course_id, group_id, category, kind, suggested_term, notes, counts_toward_gpa, counts_toward_progress, grading_mode, display_order)
values ('khmt-2024-csc16101', 'khmt-2024', 'CSC16101', 'khmt-2024-major-core', 'major-core', 'required', 5, null, true, true, 'numeric', 108)
on conflict (id) do update set
  program_id = excluded.program_id,
  catalog_course_id = excluded.catalog_course_id,
  group_id = excluded.group_id,
  category = excluded.category,
  kind = excluded.kind,
  suggested_term = excluded.suggested_term,
  notes = excluded.notes,
  counts_toward_gpa = excluded.counts_toward_gpa,
  counts_toward_progress = excluded.counts_toward_progress,
  grading_mode = excluded.grading_mode,
  display_order = excluded.display_order;

insert into public.courses (id, program_id, group_id, category, code, title, credits, lecture_hours, practice_hours, lab_hours, kind, suggested_term, notes, counts_toward_gpa, counts_toward_progress, grading_mode)
values ('khmt-2024-csc16101', 'khmt-2024', 'khmt-2024-major-core', 'major-core', 'CSC16101', 'Đồ họa ứng dụng', 4, 30, 0, 6, 'required', 5, null, true, true, 'numeric')
on conflict (id) do update set
  group_id = excluded.group_id,
  category = excluded.category,
  code = excluded.code,
  title = excluded.title,
  credits = excluded.credits,
  lecture_hours = excluded.lecture_hours,
  practice_hours = excluded.practice_hours,
  lab_hours = excluded.lab_hours,
  kind = excluded.kind,
  suggested_term = excluded.suggested_term,
  notes = excluded.notes,
  counts_toward_gpa = excluded.counts_toward_gpa,
  counts_toward_progress = excluded.counts_toward_progress,
  grading_mode = excluded.grading_mode;

insert into public.program_courses (id, program_id, catalog_course_id, group_id, category, kind, suggested_term, notes, counts_toward_gpa, counts_toward_progress, grading_mode, display_order)
values ('khmt-2024-csc16109', 'khmt-2024', 'CSC16109', 'khmt-2024-major-core', 'major-core', 'elective', 5, null, true, true, 'numeric', 109)
on conflict (id) do update set
  program_id = excluded.program_id,
  catalog_course_id = excluded.catalog_course_id,
  group_id = excluded.group_id,
  category = excluded.category,
  kind = excluded.kind,
  suggested_term = excluded.suggested_term,
  notes = excluded.notes,
  counts_toward_gpa = excluded.counts_toward_gpa,
  counts_toward_progress = excluded.counts_toward_progress,
  grading_mode = excluded.grading_mode,
  display_order = excluded.display_order;

insert into public.courses (id, program_id, group_id, category, code, title, credits, lecture_hours, practice_hours, lab_hours, kind, suggested_term, notes, counts_toward_gpa, counts_toward_progress, grading_mode)
values ('khmt-2024-csc16109', 'khmt-2024', 'khmt-2024-major-core', 'major-core', 'CSC16109', 'Ứng dụng xử lý ảnh số và video số', 4, 45, 30, 0, 'elective', 5, null, true, true, 'numeric')
on conflict (id) do update set
  group_id = excluded.group_id,
  category = excluded.category,
  code = excluded.code,
  title = excluded.title,
  credits = excluded.credits,
  lecture_hours = excluded.lecture_hours,
  practice_hours = excluded.practice_hours,
  lab_hours = excluded.lab_hours,
  kind = excluded.kind,
  suggested_term = excluded.suggested_term,
  notes = excluded.notes,
  counts_toward_gpa = excluded.counts_toward_gpa,
  counts_toward_progress = excluded.counts_toward_progress,
  grading_mode = excluded.grading_mode;

insert into public.program_courses (id, program_id, catalog_course_id, group_id, category, kind, suggested_term, notes, counts_toward_gpa, counts_toward_progress, grading_mode, display_order)
values ('khmt-2024-csc16110', 'khmt-2024', 'CSC16110', 'khmt-2024-major-core', 'major-core', 'elective', 5, null, true, true, 'numeric', 110)
on conflict (id) do update set
  program_id = excluded.program_id,
  catalog_course_id = excluded.catalog_course_id,
  group_id = excluded.group_id,
  category = excluded.category,
  kind = excluded.kind,
  suggested_term = excluded.suggested_term,
  notes = excluded.notes,
  counts_toward_gpa = excluded.counts_toward_gpa,
  counts_toward_progress = excluded.counts_toward_progress,
  grading_mode = excluded.grading_mode,
  display_order = excluded.display_order;

insert into public.courses (id, program_id, group_id, category, code, title, credits, lecture_hours, practice_hours, lab_hours, kind, suggested_term, notes, counts_toward_gpa, counts_toward_progress, grading_mode)
values ('khmt-2024-csc16110', 'khmt-2024', 'khmt-2024-major-core', 'major-core', 'CSC16110', 'Chuyên đề Đồ họa máy tính', 4, 45, 30, 0, 'elective', 5, null, true, true, 'numeric')
on conflict (id) do update set
  group_id = excluded.group_id,
  category = excluded.category,
  code = excluded.code,
  title = excluded.title,
  credits = excluded.credits,
  lecture_hours = excluded.lecture_hours,
  practice_hours = excluded.practice_hours,
  lab_hours = excluded.lab_hours,
  kind = excluded.kind,
  suggested_term = excluded.suggested_term,
  notes = excluded.notes,
  counts_toward_gpa = excluded.counts_toward_gpa,
  counts_toward_progress = excluded.counts_toward_progress,
  grading_mode = excluded.grading_mode;

insert into public.program_courses (id, program_id, catalog_course_id, group_id, category, kind, suggested_term, notes, counts_toward_gpa, counts_toward_progress, grading_mode, display_order)
values ('khmt-2024-csc16111', 'khmt-2024', 'CSC16111', 'khmt-2024-major-core', 'major-core', 'elective', 5, null, true, true, 'numeric', 111)
on conflict (id) do update set
  program_id = excluded.program_id,
  catalog_course_id = excluded.catalog_course_id,
  group_id = excluded.group_id,
  category = excluded.category,
  kind = excluded.kind,
  suggested_term = excluded.suggested_term,
  notes = excluded.notes,
  counts_toward_gpa = excluded.counts_toward_gpa,
  counts_toward_progress = excluded.counts_toward_progress,
  grading_mode = excluded.grading_mode,
  display_order = excluded.display_order;

insert into public.courses (id, program_id, group_id, category, code, title, credits, lecture_hours, practice_hours, lab_hours, kind, suggested_term, notes, counts_toward_gpa, counts_toward_progress, grading_mode)
values ('khmt-2024-csc16111', 'khmt-2024', 'khmt-2024-major-core', 'major-core', 'CSC16111', 'Chuyên đề Thị giác máy tính', 4, 45, 30, 0, 'elective', 5, null, true, true, 'numeric')
on conflict (id) do update set
  group_id = excluded.group_id,
  category = excluded.category,
  code = excluded.code,
  title = excluded.title,
  credits = excluded.credits,
  lecture_hours = excluded.lecture_hours,
  practice_hours = excluded.practice_hours,
  lab_hours = excluded.lab_hours,
  kind = excluded.kind,
  suggested_term = excluded.suggested_term,
  notes = excluded.notes,
  counts_toward_gpa = excluded.counts_toward_gpa,
  counts_toward_progress = excluded.counts_toward_progress,
  grading_mode = excluded.grading_mode;

insert into public.program_courses (id, program_id, catalog_course_id, group_id, category, kind, suggested_term, notes, counts_toward_gpa, counts_toward_progress, grading_mode, display_order)
values ('khmt-2024-csc16112', 'khmt-2024', 'CSC16112', 'khmt-2024-major-core', 'major-core', 'elective', 5, null, true, true, 'numeric', 112)
on conflict (id) do update set
  program_id = excluded.program_id,
  catalog_course_id = excluded.catalog_course_id,
  group_id = excluded.group_id,
  category = excluded.category,
  kind = excluded.kind,
  suggested_term = excluded.suggested_term,
  notes = excluded.notes,
  counts_toward_gpa = excluded.counts_toward_gpa,
  counts_toward_progress = excluded.counts_toward_progress,
  grading_mode = excluded.grading_mode,
  display_order = excluded.display_order;

insert into public.courses (id, program_id, group_id, category, code, title, credits, lecture_hours, practice_hours, lab_hours, kind, suggested_term, notes, counts_toward_gpa, counts_toward_progress, grading_mode)
values ('khmt-2024-csc16112', 'khmt-2024', 'khmt-2024-major-core', 'major-core', 'CSC16112', 'Chuyên đề Xử lý ảnh số và video số', 4, 45, 30, 0, 'elective', 5, null, true, true, 'numeric')
on conflict (id) do update set
  group_id = excluded.group_id,
  category = excluded.category,
  code = excluded.code,
  title = excluded.title,
  credits = excluded.credits,
  lecture_hours = excluded.lecture_hours,
  practice_hours = excluded.practice_hours,
  lab_hours = excluded.lab_hours,
  kind = excluded.kind,
  suggested_term = excluded.suggested_term,
  notes = excluded.notes,
  counts_toward_gpa = excluded.counts_toward_gpa,
  counts_toward_progress = excluded.counts_toward_progress,
  grading_mode = excluded.grading_mode;

insert into public.program_courses (id, program_id, catalog_course_id, group_id, category, kind, suggested_term, notes, counts_toward_gpa, counts_toward_progress, grading_mode, display_order)
values ('khmt-2024-csc17101', 'khmt-2024', 'CSC17101', 'khmt-2024-major-core', 'major-core', 'elective', 5, null, true, true, 'numeric', 113)
on conflict (id) do update set
  program_id = excluded.program_id,
  catalog_course_id = excluded.catalog_course_id,
  group_id = excluded.group_id,
  category = excluded.category,
  kind = excluded.kind,
  suggested_term = excluded.suggested_term,
  notes = excluded.notes,
  counts_toward_gpa = excluded.counts_toward_gpa,
  counts_toward_progress = excluded.counts_toward_progress,
  grading_mode = excluded.grading_mode,
  display_order = excluded.display_order;

insert into public.courses (id, program_id, group_id, category, code, title, credits, lecture_hours, practice_hours, lab_hours, kind, suggested_term, notes, counts_toward_gpa, counts_toward_progress, grading_mode)
values ('khmt-2024-csc17101', 'khmt-2024', 'khmt-2024-major-core', 'major-core', 'CSC17101', 'Hệ thống tư vấn', 4, 45, 30, 0, 'elective', 5, null, true, true, 'numeric')
on conflict (id) do update set
  group_id = excluded.group_id,
  category = excluded.category,
  code = excluded.code,
  title = excluded.title,
  credits = excluded.credits,
  lecture_hours = excluded.lecture_hours,
  practice_hours = excluded.practice_hours,
  lab_hours = excluded.lab_hours,
  kind = excluded.kind,
  suggested_term = excluded.suggested_term,
  notes = excluded.notes,
  counts_toward_gpa = excluded.counts_toward_gpa,
  counts_toward_progress = excluded.counts_toward_progress,
  grading_mode = excluded.grading_mode;

insert into public.program_courses (id, program_id, catalog_course_id, group_id, category, kind, suggested_term, notes, counts_toward_gpa, counts_toward_progress, grading_mode, display_order)
values ('khmt-2024-csc17102', 'khmt-2024', 'CSC17102', 'khmt-2024-major-core', 'major-core', 'elective', 5, null, true, true, 'numeric', 114)
on conflict (id) do update set
  program_id = excluded.program_id,
  catalog_course_id = excluded.catalog_course_id,
  group_id = excluded.group_id,
  category = excluded.category,
  kind = excluded.kind,
  suggested_term = excluded.suggested_term,
  notes = excluded.notes,
  counts_toward_gpa = excluded.counts_toward_gpa,
  counts_toward_progress = excluded.counts_toward_progress,
  grading_mode = excluded.grading_mode,
  display_order = excluded.display_order;

insert into public.courses (id, program_id, group_id, category, code, title, credits, lecture_hours, practice_hours, lab_hours, kind, suggested_term, notes, counts_toward_gpa, counts_toward_progress, grading_mode)
values ('khmt-2024-csc17102', 'khmt-2024', 'khmt-2024-major-core', 'major-core', 'CSC17102', 'Học sâu cho khoa học dữ liệu', 4, 45, 30, 0, 'elective', 5, null, true, true, 'numeric')
on conflict (id) do update set
  group_id = excluded.group_id,
  category = excluded.category,
  code = excluded.code,
  title = excluded.title,
  credits = excluded.credits,
  lecture_hours = excluded.lecture_hours,
  practice_hours = excluded.practice_hours,
  lab_hours = excluded.lab_hours,
  kind = excluded.kind,
  suggested_term = excluded.suggested_term,
  notes = excluded.notes,
  counts_toward_gpa = excluded.counts_toward_gpa,
  counts_toward_progress = excluded.counts_toward_progress,
  grading_mode = excluded.grading_mode;

insert into public.program_courses (id, program_id, catalog_course_id, group_id, category, kind, suggested_term, notes, counts_toward_gpa, counts_toward_progress, grading_mode, display_order)
values ('khmt-2024-csc17103', 'khmt-2024', 'CSC17103', 'khmt-2024-major-core', 'major-core', 'required', 5, null, true, true, 'numeric', 115)
on conflict (id) do update set
  program_id = excluded.program_id,
  catalog_course_id = excluded.catalog_course_id,
  group_id = excluded.group_id,
  category = excluded.category,
  kind = excluded.kind,
  suggested_term = excluded.suggested_term,
  notes = excluded.notes,
  counts_toward_gpa = excluded.counts_toward_gpa,
  counts_toward_progress = excluded.counts_toward_progress,
  grading_mode = excluded.grading_mode,
  display_order = excluded.display_order;

insert into public.courses (id, program_id, group_id, category, code, title, credits, lecture_hours, practice_hours, lab_hours, kind, suggested_term, notes, counts_toward_gpa, counts_toward_progress, grading_mode)
values ('khmt-2024-csc17103', 'khmt-2024', 'khmt-2024-major-core', 'major-core', 'CSC17103', 'Khai thác dữ liệu đồ thị', 4, 4, 20, 0, 'required', 5, null, true, true, 'numeric')
on conflict (id) do update set
  group_id = excluded.group_id,
  category = excluded.category,
  code = excluded.code,
  title = excluded.title,
  credits = excluded.credits,
  lecture_hours = excluded.lecture_hours,
  practice_hours = excluded.practice_hours,
  lab_hours = excluded.lab_hours,
  kind = excluded.kind,
  suggested_term = excluded.suggested_term,
  notes = excluded.notes,
  counts_toward_gpa = excluded.counts_toward_gpa,
  counts_toward_progress = excluded.counts_toward_progress,
  grading_mode = excluded.grading_mode;

insert into public.program_courses (id, program_id, catalog_course_id, group_id, category, kind, suggested_term, notes, counts_toward_gpa, counts_toward_progress, grading_mode, display_order)
values ('khmt-2024-csc17104', 'khmt-2024', 'CSC17104', 'khmt-2024-major-core', 'major-core', 'elective', 5, null, true, true, 'numeric', 116)
on conflict (id) do update set
  program_id = excluded.program_id,
  catalog_course_id = excluded.catalog_course_id,
  group_id = excluded.group_id,
  category = excluded.category,
  kind = excluded.kind,
  suggested_term = excluded.suggested_term,
  notes = excluded.notes,
  counts_toward_gpa = excluded.counts_toward_gpa,
  counts_toward_progress = excluded.counts_toward_progress,
  grading_mode = excluded.grading_mode,
  display_order = excluded.display_order;

insert into public.courses (id, program_id, group_id, category, code, title, credits, lecture_hours, practice_hours, lab_hours, kind, suggested_term, notes, counts_toward_gpa, counts_toward_progress, grading_mode)
values ('khmt-2024-csc17104', 'khmt-2024', 'khmt-2024-major-core', 'major-core', 'CSC17104', 'Lập trình cho khoa học dữ liệu', 4, 45, 30, 0, 'elective', 5, null, true, true, 'numeric')
on conflict (id) do update set
  group_id = excluded.group_id,
  category = excluded.category,
  code = excluded.code,
  title = excluded.title,
  credits = excluded.credits,
  lecture_hours = excluded.lecture_hours,
  practice_hours = excluded.practice_hours,
  lab_hours = excluded.lab_hours,
  kind = excluded.kind,
  suggested_term = excluded.suggested_term,
  notes = excluded.notes,
  counts_toward_gpa = excluded.counts_toward_gpa,
  counts_toward_progress = excluded.counts_toward_progress,
  grading_mode = excluded.grading_mode;

insert into public.program_courses (id, program_id, catalog_course_id, group_id, category, kind, suggested_term, notes, counts_toward_gpa, counts_toward_progress, grading_mode, display_order)
values ('khmt-2024-csc17107', 'khmt-2024', 'CSC17107', 'khmt-2024-major-core', 'major-core', 'required', 5, null, true, true, 'numeric', 117)
on conflict (id) do update set
  program_id = excluded.program_id,
  catalog_course_id = excluded.catalog_course_id,
  group_id = excluded.group_id,
  category = excluded.category,
  kind = excluded.kind,
  suggested_term = excluded.suggested_term,
  notes = excluded.notes,
  counts_toward_gpa = excluded.counts_toward_gpa,
  counts_toward_progress = excluded.counts_toward_progress,
  grading_mode = excluded.grading_mode,
  display_order = excluded.display_order;

insert into public.courses (id, program_id, group_id, category, code, title, credits, lecture_hours, practice_hours, lab_hours, kind, suggested_term, notes, counts_toward_gpa, counts_toward_progress, grading_mode)
values ('khmt-2024-csc17107', 'khmt-2024', 'khmt-2024-major-core', 'major-core', 'CSC17107', 'Ứng dụng phân tích dữ liệu thông minh', 4, 4, 21, 0, 'required', 5, null, true, true, 'numeric')
on conflict (id) do update set
  group_id = excluded.group_id,
  category = excluded.category,
  code = excluded.code,
  title = excluded.title,
  credits = excluded.credits,
  lecture_hours = excluded.lecture_hours,
  practice_hours = excluded.practice_hours,
  lab_hours = excluded.lab_hours,
  kind = excluded.kind,
  suggested_term = excluded.suggested_term,
  notes = excluded.notes,
  counts_toward_gpa = excluded.counts_toward_gpa,
  counts_toward_progress = excluded.counts_toward_progress,
  grading_mode = excluded.grading_mode;

insert into public.program_courses (id, program_id, catalog_course_id, group_id, category, kind, suggested_term, notes, counts_toward_gpa, counts_toward_progress, grading_mode, display_order)
values ('khmt-2024-csc18001', 'khmt-2024', 'CSC18001', 'khmt-2024-major-core', 'major-core', 'required', 5, null, true, true, 'numeric', 118)
on conflict (id) do update set
  program_id = excluded.program_id,
  catalog_course_id = excluded.catalog_course_id,
  group_id = excluded.group_id,
  category = excluded.category,
  kind = excluded.kind,
  suggested_term = excluded.suggested_term,
  notes = excluded.notes,
  counts_toward_gpa = excluded.counts_toward_gpa,
  counts_toward_progress = excluded.counts_toward_progress,
  grading_mode = excluded.grading_mode,
  display_order = excluded.display_order;

insert into public.courses (id, program_id, group_id, category, code, title, credits, lecture_hours, practice_hours, lab_hours, kind, suggested_term, notes, counts_toward_gpa, counts_toward_progress, grading_mode)
values ('khmt-2024-csc18001', 'khmt-2024', 'khmt-2024-major-core', 'major-core', 'CSC18001', 'Nhập môn học sâu', 4, 4, 0, 0, 'required', 5, null, true, true, 'numeric')
on conflict (id) do update set
  group_id = excluded.group_id,
  category = excluded.category,
  code = excluded.code,
  title = excluded.title,
  credits = excluded.credits,
  lecture_hours = excluded.lecture_hours,
  practice_hours = excluded.practice_hours,
  lab_hours = excluded.lab_hours,
  kind = excluded.kind,
  suggested_term = excluded.suggested_term,
  notes = excluded.notes,
  counts_toward_gpa = excluded.counts_toward_gpa,
  counts_toward_progress = excluded.counts_toward_progress,
  grading_mode = excluded.grading_mode;

insert into public.program_courses (id, program_id, catalog_course_id, group_id, category, kind, suggested_term, notes, counts_toward_gpa, counts_toward_progress, grading_mode, display_order)
values ('khmt-2024-csc18101', 'khmt-2024', 'CSC18101', 'khmt-2024-major-core', 'major-core', 'elective', 5, null, true, true, 'numeric', 119)
on conflict (id) do update set
  program_id = excluded.program_id,
  catalog_course_id = excluded.catalog_course_id,
  group_id = excluded.group_id,
  category = excluded.category,
  kind = excluded.kind,
  suggested_term = excluded.suggested_term,
  notes = excluded.notes,
  counts_toward_gpa = excluded.counts_toward_gpa,
  counts_toward_progress = excluded.counts_toward_progress,
  grading_mode = excluded.grading_mode,
  display_order = excluded.display_order;

insert into public.courses (id, program_id, group_id, category, code, title, credits, lecture_hours, practice_hours, lab_hours, kind, suggested_term, notes, counts_toward_gpa, counts_toward_progress, grading_mode)
values ('khmt-2024-csc18101', 'khmt-2024', 'khmt-2024-major-core', 'major-core', 'CSC18101', 'Trí tuệ nhân tạo cho an ninh thông tin', 4, 45, 30, 0, 'elective', 5, null, true, true, 'numeric')
on conflict (id) do update set
  group_id = excluded.group_id,
  category = excluded.category,
  code = excluded.code,
  title = excluded.title,
  credits = excluded.credits,
  lecture_hours = excluded.lecture_hours,
  practice_hours = excluded.practice_hours,
  lab_hours = excluded.lab_hours,
  kind = excluded.kind,
  suggested_term = excluded.suggested_term,
  notes = excluded.notes,
  counts_toward_gpa = excluded.counts_toward_gpa,
  counts_toward_progress = excluded.counts_toward_progress,
  grading_mode = excluded.grading_mode;

insert into public.program_courses (id, program_id, catalog_course_id, group_id, category, kind, suggested_term, notes, counts_toward_gpa, counts_toward_progress, grading_mode, display_order)
values ('khmt-2024-csc18102', 'khmt-2024', 'CSC18102', 'khmt-2024-major-core', 'major-core', 'elective', 5, null, true, true, 'numeric', 120)
on conflict (id) do update set
  program_id = excluded.program_id,
  catalog_course_id = excluded.catalog_course_id,
  group_id = excluded.group_id,
  category = excluded.category,
  kind = excluded.kind,
  suggested_term = excluded.suggested_term,
  notes = excluded.notes,
  counts_toward_gpa = excluded.counts_toward_gpa,
  counts_toward_progress = excluded.counts_toward_progress,
  grading_mode = excluded.grading_mode,
  display_order = excluded.display_order;

insert into public.courses (id, program_id, group_id, category, code, title, credits, lecture_hours, practice_hours, lab_hours, kind, suggested_term, notes, counts_toward_gpa, counts_toward_progress, grading_mode)
values ('khmt-2024-csc18102', 'khmt-2024', 'khmt-2024-major-core', 'major-core', 'CSC18102', 'Phương pháp toán cho tối ưu hóa', 4, 45, 30, 0, 'elective', 5, null, true, true, 'numeric')
on conflict (id) do update set
  group_id = excluded.group_id,
  category = excluded.category,
  code = excluded.code,
  title = excluded.title,
  credits = excluded.credits,
  lecture_hours = excluded.lecture_hours,
  practice_hours = excluded.practice_hours,
  lab_hours = excluded.lab_hours,
  kind = excluded.kind,
  suggested_term = excluded.suggested_term,
  notes = excluded.notes,
  counts_toward_gpa = excluded.counts_toward_gpa,
  counts_toward_progress = excluded.counts_toward_progress,
  grading_mode = excluded.grading_mode;

insert into public.program_courses (id, program_id, catalog_course_id, group_id, category, kind, suggested_term, notes, counts_toward_gpa, counts_toward_progress, grading_mode, display_order)
values ('khmt-2024-csc18103', 'khmt-2024', 'CSC18103', 'khmt-2024-major-core', 'major-core', 'elective', 5, null, true, true, 'numeric', 121)
on conflict (id) do update set
  program_id = excluded.program_id,
  catalog_course_id = excluded.catalog_course_id,
  group_id = excluded.group_id,
  category = excluded.category,
  kind = excluded.kind,
  suggested_term = excluded.suggested_term,
  notes = excluded.notes,
  counts_toward_gpa = excluded.counts_toward_gpa,
  counts_toward_progress = excluded.counts_toward_progress,
  grading_mode = excluded.grading_mode,
  display_order = excluded.display_order;

insert into public.courses (id, program_id, group_id, category, code, title, credits, lecture_hours, practice_hours, lab_hours, kind, suggested_term, notes, counts_toward_gpa, counts_toward_progress, grading_mode)
values ('khmt-2024-csc18103', 'khmt-2024', 'khmt-2024-major-core', 'major-core', 'CSC18103', 'Trí tuệ bầy đàn', 4, 45, 30, 0, 'elective', 5, null, true, true, 'numeric')
on conflict (id) do update set
  group_id = excluded.group_id,
  category = excluded.category,
  code = excluded.code,
  title = excluded.title,
  credits = excluded.credits,
  lecture_hours = excluded.lecture_hours,
  practice_hours = excluded.practice_hours,
  lab_hours = excluded.lab_hours,
  kind = excluded.kind,
  suggested_term = excluded.suggested_term,
  notes = excluded.notes,
  counts_toward_gpa = excluded.counts_toward_gpa,
  counts_toward_progress = excluded.counts_toward_progress,
  grading_mode = excluded.grading_mode;

insert into public.program_courses (id, program_id, catalog_course_id, group_id, category, kind, suggested_term, notes, counts_toward_gpa, counts_toward_progress, grading_mode, display_order)
values ('khmt-2024-csc18104', 'khmt-2024', 'CSC18104', 'khmt-2024-major-core', 'major-core', 'elective', 5, null, true, true, 'numeric', 122)
on conflict (id) do update set
  program_id = excluded.program_id,
  catalog_course_id = excluded.catalog_course_id,
  group_id = excluded.group_id,
  category = excluded.category,
  kind = excluded.kind,
  suggested_term = excluded.suggested_term,
  notes = excluded.notes,
  counts_toward_gpa = excluded.counts_toward_gpa,
  counts_toward_progress = excluded.counts_toward_progress,
  grading_mode = excluded.grading_mode,
  display_order = excluded.display_order;

insert into public.courses (id, program_id, group_id, category, code, title, credits, lecture_hours, practice_hours, lab_hours, kind, suggested_term, notes, counts_toward_gpa, counts_toward_progress, grading_mode)
values ('khmt-2024-csc18104', 'khmt-2024', 'khmt-2024-major-core', 'major-core', 'CSC18104', 'Nhập môn hệ thống đa tác nhân', 4, 45, 30, 0, 'elective', 5, null, true, true, 'numeric')
on conflict (id) do update set
  group_id = excluded.group_id,
  category = excluded.category,
  code = excluded.code,
  title = excluded.title,
  credits = excluded.credits,
  lecture_hours = excluded.lecture_hours,
  practice_hours = excluded.practice_hours,
  lab_hours = excluded.lab_hours,
  kind = excluded.kind,
  suggested_term = excluded.suggested_term,
  notes = excluded.notes,
  counts_toward_gpa = excluded.counts_toward_gpa,
  counts_toward_progress = excluded.counts_toward_progress,
  grading_mode = excluded.grading_mode;

insert into public.program_courses (id, program_id, catalog_course_id, group_id, category, kind, suggested_term, notes, counts_toward_gpa, counts_toward_progress, grading_mode, display_order)
values ('khmt-2024-csci11117', 'khmt-2024', 'CSCI11117', 'khmt-2024-major-core', 'major-core', 'elective', 5, null, true, true, 'numeric', 123)
on conflict (id) do update set
  program_id = excluded.program_id,
  catalog_course_id = excluded.catalog_course_id,
  group_id = excluded.group_id,
  category = excluded.category,
  kind = excluded.kind,
  suggested_term = excluded.suggested_term,
  notes = excluded.notes,
  counts_toward_gpa = excluded.counts_toward_gpa,
  counts_toward_progress = excluded.counts_toward_progress,
  grading_mode = excluded.grading_mode,
  display_order = excluded.display_order;

insert into public.courses (id, program_id, group_id, category, code, title, credits, lecture_hours, practice_hours, lab_hours, kind, suggested_term, notes, counts_toward_gpa, counts_toward_progress, grading_mode)
values ('khmt-2024-csci11117', 'khmt-2024', 'khmt-2024-major-core', 'major-core', 'CSCI11117', 'Hệ điều hành Linux và ứng dụng', 4, 45, 30, 0, 'elective', 5, null, true, true, 'numeric')
on conflict (id) do update set
  group_id = excluded.group_id,
  category = excluded.category,
  code = excluded.code,
  title = excluded.title,
  credits = excluded.credits,
  lecture_hours = excluded.lecture_hours,
  practice_hours = excluded.practice_hours,
  lab_hours = excluded.lab_hours,
  kind = excluded.kind,
  suggested_term = excluded.suggested_term,
  notes = excluded.notes,
  counts_toward_gpa = excluded.counts_toward_gpa,
  counts_toward_progress = excluded.counts_toward_progress,
  grading_mode = excluded.grading_mode;

insert into public.program_courses (id, program_id, catalog_course_id, group_id, category, kind, suggested_term, notes, counts_toward_gpa, counts_toward_progress, grading_mode, display_order)
values ('khmt-2024-env00001', 'khmt-2024', 'ENV00001', 'khmt-2024-general-education', 'general-education', 'elective', 5, null, true, true, 'numeric', 124)
on conflict (id) do update set
  program_id = excluded.program_id,
  catalog_course_id = excluded.catalog_course_id,
  group_id = excluded.group_id,
  category = excluded.category,
  kind = excluded.kind,
  suggested_term = excluded.suggested_term,
  notes = excluded.notes,
  counts_toward_gpa = excluded.counts_toward_gpa,
  counts_toward_progress = excluded.counts_toward_progress,
  grading_mode = excluded.grading_mode,
  display_order = excluded.display_order;

insert into public.courses (id, program_id, group_id, category, code, title, credits, lecture_hours, practice_hours, lab_hours, kind, suggested_term, notes, counts_toward_gpa, counts_toward_progress, grading_mode)
values ('khmt-2024-env00001', 'khmt-2024', 'khmt-2024-general-education', 'general-education', 'ENV00001', 'Môi trường đại cương', 2, 30, 0, 0, 'elective', 5, null, true, true, 'numeric')
on conflict (id) do update set
  group_id = excluded.group_id,
  category = excluded.category,
  code = excluded.code,
  title = excluded.title,
  credits = excluded.credits,
  lecture_hours = excluded.lecture_hours,
  practice_hours = excluded.practice_hours,
  lab_hours = excluded.lab_hours,
  kind = excluded.kind,
  suggested_term = excluded.suggested_term,
  notes = excluded.notes,
  counts_toward_gpa = excluded.counts_toward_gpa,
  counts_toward_progress = excluded.counts_toward_progress,
  grading_mode = excluded.grading_mode;

insert into public.program_courses (id, program_id, catalog_course_id, group_id, category, kind, suggested_term, notes, counts_toward_gpa, counts_toward_progress, grading_mode, display_order)
values ('khmt-2024-env00003', 'khmt-2024', 'ENV00003', 'khmt-2024-general-education', 'general-education', 'elective', 5, null, true, true, 'numeric', 125)
on conflict (id) do update set
  program_id = excluded.program_id,
  catalog_course_id = excluded.catalog_course_id,
  group_id = excluded.group_id,
  category = excluded.category,
  kind = excluded.kind,
  suggested_term = excluded.suggested_term,
  notes = excluded.notes,
  counts_toward_gpa = excluded.counts_toward_gpa,
  counts_toward_progress = excluded.counts_toward_progress,
  grading_mode = excluded.grading_mode,
  display_order = excluded.display_order;

insert into public.courses (id, program_id, group_id, category, code, title, credits, lecture_hours, practice_hours, lab_hours, kind, suggested_term, notes, counts_toward_gpa, counts_toward_progress, grading_mode)
values ('khmt-2024-env00003', 'khmt-2024', 'khmt-2024-general-education', 'general-education', 'ENV00003', 'Con người và môi trường', 2, 30, 0, 0, 'elective', 5, null, true, true, 'numeric')
on conflict (id) do update set
  group_id = excluded.group_id,
  category = excluded.category,
  code = excluded.code,
  title = excluded.title,
  credits = excluded.credits,
  lecture_hours = excluded.lecture_hours,
  practice_hours = excluded.practice_hours,
  lab_hours = excluded.lab_hours,
  kind = excluded.kind,
  suggested_term = excluded.suggested_term,
  notes = excluded.notes,
  counts_toward_gpa = excluded.counts_toward_gpa,
  counts_toward_progress = excluded.counts_toward_progress,
  grading_mode = excluded.grading_mode;

insert into public.program_courses (id, program_id, catalog_course_id, group_id, category, kind, suggested_term, notes, counts_toward_gpa, counts_toward_progress, grading_mode, display_order)
values ('khmt-2024-baa00103', 'khmt-2024', 'BAA00103', 'khmt-2024-general-education', 'general-education', 'required', 6, null, true, true, 'numeric', 126)
on conflict (id) do update set
  program_id = excluded.program_id,
  catalog_course_id = excluded.catalog_course_id,
  group_id = excluded.group_id,
  category = excluded.category,
  kind = excluded.kind,
  suggested_term = excluded.suggested_term,
  notes = excluded.notes,
  counts_toward_gpa = excluded.counts_toward_gpa,
  counts_toward_progress = excluded.counts_toward_progress,
  grading_mode = excluded.grading_mode,
  display_order = excluded.display_order;

insert into public.courses (id, program_id, group_id, category, code, title, credits, lecture_hours, practice_hours, lab_hours, kind, suggested_term, notes, counts_toward_gpa, counts_toward_progress, grading_mode)
values ('khmt-2024-baa00103', 'khmt-2024', 'khmt-2024-general-education', 'general-education', 'BAA00103', 'Chủ nghĩa xã hội khoa học', 2, 30, 0, 0, 'required', 6, null, true, true, 'numeric')
on conflict (id) do update set
  group_id = excluded.group_id,
  category = excluded.category,
  code = excluded.code,
  title = excluded.title,
  credits = excluded.credits,
  lecture_hours = excluded.lecture_hours,
  practice_hours = excluded.practice_hours,
  lab_hours = excluded.lab_hours,
  kind = excluded.kind,
  suggested_term = excluded.suggested_term,
  notes = excluded.notes,
  counts_toward_gpa = excluded.counts_toward_gpa,
  counts_toward_progress = excluded.counts_toward_progress,
  grading_mode = excluded.grading_mode;

insert into public.program_courses (id, program_id, catalog_course_id, group_id, category, kind, suggested_term, notes, counts_toward_gpa, counts_toward_progress, grading_mode, display_order)
values ('khmt-2024-csc10102', 'khmt-2024', 'CSC10102', 'khmt-2024-major-core', 'major-core', 'elective', 6, null, true, true, 'numeric', 127)
on conflict (id) do update set
  program_id = excluded.program_id,
  catalog_course_id = excluded.catalog_course_id,
  group_id = excluded.group_id,
  category = excluded.category,
  kind = excluded.kind,
  suggested_term = excluded.suggested_term,
  notes = excluded.notes,
  counts_toward_gpa = excluded.counts_toward_gpa,
  counts_toward_progress = excluded.counts_toward_progress,
  grading_mode = excluded.grading_mode,
  display_order = excluded.display_order;

insert into public.courses (id, program_id, group_id, category, code, title, credits, lecture_hours, practice_hours, lab_hours, kind, suggested_term, notes, counts_toward_gpa, counts_toward_progress, grading_mode)
values ('khmt-2024-csc10102', 'khmt-2024', 'khmt-2024-major-core', 'major-core', 'CSC10102', 'Kiến tập nghề nghiệp kho', 2, 15, 30, 0, 'elective', 6, null, true, true, 'numeric')
on conflict (id) do update set
  group_id = excluded.group_id,
  category = excluded.category,
  code = excluded.code,
  title = excluded.title,
  credits = excluded.credits,
  lecture_hours = excluded.lecture_hours,
  practice_hours = excluded.practice_hours,
  lab_hours = excluded.lab_hours,
  kind = excluded.kind,
  suggested_term = excluded.suggested_term,
  notes = excluded.notes,
  counts_toward_gpa = excluded.counts_toward_gpa,
  counts_toward_progress = excluded.counts_toward_progress,
  grading_mode = excluded.grading_mode;

insert into public.program_courses (id, program_id, catalog_course_id, group_id, category, kind, suggested_term, notes, counts_toward_gpa, counts_toward_progress, grading_mode, display_order)
values ('khmt-2024-csc10103', 'khmt-2024', 'CSC10103', 'khmt-2024-major-core', 'major-core', 'elective', 6, null, true, true, 'numeric', 128)
on conflict (id) do update set
  program_id = excluded.program_id,
  catalog_course_id = excluded.catalog_course_id,
  group_id = excluded.group_id,
  category = excluded.category,
  kind = excluded.kind,
  suggested_term = excluded.suggested_term,
  notes = excluded.notes,
  counts_toward_gpa = excluded.counts_toward_gpa,
  counts_toward_progress = excluded.counts_toward_progress,
  grading_mode = excluded.grading_mode,
  display_order = excluded.display_order;

insert into public.courses (id, program_id, group_id, category, code, title, credits, lecture_hours, practice_hours, lab_hours, kind, suggested_term, notes, counts_toward_gpa, counts_toward_progress, grading_mode)
values ('khmt-2024-csc10103', 'khmt-2024', 'khmt-2024-major-core', 'major-core', 'CSC10103', 'Khởi nghiệp', 3, 30, 30, 0, 'elective', 6, null, true, true, 'numeric')
on conflict (id) do update set
  group_id = excluded.group_id,
  category = excluded.category,
  code = excluded.code,
  title = excluded.title,
  credits = excluded.credits,
  lecture_hours = excluded.lecture_hours,
  practice_hours = excluded.practice_hours,
  lab_hours = excluded.lab_hours,
  kind = excluded.kind,
  suggested_term = excluded.suggested_term,
  notes = excluded.notes,
  counts_toward_gpa = excluded.counts_toward_gpa,
  counts_toward_progress = excluded.counts_toward_progress,
  grading_mode = excluded.grading_mode;

insert into public.program_courses (id, program_id, catalog_course_id, group_id, category, kind, suggested_term, notes, counts_toward_gpa, counts_toward_progress, grading_mode, display_order)
values ('khmt-2024-csc10104', 'khmt-2024', 'CSC10104', 'khmt-2024-major-core', 'major-core', 'elective', 6, null, true, true, 'numeric', 129)
on conflict (id) do update set
  program_id = excluded.program_id,
  catalog_course_id = excluded.catalog_course_id,
  group_id = excluded.group_id,
  category = excluded.category,
  kind = excluded.kind,
  suggested_term = excluded.suggested_term,
  notes = excluded.notes,
  counts_toward_gpa = excluded.counts_toward_gpa,
  counts_toward_progress = excluded.counts_toward_progress,
  grading_mode = excluded.grading_mode,
  display_order = excluded.display_order;

insert into public.courses (id, program_id, group_id, category, code, title, credits, lecture_hours, practice_hours, lab_hours, kind, suggested_term, notes, counts_toward_gpa, counts_toward_progress, grading_mode)
values ('khmt-2024-csc10104', 'khmt-2024', 'khmt-2024-major-core', 'major-core', 'CSC10104', 'Quy hoạch tuyến tính', 4, 45, 30, 0, 'elective', 6, null, true, true, 'numeric')
on conflict (id) do update set
  group_id = excluded.group_id,
  category = excluded.category,
  code = excluded.code,
  title = excluded.title,
  credits = excluded.credits,
  lecture_hours = excluded.lecture_hours,
  practice_hours = excluded.practice_hours,
  lab_hours = excluded.lab_hours,
  kind = excluded.kind,
  suggested_term = excluded.suggested_term,
  notes = excluded.notes,
  counts_toward_gpa = excluded.counts_toward_gpa,
  counts_toward_progress = excluded.counts_toward_progress,
  grading_mode = excluded.grading_mode;

insert into public.program_courses (id, program_id, catalog_course_id, group_id, category, kind, suggested_term, notes, counts_toward_gpa, counts_toward_progress, grading_mode, display_order)
values ('khmt-2024-csc10107', 'khmt-2024', 'CSC10107', 'khmt-2024-major-core', 'major-core', 'elective', 6, null, true, true, 'numeric', 130)
on conflict (id) do update set
  program_id = excluded.program_id,
  catalog_course_id = excluded.catalog_course_id,
  group_id = excluded.group_id,
  category = excluded.category,
  kind = excluded.kind,
  suggested_term = excluded.suggested_term,
  notes = excluded.notes,
  counts_toward_gpa = excluded.counts_toward_gpa,
  counts_toward_progress = excluded.counts_toward_progress,
  grading_mode = excluded.grading_mode,
  display_order = excluded.display_order;

insert into public.courses (id, program_id, group_id, category, code, title, credits, lecture_hours, practice_hours, lab_hours, kind, suggested_term, notes, counts_toward_gpa, counts_toward_progress, grading_mode)
values ('khmt-2024-csc10107', 'khmt-2024', 'khmt-2024-major-core', 'major-core', 'CSC10107', 'Thực tập thực tế', 4, 30, 60, 0, 'elective', 6, null, true, true, 'numeric')
on conflict (id) do update set
  group_id = excluded.group_id,
  category = excluded.category,
  code = excluded.code,
  title = excluded.title,
  credits = excluded.credits,
  lecture_hours = excluded.lecture_hours,
  practice_hours = excluded.practice_hours,
  lab_hours = excluded.lab_hours,
  kind = excluded.kind,
  suggested_term = excluded.suggested_term,
  notes = excluded.notes,
  counts_toward_gpa = excluded.counts_toward_gpa,
  counts_toward_progress = excluded.counts_toward_progress,
  grading_mode = excluded.grading_mode;

insert into public.program_courses (id, program_id, catalog_course_id, group_id, category, kind, suggested_term, notes, counts_toward_gpa, counts_toward_progress, grading_mode, display_order)
values ('khmt-2024-csc10108', 'khmt-2024', 'CSC10108', 'khmt-2024-major-core', 'major-core', 'required', 6, null, true, true, 'numeric', 131)
on conflict (id) do update set
  program_id = excluded.program_id,
  catalog_course_id = excluded.catalog_course_id,
  group_id = excluded.group_id,
  category = excluded.category,
  kind = excluded.kind,
  suggested_term = excluded.suggested_term,
  notes = excluded.notes,
  counts_toward_gpa = excluded.counts_toward_gpa,
  counts_toward_progress = excluded.counts_toward_progress,
  grading_mode = excluded.grading_mode,
  display_order = excluded.display_order;

insert into public.courses (id, program_id, group_id, category, code, title, credits, lecture_hours, practice_hours, lab_hours, kind, suggested_term, notes, counts_toward_gpa, counts_toward_progress, grading_mode)
values ('khmt-2024-csc10108', 'khmt-2024', 'khmt-2024-major-core', 'major-core', 'CSC10108', 'Trực quan hóa dữ liệu', 4, 4, 4, 0, 'required', 6, null, true, true, 'numeric')
on conflict (id) do update set
  group_id = excluded.group_id,
  category = excluded.category,
  code = excluded.code,
  title = excluded.title,
  credits = excluded.credits,
  lecture_hours = excluded.lecture_hours,
  practice_hours = excluded.practice_hours,
  lab_hours = excluded.lab_hours,
  kind = excluded.kind,
  suggested_term = excluded.suggested_term,
  notes = excluded.notes,
  counts_toward_gpa = excluded.counts_toward_gpa,
  counts_toward_progress = excluded.counts_toward_progress,
  grading_mode = excluded.grading_mode;

insert into public.program_courses (id, program_id, catalog_course_id, group_id, category, kind, suggested_term, notes, counts_toward_gpa, counts_toward_progress, grading_mode, display_order)
values ('khmt-2024-csc14004', 'khmt-2024', 'CSC14004', 'khmt-2024-major-core', 'major-core', 'elective', 6, null, true, true, 'numeric', 132)
on conflict (id) do update set
  program_id = excluded.program_id,
  catalog_course_id = excluded.catalog_course_id,
  group_id = excluded.group_id,
  category = excluded.category,
  kind = excluded.kind,
  suggested_term = excluded.suggested_term,
  notes = excluded.notes,
  counts_toward_gpa = excluded.counts_toward_gpa,
  counts_toward_progress = excluded.counts_toward_progress,
  grading_mode = excluded.grading_mode,
  display_order = excluded.display_order;

insert into public.courses (id, program_id, group_id, category, code, title, credits, lecture_hours, practice_hours, lab_hours, kind, suggested_term, notes, counts_toward_gpa, counts_toward_progress, grading_mode)
values ('khmt-2024-csc14004', 'khmt-2024', 'khmt-2024-major-core', 'major-core', 'CSC14004', 'Khai thác dữ liệu và ứng dụng', 4, 45, 30, 0, 'elective', 6, null, true, true, 'numeric')
on conflict (id) do update set
  group_id = excluded.group_id,
  category = excluded.category,
  code = excluded.code,
  title = excluded.title,
  credits = excluded.credits,
  lecture_hours = excluded.lecture_hours,
  practice_hours = excluded.practice_hours,
  lab_hours = excluded.lab_hours,
  kind = excluded.kind,
  suggested_term = excluded.suggested_term,
  notes = excluded.notes,
  counts_toward_gpa = excluded.counts_toward_gpa,
  counts_toward_progress = excluded.counts_toward_progress,
  grading_mode = excluded.grading_mode;

insert into public.program_courses (id, program_id, catalog_course_id, group_id, category, kind, suggested_term, notes, counts_toward_gpa, counts_toward_progress, grading_mode, display_order)
values ('khmt-2024-csc14005', 'khmt-2024', 'CSC14005', 'khmt-2024-major-core', 'major-core', 'required', 6, null, true, true, 'numeric', 133)
on conflict (id) do update set
  program_id = excluded.program_id,
  catalog_course_id = excluded.catalog_course_id,
  group_id = excluded.group_id,
  category = excluded.category,
  kind = excluded.kind,
  suggested_term = excluded.suggested_term,
  notes = excluded.notes,
  counts_toward_gpa = excluded.counts_toward_gpa,
  counts_toward_progress = excluded.counts_toward_progress,
  grading_mode = excluded.grading_mode,
  display_order = excluded.display_order;

insert into public.courses (id, program_id, group_id, category, code, title, credits, lecture_hours, practice_hours, lab_hours, kind, suggested_term, notes, counts_toward_gpa, counts_toward_progress, grading_mode)
values ('khmt-2024-csc14005', 'khmt-2024', 'khmt-2024-major-core', 'major-core', 'CSC14005', 'Nhập môn học máy', 5, 0, 0, 0, 'required', 6, null, true, true, 'numeric')
on conflict (id) do update set
  group_id = excluded.group_id,
  category = excluded.category,
  code = excluded.code,
  title = excluded.title,
  credits = excluded.credits,
  lecture_hours = excluded.lecture_hours,
  practice_hours = excluded.practice_hours,
  lab_hours = excluded.lab_hours,
  kind = excluded.kind,
  suggested_term = excluded.suggested_term,
  notes = excluded.notes,
  counts_toward_gpa = excluded.counts_toward_gpa,
  counts_toward_progress = excluded.counts_toward_progress,
  grading_mode = excluded.grading_mode;

insert into public.program_courses (id, program_id, catalog_course_id, group_id, category, kind, suggested_term, notes, counts_toward_gpa, counts_toward_progress, grading_mode, display_order)
values ('khmt-2024-csc15002', 'khmt-2024', 'CSC15002', 'khmt-2024-major-core', 'major-core', 'elective', 6, null, true, true, 'numeric', 134)
on conflict (id) do update set
  program_id = excluded.program_id,
  catalog_course_id = excluded.catalog_course_id,
  group_id = excluded.group_id,
  category = excluded.category,
  kind = excluded.kind,
  suggested_term = excluded.suggested_term,
  notes = excluded.notes,
  counts_toward_gpa = excluded.counts_toward_gpa,
  counts_toward_progress = excluded.counts_toward_progress,
  grading_mode = excluded.grading_mode,
  display_order = excluded.display_order;

insert into public.courses (id, program_id, group_id, category, code, title, credits, lecture_hours, practice_hours, lab_hours, kind, suggested_term, notes, counts_toward_gpa, counts_toward_progress, grading_mode)
values ('khmt-2024-csc15002', 'khmt-2024', 'khmt-2024-major-core', 'major-core', 'CSC15002', 'Bảo mật cơ sở dữ liệu', 4, 45, 30, 0, 'elective', 6, null, true, true, 'numeric')
on conflict (id) do update set
  group_id = excluded.group_id,
  category = excluded.category,
  code = excluded.code,
  title = excluded.title,
  credits = excluded.credits,
  lecture_hours = excluded.lecture_hours,
  practice_hours = excluded.practice_hours,
  lab_hours = excluded.lab_hours,
  kind = excluded.kind,
  suggested_term = excluded.suggested_term,
  notes = excluded.notes,
  counts_toward_gpa = excluded.counts_toward_gpa,
  counts_toward_progress = excluded.counts_toward_progress,
  grading_mode = excluded.grading_mode;

insert into public.program_courses (id, program_id, catalog_course_id, group_id, category, kind, suggested_term, notes, counts_toward_gpa, counts_toward_progress, grading_mode, display_order)
values ('khmt-2024-csc15007', 'khmt-2024', 'CSC15007', 'khmt-2024-major-core', 'major-core', 'elective', 6, null, true, true, 'numeric', 135)
on conflict (id) do update set
  program_id = excluded.program_id,
  catalog_course_id = excluded.catalog_course_id,
  group_id = excluded.group_id,
  category = excluded.category,
  kind = excluded.kind,
  suggested_term = excluded.suggested_term,
  notes = excluded.notes,
  counts_toward_gpa = excluded.counts_toward_gpa,
  counts_toward_progress = excluded.counts_toward_progress,
  grading_mode = excluded.grading_mode,
  display_order = excluded.display_order;

insert into public.courses (id, program_id, group_id, category, code, title, credits, lecture_hours, practice_hours, lab_hours, kind, suggested_term, notes, counts_toward_gpa, counts_toward_progress, grading_mode)
values ('khmt-2024-csc15007', 'khmt-2024', 'khmt-2024-major-core', 'major-core', 'CSC15007', 'Thống kê máy tính và ứng dụng', 4, 45, 30, 0, 'elective', 6, null, true, true, 'numeric')
on conflict (id) do update set
  group_id = excluded.group_id,
  category = excluded.category,
  code = excluded.code,
  title = excluded.title,
  credits = excluded.credits,
  lecture_hours = excluded.lecture_hours,
  practice_hours = excluded.practice_hours,
  lab_hours = excluded.lab_hours,
  kind = excluded.kind,
  suggested_term = excluded.suggested_term,
  notes = excluded.notes,
  counts_toward_gpa = excluded.counts_toward_gpa,
  counts_toward_progress = excluded.counts_toward_progress,
  grading_mode = excluded.grading_mode;

insert into public.program_courses (id, program_id, catalog_course_id, group_id, category, kind, suggested_term, notes, counts_toward_gpa, counts_toward_progress, grading_mode, display_order)
values ('khmt-2024-csc17001', 'khmt-2024', 'CSC17001', 'khmt-2024-major-core', 'major-core', 'required', 6, null, true, true, 'numeric', 136)
on conflict (id) do update set
  program_id = excluded.program_id,
  catalog_course_id = excluded.catalog_course_id,
  group_id = excluded.group_id,
  category = excluded.category,
  kind = excluded.kind,
  suggested_term = excluded.suggested_term,
  notes = excluded.notes,
  counts_toward_gpa = excluded.counts_toward_gpa,
  counts_toward_progress = excluded.counts_toward_progress,
  grading_mode = excluded.grading_mode,
  display_order = excluded.display_order;

insert into public.courses (id, program_id, group_id, category, code, title, credits, lecture_hours, practice_hours, lab_hours, kind, suggested_term, notes, counts_toward_gpa, counts_toward_progress, grading_mode)
values ('khmt-2024-csc17001', 'khmt-2024', 'khmt-2024-major-core', 'major-core', 'CSC17001', 'Phân tích dữ liệu thông minh', 4, 4, 0, 0, 'required', 6, null, true, true, 'numeric')
on conflict (id) do update set
  group_id = excluded.group_id,
  category = excluded.category,
  code = excluded.code,
  title = excluded.title,
  credits = excluded.credits,
  lecture_hours = excluded.lecture_hours,
  practice_hours = excluded.practice_hours,
  lab_hours = excluded.lab_hours,
  kind = excluded.kind,
  suggested_term = excluded.suggested_term,
  notes = excluded.notes,
  counts_toward_gpa = excluded.counts_toward_gpa,
  counts_toward_progress = excluded.counts_toward_progress,
  grading_mode = excluded.grading_mode;

insert into public.program_courses (id, program_id, catalog_course_id, group_id, category, kind, suggested_term, notes, counts_toward_gpa, counts_toward_progress, grading_mode, display_order)
values ('khmt-2024-csc17106', 'khmt-2024', 'CSC17106', 'khmt-2024-major-core', 'major-core', 'elective', 6, null, true, true, 'numeric', 137)
on conflict (id) do update set
  program_id = excluded.program_id,
  catalog_course_id = excluded.catalog_course_id,
  group_id = excluded.group_id,
  category = excluded.category,
  kind = excluded.kind,
  suggested_term = excluded.suggested_term,
  notes = excluded.notes,
  counts_toward_gpa = excluded.counts_toward_gpa,
  counts_toward_progress = excluded.counts_toward_progress,
  grading_mode = excluded.grading_mode,
  display_order = excluded.display_order;

insert into public.courses (id, program_id, group_id, category, code, title, credits, lecture_hours, practice_hours, lab_hours, kind, suggested_term, notes, counts_toward_gpa, counts_toward_progress, grading_mode)
values ('khmt-2024-csc17106', 'khmt-2024', 'khmt-2024-major-core', 'major-core', 'CSC17106', 'Xử lý phân tích dữ liệu trực tuyến', 4, 45, 30, 0, 'elective', 6, null, true, true, 'numeric')
on conflict (id) do update set
  group_id = excluded.group_id,
  category = excluded.category,
  code = excluded.code,
  title = excluded.title,
  credits = excluded.credits,
  lecture_hours = excluded.lecture_hours,
  practice_hours = excluded.practice_hours,
  lab_hours = excluded.lab_hours,
  kind = excluded.kind,
  suggested_term = excluded.suggested_term,
  notes = excluded.notes,
  counts_toward_gpa = excluded.counts_toward_gpa,
  counts_toward_progress = excluded.counts_toward_progress,
  grading_mode = excluded.grading_mode;

insert into public.program_courses (id, program_id, catalog_course_id, group_id, category, kind, suggested_term, notes, counts_toward_gpa, counts_toward_progress, grading_mode, display_order)
values ('khmt-2024-baa00104', 'khmt-2024', 'BAA00104', 'khmt-2024-general-education', 'general-education', 'required', 7, null, true, true, 'numeric', 138)
on conflict (id) do update set
  program_id = excluded.program_id,
  catalog_course_id = excluded.catalog_course_id,
  group_id = excluded.group_id,
  category = excluded.category,
  kind = excluded.kind,
  suggested_term = excluded.suggested_term,
  notes = excluded.notes,
  counts_toward_gpa = excluded.counts_toward_gpa,
  counts_toward_progress = excluded.counts_toward_progress,
  grading_mode = excluded.grading_mode,
  display_order = excluded.display_order;

insert into public.courses (id, program_id, group_id, category, code, title, credits, lecture_hours, practice_hours, lab_hours, kind, suggested_term, notes, counts_toward_gpa, counts_toward_progress, grading_mode)
values ('khmt-2024-baa00104', 'khmt-2024', 'khmt-2024-general-education', 'general-education', 'BAA00104', 'Lịch sử Đảng Cộng sản Việt Nam', 1, 0, 0, 0, 'required', 7, null, true, true, 'numeric')
on conflict (id) do update set
  group_id = excluded.group_id,
  category = excluded.category,
  code = excluded.code,
  title = excluded.title,
  credits = excluded.credits,
  lecture_hours = excluded.lecture_hours,
  practice_hours = excluded.practice_hours,
  lab_hours = excluded.lab_hours,
  kind = excluded.kind,
  suggested_term = excluded.suggested_term,
  notes = excluded.notes,
  counts_toward_gpa = excluded.counts_toward_gpa,
  counts_toward_progress = excluded.counts_toward_progress,
  grading_mode = excluded.grading_mode;

insert into public.program_courses (id, program_id, catalog_course_id, group_id, category, kind, suggested_term, notes, counts_toward_gpa, counts_toward_progress, grading_mode, display_order)
values ('khmt-2024-csc10251', 'khmt-2024', 'CSC10251', 'khmt-2024-graduation', 'graduation', 'graduation', 7, null, true, true, 'numeric', 139)
on conflict (id) do update set
  program_id = excluded.program_id,
  catalog_course_id = excluded.catalog_course_id,
  group_id = excluded.group_id,
  category = excluded.category,
  kind = excluded.kind,
  suggested_term = excluded.suggested_term,
  notes = excluded.notes,
  counts_toward_gpa = excluded.counts_toward_gpa,
  counts_toward_progress = excluded.counts_toward_progress,
  grading_mode = excluded.grading_mode,
  display_order = excluded.display_order;

insert into public.courses (id, program_id, group_id, category, code, title, credits, lecture_hours, practice_hours, lab_hours, kind, suggested_term, notes, counts_toward_gpa, counts_toward_progress, grading_mode)
values ('khmt-2024-csc10251', 'khmt-2024', 'khmt-2024-graduation', 'graduation', 'CSC10251', 'Khóa luận tốt nghiệp', 10, 0, 0, 300, 'graduation', 7, null, true, true, 'numeric')
on conflict (id) do update set
  group_id = excluded.group_id,
  category = excluded.category,
  code = excluded.code,
  title = excluded.title,
  credits = excluded.credits,
  lecture_hours = excluded.lecture_hours,
  practice_hours = excluded.practice_hours,
  lab_hours = excluded.lab_hours,
  kind = excluded.kind,
  suggested_term = excluded.suggested_term,
  notes = excluded.notes,
  counts_toward_gpa = excluded.counts_toward_gpa,
  counts_toward_progress = excluded.counts_toward_progress,
  grading_mode = excluded.grading_mode;

insert into public.program_courses (id, program_id, catalog_course_id, group_id, category, kind, suggested_term, notes, counts_toward_gpa, counts_toward_progress, grading_mode, display_order)
values ('khmt-2024-csc14002', 'khmt-2024', 'CSC14002', 'khmt-2024-major-core', 'major-core', 'required', 7, null, true, true, 'numeric', 140)
on conflict (id) do update set
  program_id = excluded.program_id,
  catalog_course_id = excluded.catalog_course_id,
  group_id = excluded.group_id,
  category = excluded.category,
  kind = excluded.kind,
  suggested_term = excluded.suggested_term,
  notes = excluded.notes,
  counts_toward_gpa = excluded.counts_toward_gpa,
  counts_toward_progress = excluded.counts_toward_progress,
  grading_mode = excluded.grading_mode,
  display_order = excluded.display_order;

insert into public.courses (id, program_id, group_id, category, code, title, credits, lecture_hours, practice_hours, lab_hours, kind, suggested_term, notes, counts_toward_gpa, counts_toward_progress, grading_mode)
values ('khmt-2024-csc14002', 'khmt-2024', 'khmt-2024-major-core', 'major-core', 'CSC14002', 'Các hệ cơ sở tri thức', 4, 0, 3, 0, 'required', 7, null, true, true, 'numeric')
on conflict (id) do update set
  group_id = excluded.group_id,
  category = excluded.category,
  code = excluded.code,
  title = excluded.title,
  credits = excluded.credits,
  lecture_hours = excluded.lecture_hours,
  practice_hours = excluded.practice_hours,
  lab_hours = excluded.lab_hours,
  kind = excluded.kind,
  suggested_term = excluded.suggested_term,
  notes = excluded.notes,
  counts_toward_gpa = excluded.counts_toward_gpa,
  counts_toward_progress = excluded.counts_toward_progress,
  grading_mode = excluded.grading_mode;

insert into public.program_courses (id, program_id, catalog_course_id, group_id, category, kind, suggested_term, notes, counts_toward_gpa, counts_toward_progress, grading_mode, display_order)
values ('khmt-2024-csc14112', 'khmt-2024', 'CSC14112', 'khmt-2024-major-core', 'major-core', 'elective', 7, null, true, true, 'numeric', 141)
on conflict (id) do update set
  program_id = excluded.program_id,
  catalog_course_id = excluded.catalog_course_id,
  group_id = excluded.group_id,
  category = excluded.category,
  kind = excluded.kind,
  suggested_term = excluded.suggested_term,
  notes = excluded.notes,
  counts_toward_gpa = excluded.counts_toward_gpa,
  counts_toward_progress = excluded.counts_toward_progress,
  grading_mode = excluded.grading_mode,
  display_order = excluded.display_order;

insert into public.courses (id, program_id, group_id, category, code, title, credits, lecture_hours, practice_hours, lab_hours, kind, suggested_term, notes, counts_toward_gpa, counts_toward_progress, grading_mode)
values ('khmt-2024-csc14112', 'khmt-2024', 'khmt-2024-major-core', 'major-core', 'CSC14112', 'Sinh trắc học', 4, 45, 30, 0, 'elective', 7, null, true, true, 'numeric')
on conflict (id) do update set
  group_id = excluded.group_id,
  category = excluded.category,
  code = excluded.code,
  title = excluded.title,
  credits = excluded.credits,
  lecture_hours = excluded.lecture_hours,
  practice_hours = excluded.practice_hours,
  lab_hours = excluded.lab_hours,
  kind = excluded.kind,
  suggested_term = excluded.suggested_term,
  notes = excluded.notes,
  counts_toward_gpa = excluded.counts_toward_gpa,
  counts_toward_progress = excluded.counts_toward_progress,
  grading_mode = excluded.grading_mode;

insert into public.program_courses (id, program_id, catalog_course_id, group_id, category, kind, suggested_term, notes, counts_toward_gpa, counts_toward_progress, grading_mode, display_order)
values ('khmt-2024-csc14113', 'khmt-2024', 'CSC14113', 'khmt-2024-major-core', 'major-core', 'elective', 7, null, true, true, 'numeric', 142)
on conflict (id) do update set
  program_id = excluded.program_id,
  catalog_course_id = excluded.catalog_course_id,
  group_id = excluded.group_id,
  category = excluded.category,
  kind = excluded.kind,
  suggested_term = excluded.suggested_term,
  notes = excluded.notes,
  counts_toward_gpa = excluded.counts_toward_gpa,
  counts_toward_progress = excluded.counts_toward_progress,
  grading_mode = excluded.grading_mode,
  display_order = excluded.display_order;

insert into public.courses (id, program_id, group_id, category, code, title, credits, lecture_hours, practice_hours, lab_hours, kind, suggested_term, notes, counts_toward_gpa, counts_toward_progress, grading_mode)
values ('khmt-2024-csc14113', 'khmt-2024', 'khmt-2024-major-core', 'major-core', 'CSC14113', 'Trình biên dịch', 4, 45, 30, 0, 'elective', 7, null, true, true, 'numeric')
on conflict (id) do update set
  group_id = excluded.group_id,
  category = excluded.category,
  code = excluded.code,
  title = excluded.title,
  credits = excluded.credits,
  lecture_hours = excluded.lecture_hours,
  practice_hours = excluded.practice_hours,
  lab_hours = excluded.lab_hours,
  kind = excluded.kind,
  suggested_term = excluded.suggested_term,
  notes = excluded.notes,
  counts_toward_gpa = excluded.counts_toward_gpa,
  counts_toward_progress = excluded.counts_toward_progress,
  grading_mode = excluded.grading_mode;

insert into public.program_courses (id, program_id, catalog_course_id, group_id, category, kind, suggested_term, notes, counts_toward_gpa, counts_toward_progress, grading_mode, display_order)
values ('khmt-2024-csc14117', 'khmt-2024', 'CSC14117', 'khmt-2024-major-core', 'major-core', 'required', 7, null, true, true, 'numeric', 143)
on conflict (id) do update set
  program_id = excluded.program_id,
  catalog_course_id = excluded.catalog_course_id,
  group_id = excluded.group_id,
  category = excluded.category,
  kind = excluded.kind,
  suggested_term = excluded.suggested_term,
  notes = excluded.notes,
  counts_toward_gpa = excluded.counts_toward_gpa,
  counts_toward_progress = excluded.counts_toward_progress,
  grading_mode = excluded.grading_mode,
  display_order = excluded.display_order;

insert into public.courses (id, program_id, group_id, category, code, title, credits, lecture_hours, practice_hours, lab_hours, kind, suggested_term, notes, counts_toward_gpa, counts_toward_progress, grading_mode)
values ('khmt-2024-csc14117', 'khmt-2024', 'khmt-2024-major-core', 'major-core', 'CSC14117', 'Nhập môn lập trình kết nối vạn vật', 4, 0, 0, 0, 'required', 7, null, true, true, 'numeric')
on conflict (id) do update set
  group_id = excluded.group_id,
  category = excluded.category,
  code = excluded.code,
  title = excluded.title,
  credits = excluded.credits,
  lecture_hours = excluded.lecture_hours,
  practice_hours = excluded.practice_hours,
  lab_hours = excluded.lab_hours,
  kind = excluded.kind,
  suggested_term = excluded.suggested_term,
  notes = excluded.notes,
  counts_toward_gpa = excluded.counts_toward_gpa,
  counts_toward_progress = excluded.counts_toward_progress,
  grading_mode = excluded.grading_mode;

insert into public.program_courses (id, program_id, catalog_course_id, group_id, category, kind, suggested_term, notes, counts_toward_gpa, counts_toward_progress, grading_mode, display_order)
values ('khmt-2024-csc14119', 'khmt-2024', 'CSC14119', 'khmt-2024-major-core', 'major-core', 'elective', 7, null, true, true, 'numeric', 144)
on conflict (id) do update set
  program_id = excluded.program_id,
  catalog_course_id = excluded.catalog_course_id,
  group_id = excluded.group_id,
  category = excluded.category,
  kind = excluded.kind,
  suggested_term = excluded.suggested_term,
  notes = excluded.notes,
  counts_toward_gpa = excluded.counts_toward_gpa,
  counts_toward_progress = excluded.counts_toward_progress,
  grading_mode = excluded.grading_mode,
  display_order = excluded.display_order;

insert into public.courses (id, program_id, group_id, category, code, title, credits, lecture_hours, practice_hours, lab_hours, kind, suggested_term, notes, counts_toward_gpa, counts_toward_progress, grading_mode)
values ('khmt-2024-csc14119', 'khmt-2024', 'khmt-2024-major-core', 'major-core', 'CSC14119', 'Nhập môn khoa học dữ liệu', 4, 45, 30, 0, 'elective', 7, null, true, true, 'numeric')
on conflict (id) do update set
  group_id = excluded.group_id,
  category = excluded.category,
  code = excluded.code,
  title = excluded.title,
  credits = excluded.credits,
  lecture_hours = excluded.lecture_hours,
  practice_hours = excluded.practice_hours,
  lab_hours = excluded.lab_hours,
  kind = excluded.kind,
  suggested_term = excluded.suggested_term,
  notes = excluded.notes,
  counts_toward_gpa = excluded.counts_toward_gpa,
  counts_toward_progress = excluded.counts_toward_progress,
  grading_mode = excluded.grading_mode;

insert into public.program_courses (id, program_id, catalog_course_id, group_id, category, kind, suggested_term, notes, counts_toward_gpa, counts_toward_progress, grading_mode, display_order)
values ('khmt-2024-csc14120', 'khmt-2024', 'CSC14120', 'khmt-2024-major-core', 'major-core', 'elective', 7, null, true, true, 'numeric', 145)
on conflict (id) do update set
  program_id = excluded.program_id,
  catalog_course_id = excluded.catalog_course_id,
  group_id = excluded.group_id,
  category = excluded.category,
  kind = excluded.kind,
  suggested_term = excluded.suggested_term,
  notes = excluded.notes,
  counts_toward_gpa = excluded.counts_toward_gpa,
  counts_toward_progress = excluded.counts_toward_progress,
  grading_mode = excluded.grading_mode,
  display_order = excluded.display_order;

insert into public.courses (id, program_id, group_id, category, code, title, credits, lecture_hours, practice_hours, lab_hours, kind, suggested_term, notes, counts_toward_gpa, counts_toward_progress, grading_mode)
values ('khmt-2024-csc14120', 'khmt-2024', 'khmt-2024-major-core', 'major-core', 'CSC14120', 'Lập trình song song', 4, 45, 30, 0, 'elective', 7, null, true, true, 'numeric')
on conflict (id) do update set
  group_id = excluded.group_id,
  category = excluded.category,
  code = excluded.code,
  title = excluded.title,
  credits = excluded.credits,
  lecture_hours = excluded.lecture_hours,
  practice_hours = excluded.practice_hours,
  lab_hours = excluded.lab_hours,
  kind = excluded.kind,
  suggested_term = excluded.suggested_term,
  notes = excluded.notes,
  counts_toward_gpa = excluded.counts_toward_gpa,
  counts_toward_progress = excluded.counts_toward_progress,
  grading_mode = excluded.grading_mode;

insert into public.program_courses (id, program_id, catalog_course_id, group_id, category, kind, suggested_term, notes, counts_toward_gpa, counts_toward_progress, grading_mode, display_order)
values ('khmt-2024-csc15001', 'khmt-2024', 'CSC15001', 'khmt-2024-major-core', 'major-core', 'elective', 7, null, true, true, 'numeric', 146)
on conflict (id) do update set
  program_id = excluded.program_id,
  catalog_course_id = excluded.catalog_course_id,
  group_id = excluded.group_id,
  category = excluded.category,
  kind = excluded.kind,
  suggested_term = excluded.suggested_term,
  notes = excluded.notes,
  counts_toward_gpa = excluded.counts_toward_gpa,
  counts_toward_progress = excluded.counts_toward_progress,
  grading_mode = excluded.grading_mode,
  display_order = excluded.display_order;

insert into public.courses (id, program_id, group_id, category, code, title, credits, lecture_hours, practice_hours, lab_hours, kind, suggested_term, notes, counts_toward_gpa, counts_toward_progress, grading_mode)
values ('khmt-2024-csc15001', 'khmt-2024', 'khmt-2024-major-core', 'major-core', 'CSC15001', 'An ninh máy tính', 4, 45, 30, 0, 'elective', 7, null, true, true, 'numeric')
on conflict (id) do update set
  group_id = excluded.group_id,
  category = excluded.category,
  code = excluded.code,
  title = excluded.title,
  credits = excluded.credits,
  lecture_hours = excluded.lecture_hours,
  practice_hours = excluded.practice_hours,
  lab_hours = excluded.lab_hours,
  kind = excluded.kind,
  suggested_term = excluded.suggested_term,
  notes = excluded.notes,
  counts_toward_gpa = excluded.counts_toward_gpa,
  counts_toward_progress = excluded.counts_toward_progress,
  grading_mode = excluded.grading_mode;

insert into public.program_courses (id, program_id, catalog_course_id, group_id, category, kind, suggested_term, notes, counts_toward_gpa, counts_toward_progress, grading_mode, display_order)
values ('khmt-2024-csc15010', 'khmt-2024', 'CSC15010', 'khmt-2024-major-core', 'major-core', 'required', 7, null, true, true, 'numeric', 147)
on conflict (id) do update set
  program_id = excluded.program_id,
  catalog_course_id = excluded.catalog_course_id,
  group_id = excluded.group_id,
  category = excluded.category,
  kind = excluded.kind,
  suggested_term = excluded.suggested_term,
  notes = excluded.notes,
  counts_toward_gpa = excluded.counts_toward_gpa,
  counts_toward_progress = excluded.counts_toward_progress,
  grading_mode = excluded.grading_mode,
  display_order = excluded.display_order;

insert into public.courses (id, program_id, group_id, category, code, title, credits, lecture_hours, practice_hours, lab_hours, kind, suggested_term, notes, counts_toward_gpa, counts_toward_progress, grading_mode)
values ('khmt-2024-csc15010', 'khmt-2024', 'khmt-2024-major-core', 'major-core', 'CSC15010', 'Blockchain và ứng dụng', 4, 4, 12, 0, 'required', 7, null, true, true, 'numeric')
on conflict (id) do update set
  group_id = excluded.group_id,
  category = excluded.category,
  code = excluded.code,
  title = excluded.title,
  credits = excluded.credits,
  lecture_hours = excluded.lecture_hours,
  practice_hours = excluded.practice_hours,
  lab_hours = excluded.lab_hours,
  kind = excluded.kind,
  suggested_term = excluded.suggested_term,
  notes = excluded.notes,
  counts_toward_gpa = excluded.counts_toward_gpa,
  counts_toward_progress = excluded.counts_toward_progress,
  grading_mode = excluded.grading_mode;

insert into public.program_courses (id, program_id, catalog_course_id, group_id, category, kind, suggested_term, notes, counts_toward_gpa, counts_toward_progress, grading_mode, display_order)
values ('khmt-2024-csc16002', 'khmt-2024', 'CSC16002', 'khmt-2024-major-core', 'major-core', 'required', 7, null, true, true, 'numeric', 148)
on conflict (id) do update set
  program_id = excluded.program_id,
  catalog_course_id = excluded.catalog_course_id,
  group_id = excluded.group_id,
  category = excluded.category,
  kind = excluded.kind,
  suggested_term = excluded.suggested_term,
  notes = excluded.notes,
  counts_toward_gpa = excluded.counts_toward_gpa,
  counts_toward_progress = excluded.counts_toward_progress,
  grading_mode = excluded.grading_mode,
  display_order = excluded.display_order;

insert into public.courses (id, program_id, group_id, category, code, title, credits, lecture_hours, practice_hours, lab_hours, kind, suggested_term, notes, counts_toward_gpa, counts_toward_progress, grading_mode)
values ('khmt-2024-csc16002', 'khmt-2024', 'khmt-2024-major-core', 'major-core', 'CSC16002', 'Phương pháp toán trong phân tích dữ liệu thị giác', 4, 4, 16, 0, 'required', 7, null, true, true, 'numeric')
on conflict (id) do update set
  group_id = excluded.group_id,
  category = excluded.category,
  code = excluded.code,
  title = excluded.title,
  credits = excluded.credits,
  lecture_hours = excluded.lecture_hours,
  practice_hours = excluded.practice_hours,
  lab_hours = excluded.lab_hours,
  kind = excluded.kind,
  suggested_term = excluded.suggested_term,
  notes = excluded.notes,
  counts_toward_gpa = excluded.counts_toward_gpa,
  counts_toward_progress = excluded.counts_toward_progress,
  grading_mode = excluded.grading_mode;

insert into public.program_courses (id, program_id, catalog_course_id, group_id, category, kind, suggested_term, notes, counts_toward_gpa, counts_toward_progress, grading_mode, display_order)
values ('khmt-2024-csc16102', 'khmt-2024', 'CSC16102', 'khmt-2024-major-core', 'major-core', 'elective', 7, null, true, true, 'numeric', 149)
on conflict (id) do update set
  program_id = excluded.program_id,
  catalog_course_id = excluded.catalog_course_id,
  group_id = excluded.group_id,
  category = excluded.category,
  kind = excluded.kind,
  suggested_term = excluded.suggested_term,
  notes = excluded.notes,
  counts_toward_gpa = excluded.counts_toward_gpa,
  counts_toward_progress = excluded.counts_toward_progress,
  grading_mode = excluded.grading_mode,
  display_order = excluded.display_order;

insert into public.courses (id, program_id, group_id, category, code, title, credits, lecture_hours, practice_hours, lab_hours, kind, suggested_term, notes, counts_toward_gpa, counts_toward_progress, grading_mode)
values ('khmt-2024-csc16102', 'khmt-2024', 'khmt-2024-major-core', 'major-core', 'CSC16102', 'Kỹ thuật lập trình xử lý ảnh số và video số', 4, 45, 30, 0, 'elective', 7, null, true, true, 'numeric')
on conflict (id) do update set
  group_id = excluded.group_id,
  category = excluded.category,
  code = excluded.code,
  title = excluded.title,
  credits = excluded.credits,
  lecture_hours = excluded.lecture_hours,
  practice_hours = excluded.practice_hours,
  lab_hours = excluded.lab_hours,
  kind = excluded.kind,
  suggested_term = excluded.suggested_term,
  notes = excluded.notes,
  counts_toward_gpa = excluded.counts_toward_gpa,
  counts_toward_progress = excluded.counts_toward_progress,
  grading_mode = excluded.grading_mode;

insert into public.program_courses (id, program_id, catalog_course_id, group_id, category, kind, suggested_term, notes, counts_toward_gpa, counts_toward_progress, grading_mode, display_order)
values ('khmt-2024-csc16106', 'khmt-2024', 'CSC16106', 'khmt-2024-major-core', 'major-core', 'elective', 7, null, true, true, 'numeric', 150)
on conflict (id) do update set
  program_id = excluded.program_id,
  catalog_course_id = excluded.catalog_course_id,
  group_id = excluded.group_id,
  category = excluded.category,
  kind = excluded.kind,
  suggested_term = excluded.suggested_term,
  notes = excluded.notes,
  counts_toward_gpa = excluded.counts_toward_gpa,
  counts_toward_progress = excluded.counts_toward_progress,
  grading_mode = excluded.grading_mode,
  display_order = excluded.display_order;

insert into public.courses (id, program_id, group_id, category, code, title, credits, lecture_hours, practice_hours, lab_hours, kind, suggested_term, notes, counts_toward_gpa, counts_toward_progress, grading_mode)
values ('khmt-2024-csc16106', 'khmt-2024', 'khmt-2024-major-core', 'major-core', 'CSC16106', 'Nhập môn lập trình điều khiển thiết bị thông minh', 4, 45, 30, 0, 'elective', 7, null, true, true, 'numeric')
on conflict (id) do update set
  group_id = excluded.group_id,
  category = excluded.category,
  code = excluded.code,
  title = excluded.title,
  credits = excluded.credits,
  lecture_hours = excluded.lecture_hours,
  practice_hours = excluded.practice_hours,
  lab_hours = excluded.lab_hours,
  kind = excluded.kind,
  suggested_term = excluded.suggested_term,
  notes = excluded.notes,
  counts_toward_gpa = excluded.counts_toward_gpa,
  counts_toward_progress = excluded.counts_toward_progress,
  grading_mode = excluded.grading_mode;

insert into public.program_courses (id, program_id, catalog_course_id, group_id, category, kind, suggested_term, notes, counts_toward_gpa, counts_toward_progress, grading_mode, display_order)
values ('khmt-2024-csc16107', 'khmt-2024', 'CSC16107', 'khmt-2024-major-core', 'major-core', 'elective', 7, null, true, true, 'numeric', 151)
on conflict (id) do update set
  program_id = excluded.program_id,
  catalog_course_id = excluded.catalog_course_id,
  group_id = excluded.group_id,
  category = excluded.category,
  kind = excluded.kind,
  suggested_term = excluded.suggested_term,
  notes = excluded.notes,
  counts_toward_gpa = excluded.counts_toward_gpa,
  counts_toward_progress = excluded.counts_toward_progress,
  grading_mode = excluded.grading_mode,
  display_order = excluded.display_order;

insert into public.courses (id, program_id, group_id, category, code, title, credits, lecture_hours, practice_hours, lab_hours, kind, suggested_term, notes, counts_toward_gpa, counts_toward_progress, grading_mode)
values ('khmt-2024-csc16107', 'khmt-2024', 'khmt-2024-major-core', 'major-core', 'CSC16107', 'Ứng dụng thị giác máy tính', 4, 45, 30, 0, 'elective', 7, null, true, true, 'numeric')
on conflict (id) do update set
  group_id = excluded.group_id,
  category = excluded.category,
  code = excluded.code,
  title = excluded.title,
  credits = excluded.credits,
  lecture_hours = excluded.lecture_hours,
  practice_hours = excluded.practice_hours,
  lab_hours = excluded.lab_hours,
  kind = excluded.kind,
  suggested_term = excluded.suggested_term,
  notes = excluded.notes,
  counts_toward_gpa = excluded.counts_toward_gpa,
  counts_toward_progress = excluded.counts_toward_progress,
  grading_mode = excluded.grading_mode;

insert into public.program_courses (id, program_id, catalog_course_id, group_id, category, kind, suggested_term, notes, counts_toward_gpa, counts_toward_progress, grading_mode, display_order)
values ('khmt-2024-csc16114', 'khmt-2024', 'CSC16114', 'khmt-2024-major-core', 'major-core', 'elective', 7, null, true, true, 'numeric', 152)
on conflict (id) do update set
  program_id = excluded.program_id,
  catalog_course_id = excluded.catalog_course_id,
  group_id = excluded.group_id,
  category = excluded.category,
  kind = excluded.kind,
  suggested_term = excluded.suggested_term,
  notes = excluded.notes,
  counts_toward_gpa = excluded.counts_toward_gpa,
  counts_toward_progress = excluded.counts_toward_progress,
  grading_mode = excluded.grading_mode,
  display_order = excluded.display_order;

insert into public.courses (id, program_id, group_id, category, code, title, credits, lecture_hours, practice_hours, lab_hours, kind, suggested_term, notes, counts_toward_gpa, counts_toward_progress, grading_mode)
values ('khmt-2024-csc16114', 'khmt-2024', 'khmt-2024-major-core', 'major-core', 'CSC16114', 'Học sâu trong Thị giác máy tính', 4, 45, 30, 0, 'elective', 7, null, true, true, 'numeric')
on conflict (id) do update set
  group_id = excluded.group_id,
  category = excluded.category,
  code = excluded.code,
  title = excluded.title,
  credits = excluded.credits,
  lecture_hours = excluded.lecture_hours,
  practice_hours = excluded.practice_hours,
  lab_hours = excluded.lab_hours,
  kind = excluded.kind,
  suggested_term = excluded.suggested_term,
  notes = excluded.notes,
  counts_toward_gpa = excluded.counts_toward_gpa,
  counts_toward_progress = excluded.counts_toward_progress,
  grading_mode = excluded.grading_mode;

insert into public.program_courses (id, program_id, catalog_course_id, group_id, category, kind, suggested_term, notes, counts_toward_gpa, counts_toward_progress, grading_mode, display_order)
values ('khmt-2024-baa00003', 'khmt-2024', 'BAA00003', 'khmt-2024-general-education', 'general-education', 'required', 8, null, true, true, 'numeric', 153)
on conflict (id) do update set
  program_id = excluded.program_id,
  catalog_course_id = excluded.catalog_course_id,
  group_id = excluded.group_id,
  category = excluded.category,
  kind = excluded.kind,
  suggested_term = excluded.suggested_term,
  notes = excluded.notes,
  counts_toward_gpa = excluded.counts_toward_gpa,
  counts_toward_progress = excluded.counts_toward_progress,
  grading_mode = excluded.grading_mode,
  display_order = excluded.display_order;

insert into public.courses (id, program_id, group_id, category, code, title, credits, lecture_hours, practice_hours, lab_hours, kind, suggested_term, notes, counts_toward_gpa, counts_toward_progress, grading_mode)
values ('khmt-2024-baa00003', 'khmt-2024', 'khmt-2024-general-education', 'general-education', 'BAA00003', 'Tư tưởng Hồ Chí Minh', 2, 30, 0, 0, 'required', 8, null, true, true, 'numeric')
on conflict (id) do update set
  group_id = excluded.group_id,
  category = excluded.category,
  code = excluded.code,
  title = excluded.title,
  credits = excluded.credits,
  lecture_hours = excluded.lecture_hours,
  practice_hours = excluded.practice_hours,
  lab_hours = excluded.lab_hours,
  kind = excluded.kind,
  suggested_term = excluded.suggested_term,
  notes = excluded.notes,
  counts_toward_gpa = excluded.counts_toward_gpa,
  counts_toward_progress = excluded.counts_toward_progress,
  grading_mode = excluded.grading_mode;

insert into public.program_courses (id, program_id, catalog_course_id, group_id, category, kind, suggested_term, notes, counts_toward_gpa, counts_toward_progress, grading_mode, display_order)
values ('khmt-2024-csc10204', 'khmt-2024', 'CSC10204', 'khmt-2024-graduation', 'graduation', 'graduation', 8, null, true, true, 'numeric', 154)
on conflict (id) do update set
  program_id = excluded.program_id,
  catalog_course_id = excluded.catalog_course_id,
  group_id = excluded.group_id,
  category = excluded.category,
  kind = excluded.kind,
  suggested_term = excluded.suggested_term,
  notes = excluded.notes,
  counts_toward_gpa = excluded.counts_toward_gpa,
  counts_toward_progress = excluded.counts_toward_progress,
  grading_mode = excluded.grading_mode,
  display_order = excluded.display_order;

insert into public.courses (id, program_id, group_id, category, code, title, credits, lecture_hours, practice_hours, lab_hours, kind, suggested_term, notes, counts_toward_gpa, counts_toward_progress, grading_mode)
values ('khmt-2024-csc10204', 'khmt-2024', 'khmt-2024-graduation', 'graduation', 'CSC10204', 'Thực tập dự án tốt nghiệp', 6, 0, 0, 0, 'graduation', 8, null, true, true, 'numeric')
on conflict (id) do update set
  group_id = excluded.group_id,
  category = excluded.category,
  code = excluded.code,
  title = excluded.title,
  credits = excluded.credits,
  lecture_hours = excluded.lecture_hours,
  practice_hours = excluded.practice_hours,
  lab_hours = excluded.lab_hours,
  kind = excluded.kind,
  suggested_term = excluded.suggested_term,
  notes = excluded.notes,
  counts_toward_gpa = excluded.counts_toward_gpa,
  counts_toward_progress = excluded.counts_toward_progress,
  grading_mode = excluded.grading_mode;

insert into public.program_courses (id, program_id, catalog_course_id, group_id, category, kind, suggested_term, notes, counts_toward_gpa, counts_toward_progress, grading_mode, display_order)
values ('khmt-2024-csc10252', 'khmt-2024', 'CSC10252', 'khmt-2024-graduation', 'graduation', 'graduation', 8, null, true, true, 'numeric', 155)
on conflict (id) do update set
  program_id = excluded.program_id,
  catalog_course_id = excluded.catalog_course_id,
  group_id = excluded.group_id,
  category = excluded.category,
  kind = excluded.kind,
  suggested_term = excluded.suggested_term,
  notes = excluded.notes,
  counts_toward_gpa = excluded.counts_toward_gpa,
  counts_toward_progress = excluded.counts_toward_progress,
  grading_mode = excluded.grading_mode,
  display_order = excluded.display_order;

insert into public.courses (id, program_id, group_id, category, code, title, credits, lecture_hours, practice_hours, lab_hours, kind, suggested_term, notes, counts_toward_gpa, counts_toward_progress, grading_mode)
values ('khmt-2024-csc10252', 'khmt-2024', 'khmt-2024-graduation', 'graduation', 'CSC10252', 'Thực tập tốt nghiệp', 10, 0, 0, 0, 'graduation', 8, null, true, true, 'numeric')
on conflict (id) do update set
  group_id = excluded.group_id,
  category = excluded.category,
  code = excluded.code,
  title = excluded.title,
  credits = excluded.credits,
  lecture_hours = excluded.lecture_hours,
  practice_hours = excluded.practice_hours,
  lab_hours = excluded.lab_hours,
  kind = excluded.kind,
  suggested_term = excluded.suggested_term,
  notes = excluded.notes,
  counts_toward_gpa = excluded.counts_toward_gpa,
  counts_toward_progress = excluded.counts_toward_progress,
  grading_mode = excluded.grading_mode;

insert into public.program_courses (id, program_id, catalog_course_id, group_id, category, kind, suggested_term, notes, counts_toward_gpa, counts_toward_progress, grading_mode, display_order)
values ('khmt-2024-csc16105', 'khmt-2024', 'CSC16105', 'khmt-2024-major-core', 'major-core', 'elective', 8, null, true, true, 'numeric', 156)
on conflict (id) do update set
  program_id = excluded.program_id,
  catalog_course_id = excluded.catalog_course_id,
  group_id = excluded.group_id,
  category = excluded.category,
  kind = excluded.kind,
  suggested_term = excluded.suggested_term,
  notes = excluded.notes,
  counts_toward_gpa = excluded.counts_toward_gpa,
  counts_toward_progress = excluded.counts_toward_progress,
  grading_mode = excluded.grading_mode,
  display_order = excluded.display_order;

insert into public.courses (id, program_id, group_id, category, code, title, credits, lecture_hours, practice_hours, lab_hours, kind, suggested_term, notes, counts_toward_gpa, counts_toward_progress, grading_mode)
values ('khmt-2024-csc16105', 'khmt-2024', 'khmt-2024-major-core', 'major-core', 'CSC16105', 'Truy vấn thông tin thị giác', 4, 45, 30, 0, 'elective', 8, null, true, true, 'numeric')
on conflict (id) do update set
  group_id = excluded.group_id,
  category = excluded.category,
  code = excluded.code,
  title = excluded.title,
  credits = excluded.credits,
  lecture_hours = excluded.lecture_hours,
  practice_hours = excluded.practice_hours,
  lab_hours = excluded.lab_hours,
  kind = excluded.kind,
  suggested_term = excluded.suggested_term,
  notes = excluded.notes,
  counts_toward_gpa = excluded.counts_toward_gpa,
  counts_toward_progress = excluded.counts_toward_progress,
  grading_mode = excluded.grading_mode;

insert into public.program_courses (id, program_id, catalog_course_id, group_id, category, kind, suggested_term, notes, counts_toward_gpa, counts_toward_progress, grading_mode, display_order)
values ('khmt-2024-csc16113', 'khmt-2024', 'CSC16113', 'khmt-2024-major-core', 'major-core', 'elective', 8, null, true, true, 'numeric', 157)
on conflict (id) do update set
  program_id = excluded.program_id,
  catalog_course_id = excluded.catalog_course_id,
  group_id = excluded.group_id,
  category = excluded.category,
  kind = excluded.kind,
  suggested_term = excluded.suggested_term,
  notes = excluded.notes,
  counts_toward_gpa = excluded.counts_toward_gpa,
  counts_toward_progress = excluded.counts_toward_progress,
  grading_mode = excluded.grading_mode,
  display_order = excluded.display_order;

insert into public.courses (id, program_id, group_id, category, code, title, credits, lecture_hours, practice_hours, lab_hours, kind, suggested_term, notes, counts_toward_gpa, counts_toward_progress, grading_mode)
values ('khmt-2024-csc16113', 'khmt-2024', 'khmt-2024-major-core', 'major-core', 'CSC16113', 'Thị giác máy tính ba chiều', 4, 45, 30, 0, 'elective', 8, null, true, true, 'numeric')
on conflict (id) do update set
  group_id = excluded.group_id,
  category = excluded.category,
  code = excluded.code,
  title = excluded.title,
  credits = excluded.credits,
  lecture_hours = excluded.lecture_hours,
  practice_hours = excluded.practice_hours,
  lab_hours = excluded.lab_hours,
  kind = excluded.kind,
  suggested_term = excluded.suggested_term,
  notes = excluded.notes,
  counts_toward_gpa = excluded.counts_toward_gpa,
  counts_toward_progress = excluded.counts_toward_progress,
  grading_mode = excluded.grading_mode;

insert into public.programs (id, code, name, english_name, degree, duration_years, total_credits, source_note, curriculum_coverage_note)
values ('ktpm-2024', '7480103', 'Kỹ thuật phần mềm', 'Software Engineering', 'Cử nhân Kỹ thuật phần mềm', 4, 138, 'Dữ liệu curriculum được chuẩn hóa từ bộ docs HCMUS khóa tuyển 2024.', 'Bao phủ đầy đủ phần chương trình đào tạo chính của CTĐT KTPM khóa 2024; runtime chỉ dùng dữ liệu seed đã chuẩn hóa, không parse PDF.')
on conflict (id) do update set
  code = excluded.code,
  name = excluded.name,
  english_name = excluded.english_name,
  degree = excluded.degree,
  duration_years = excluded.duration_years,
  total_credits = excluded.total_credits,
  source_note = excluded.source_note,
  curriculum_coverage_note = excluded.curriculum_coverage_note;

insert into public.course_groups (id, program_id, title, category, required_credits, description, display_order)
values ('ktpm-2024-general-education', 'ktpm-2024', 'Giáo dục đại cương', 'general-education', 56, 'Khối kiến thức đại cương tính vào tín chỉ tốt nghiệp; không kể Ngoại ngữ, GDTC và GDQPAN.', 1)
on conflict (id) do update set
  title = excluded.title,
  category = excluded.category,
  required_credits = excluded.required_credits,
  description = excluded.description,
  display_order = excluded.display_order;

insert into public.course_groups (id, program_id, title, category, required_credits, description, display_order)
values ('ktpm-2024-foundation', 'ktpm-2024', 'Cơ sở ngành', 'foundation', 38, 'Khối kiến thức nền tảng và cơ sở của ngành công nghệ thông tin.', 2)
on conflict (id) do update set
  title = excluded.title,
  category = excluded.category,
  required_credits = excluded.required_credits,
  description = excluded.description,
  display_order = excluded.display_order;

insert into public.course_groups (id, program_id, title, category, required_credits, description, display_order)
values ('ktpm-2024-major-core', 'ktpm-2024', 'Ngành chuyên ngành', 'major-core', 16, 'Các học phần chuyên ngành bắt buộc theo định hướng chương trình.', 3)
on conflict (id) do update set
  title = excluded.title,
  category = excluded.category,
  required_credits = excluded.required_credits,
  description = excluded.description,
  display_order = excluded.display_order;

insert into public.course_groups (id, program_id, title, category, required_credits, description, display_order)
values ('ktpm-2024-major-elective', 'ktpm-2024', 'Tự chọn chuyên ngành', 'major-elective', 18, 'Các học phần tự chọn ngành, chuyên ngành và học phần mở rộng theo CTĐT.', 4)
on conflict (id) do update set
  title = excluded.title,
  category = excluded.category,
  required_credits = excluded.required_credits,
  description = excluded.description,
  display_order = excluded.display_order;

insert into public.course_groups (id, program_id, title, category, required_credits, description, display_order)
values ('ktpm-2024-graduation', 'ktpm-2024', 'Tốt nghiệp', 'graduation', 10, 'Thực tập, đồ án, khóa luận và các học phần tốt nghiệp.', 5)
on conflict (id) do update set
  title = excluded.title,
  category = excluded.category,
  required_credits = excluded.required_credits,
  description = excluded.description,
  display_order = excluded.display_order;

insert into public.program_requirement_sections (id, program_id, title, category, required_credits, elective_credits, free_elective_credits, total_credits, counts_toward_program_total, source_note, display_order)
values ('ktpm-2024-general-education-requirement', 'ktpm-2024', 'Giáo dục đại cương (I)', 'general-education', 42, 14, 0, 56, true, 'Theo bảng tổng hợp CTĐT khóa 2024; không kể Ngoại ngữ, GDTC và GDQPAN.', 1)
on conflict (id) do update set
  title = excluded.title,
  category = excluded.category,
  required_credits = excluded.required_credits,
  elective_credits = excluded.elective_credits,
  free_elective_credits = excluded.free_elective_credits,
  total_credits = excluded.total_credits,
  counts_toward_program_total = excluded.counts_toward_program_total,
  source_note = excluded.source_note,
  display_order = excluded.display_order;

insert into public.program_requirement_sections (id, program_id, title, category, required_credits, elective_credits, free_elective_credits, total_credits, counts_toward_program_total, source_note, display_order)
values ('ktpm-2024-foundation-requirement', 'ktpm-2024', 'Cơ sở ngành (2)', 'foundation', 38, 0, 0, 38, true, 'Theo bảng tổng hợp CTĐT khóa 2024.', 2)
on conflict (id) do update set
  title = excluded.title,
  category = excluded.category,
  required_credits = excluded.required_credits,
  elective_credits = excluded.elective_credits,
  free_elective_credits = excluded.free_elective_credits,
  total_credits = excluded.total_credits,
  counts_toward_program_total = excluded.counts_toward_program_total,
  source_note = excluded.source_note,
  display_order = excluded.display_order;

insert into public.program_requirement_sections (id, program_id, title, category, required_credits, elective_credits, free_elective_credits, total_credits, counts_toward_program_total, source_note, display_order)
values ('ktpm-2024-major-requirement', 'ktpm-2024', 'Chuyên ngành (3)', 'major', 16, 8, 10, 34, true, 'Theo bảng tổng hợp CTĐT khóa 2024; app hiện hiển thị tổng, chưa khóa hướng chuyên ngành.', 3)
on conflict (id) do update set
  title = excluded.title,
  category = excluded.category,
  required_credits = excluded.required_credits,
  elective_credits = excluded.elective_credits,
  free_elective_credits = excluded.free_elective_credits,
  total_credits = excluded.total_credits,
  counts_toward_program_total = excluded.counts_toward_program_total,
  source_note = excluded.source_note,
  display_order = excluded.display_order;

insert into public.program_requirement_sections (id, program_id, title, category, required_credits, elective_credits, free_elective_credits, total_credits, counts_toward_program_total, source_note, display_order)
values ('ktpm-2024-graduation-requirement', 'ktpm-2024', 'Tốt nghiệp (4)', 'graduation', 0, 10, 0, 10, true, 'Theo bảng tổng hợp CTĐT khóa 2024.', 4)
on conflict (id) do update set
  title = excluded.title,
  category = excluded.category,
  required_credits = excluded.required_credits,
  elective_credits = excluded.elective_credits,
  free_elective_credits = excluded.free_elective_credits,
  total_credits = excluded.total_credits,
  counts_toward_program_total = excluded.counts_toward_program_total,
  source_note = excluded.source_note,
  display_order = excluded.display_order;

insert into public.program_courses (id, program_id, catalog_course_id, group_id, category, kind, suggested_term, notes, counts_toward_gpa, counts_toward_progress, grading_mode, display_order)
values ('ktpm-2024-add00031', 'ktpm-2024', 'ADD00031', 'ktpm-2024-general-education', 'general-education', 'required', 1, null, false, false, 'numeric_or_pass_fail', 1)
on conflict (id) do update set
  program_id = excluded.program_id,
  catalog_course_id = excluded.catalog_course_id,
  group_id = excluded.group_id,
  category = excluded.category,
  kind = excluded.kind,
  suggested_term = excluded.suggested_term,
  notes = excluded.notes,
  counts_toward_gpa = excluded.counts_toward_gpa,
  counts_toward_progress = excluded.counts_toward_progress,
  grading_mode = excluded.grading_mode,
  display_order = excluded.display_order;

insert into public.courses (id, program_id, group_id, category, code, title, credits, lecture_hours, practice_hours, lab_hours, kind, suggested_term, notes, counts_toward_gpa, counts_toward_progress, grading_mode)
values ('ktpm-2024-add00031', 'ktpm-2024', 'ktpm-2024-general-education', 'general-education', 'ADD00031', 'Anh văn 1', 3, 30, 30, 0, 'required', 1, null, false, false, 'numeric_or_pass_fail')
on conflict (id) do update set
  group_id = excluded.group_id,
  category = excluded.category,
  code = excluded.code,
  title = excluded.title,
  credits = excluded.credits,
  lecture_hours = excluded.lecture_hours,
  practice_hours = excluded.practice_hours,
  lab_hours = excluded.lab_hours,
  kind = excluded.kind,
  suggested_term = excluded.suggested_term,
  notes = excluded.notes,
  counts_toward_gpa = excluded.counts_toward_gpa,
  counts_toward_progress = excluded.counts_toward_progress,
  grading_mode = excluded.grading_mode;

insert into public.program_courses (id, program_id, catalog_course_id, group_id, category, kind, suggested_term, notes, counts_toward_gpa, counts_toward_progress, grading_mode, display_order)
values ('ktpm-2024-baa00021', 'ktpm-2024', 'BAA00021', 'ktpm-2024-general-education', 'general-education', 'required', 1, null, false, false, 'numeric_or_pass_fail', 2)
on conflict (id) do update set
  program_id = excluded.program_id,
  catalog_course_id = excluded.catalog_course_id,
  group_id = excluded.group_id,
  category = excluded.category,
  kind = excluded.kind,
  suggested_term = excluded.suggested_term,
  notes = excluded.notes,
  counts_toward_gpa = excluded.counts_toward_gpa,
  counts_toward_progress = excluded.counts_toward_progress,
  grading_mode = excluded.grading_mode,
  display_order = excluded.display_order;

insert into public.courses (id, program_id, group_id, category, code, title, credits, lecture_hours, practice_hours, lab_hours, kind, suggested_term, notes, counts_toward_gpa, counts_toward_progress, grading_mode)
values ('ktpm-2024-baa00021', 'ktpm-2024', 'ktpm-2024-general-education', 'general-education', 'BAA00021', 'Thể dục 1', 2, 15, 30, 0, 'required', 1, null, false, false, 'numeric_or_pass_fail')
on conflict (id) do update set
  group_id = excluded.group_id,
  category = excluded.category,
  code = excluded.code,
  title = excluded.title,
  credits = excluded.credits,
  lecture_hours = excluded.lecture_hours,
  practice_hours = excluded.practice_hours,
  lab_hours = excluded.lab_hours,
  kind = excluded.kind,
  suggested_term = excluded.suggested_term,
  notes = excluded.notes,
  counts_toward_gpa = excluded.counts_toward_gpa,
  counts_toward_progress = excluded.counts_toward_progress,
  grading_mode = excluded.grading_mode;

insert into public.program_courses (id, program_id, catalog_course_id, group_id, category, kind, suggested_term, notes, counts_toward_gpa, counts_toward_progress, grading_mode, display_order)
values ('ktpm-2024-baa00030', 'ktpm-2024', 'BAA00030', 'ktpm-2024-general-education', 'general-education', 'required', 1, null, false, false, 'numeric_or_pass_fail', 3)
on conflict (id) do update set
  program_id = excluded.program_id,
  catalog_course_id = excluded.catalog_course_id,
  group_id = excluded.group_id,
  category = excluded.category,
  kind = excluded.kind,
  suggested_term = excluded.suggested_term,
  notes = excluded.notes,
  counts_toward_gpa = excluded.counts_toward_gpa,
  counts_toward_progress = excluded.counts_toward_progress,
  grading_mode = excluded.grading_mode,
  display_order = excluded.display_order;

insert into public.courses (id, program_id, group_id, category, code, title, credits, lecture_hours, practice_hours, lab_hours, kind, suggested_term, notes, counts_toward_gpa, counts_toward_progress, grading_mode)
values ('ktpm-2024-baa00030', 'ktpm-2024', 'ktpm-2024-general-education', 'general-education', 'BAA00030', 'Giáo dục quốc phòng - an ninh', 4, 0, 0, 0, 'required', 1, null, false, false, 'numeric_or_pass_fail')
on conflict (id) do update set
  group_id = excluded.group_id,
  category = excluded.category,
  code = excluded.code,
  title = excluded.title,
  credits = excluded.credits,
  lecture_hours = excluded.lecture_hours,
  practice_hours = excluded.practice_hours,
  lab_hours = excluded.lab_hours,
  kind = excluded.kind,
  suggested_term = excluded.suggested_term,
  notes = excluded.notes,
  counts_toward_gpa = excluded.counts_toward_gpa,
  counts_toward_progress = excluded.counts_toward_progress,
  grading_mode = excluded.grading_mode;

insert into public.program_courses (id, program_id, catalog_course_id, group_id, category, kind, suggested_term, notes, counts_toward_gpa, counts_toward_progress, grading_mode, display_order)
values ('ktpm-2024-baa00102', 'ktpm-2024', 'BAA00102', 'ktpm-2024-general-education', 'general-education', 'required', 1, null, true, true, 'numeric', 4)
on conflict (id) do update set
  program_id = excluded.program_id,
  catalog_course_id = excluded.catalog_course_id,
  group_id = excluded.group_id,
  category = excluded.category,
  kind = excluded.kind,
  suggested_term = excluded.suggested_term,
  notes = excluded.notes,
  counts_toward_gpa = excluded.counts_toward_gpa,
  counts_toward_progress = excluded.counts_toward_progress,
  grading_mode = excluded.grading_mode,
  display_order = excluded.display_order;

insert into public.courses (id, program_id, group_id, category, code, title, credits, lecture_hours, practice_hours, lab_hours, kind, suggested_term, notes, counts_toward_gpa, counts_toward_progress, grading_mode)
values ('ktpm-2024-baa00102', 'ktpm-2024', 'ktpm-2024-general-education', 'general-education', 'BAA00102', 'Kinh tế chính trị Mác - Lênin', 2, 30, 0, 0, 'required', 1, null, true, true, 'numeric')
on conflict (id) do update set
  group_id = excluded.group_id,
  category = excluded.category,
  code = excluded.code,
  title = excluded.title,
  credits = excluded.credits,
  lecture_hours = excluded.lecture_hours,
  practice_hours = excluded.practice_hours,
  lab_hours = excluded.lab_hours,
  kind = excluded.kind,
  suggested_term = excluded.suggested_term,
  notes = excluded.notes,
  counts_toward_gpa = excluded.counts_toward_gpa,
  counts_toward_progress = excluded.counts_toward_progress,
  grading_mode = excluded.grading_mode;

insert into public.program_courses (id, program_id, catalog_course_id, group_id, category, kind, suggested_term, notes, counts_toward_gpa, counts_toward_progress, grading_mode, display_order)
values ('ktpm-2024-baa00103', 'ktpm-2024', 'BAA00103', 'ktpm-2024-general-education', 'general-education', 'required', 1, null, true, true, 'numeric', 5)
on conflict (id) do update set
  program_id = excluded.program_id,
  catalog_course_id = excluded.catalog_course_id,
  group_id = excluded.group_id,
  category = excluded.category,
  kind = excluded.kind,
  suggested_term = excluded.suggested_term,
  notes = excluded.notes,
  counts_toward_gpa = excluded.counts_toward_gpa,
  counts_toward_progress = excluded.counts_toward_progress,
  grading_mode = excluded.grading_mode,
  display_order = excluded.display_order;

insert into public.courses (id, program_id, group_id, category, code, title, credits, lecture_hours, practice_hours, lab_hours, kind, suggested_term, notes, counts_toward_gpa, counts_toward_progress, grading_mode)
values ('ktpm-2024-baa00103', 'ktpm-2024', 'ktpm-2024-general-education', 'general-education', 'BAA00103', 'Chủ nghĩa xã hội khoa học', 2, 30, 0, 0, 'required', 1, null, true, true, 'numeric')
on conflict (id) do update set
  group_id = excluded.group_id,
  category = excluded.category,
  code = excluded.code,
  title = excluded.title,
  credits = excluded.credits,
  lecture_hours = excluded.lecture_hours,
  practice_hours = excluded.practice_hours,
  lab_hours = excluded.lab_hours,
  kind = excluded.kind,
  suggested_term = excluded.suggested_term,
  notes = excluded.notes,
  counts_toward_gpa = excluded.counts_toward_gpa,
  counts_toward_progress = excluded.counts_toward_progress,
  grading_mode = excluded.grading_mode;

insert into public.program_courses (id, program_id, catalog_course_id, group_id, category, kind, suggested_term, notes, counts_toward_gpa, counts_toward_progress, grading_mode, display_order)
values ('ktpm-2024-bio00002', 'ktpm-2024', 'BIO00002', 'ktpm-2024-general-education', 'general-education', 'elective', 1, null, true, true, 'numeric', 6)
on conflict (id) do update set
  program_id = excluded.program_id,
  catalog_course_id = excluded.catalog_course_id,
  group_id = excluded.group_id,
  category = excluded.category,
  kind = excluded.kind,
  suggested_term = excluded.suggested_term,
  notes = excluded.notes,
  counts_toward_gpa = excluded.counts_toward_gpa,
  counts_toward_progress = excluded.counts_toward_progress,
  grading_mode = excluded.grading_mode,
  display_order = excluded.display_order;

insert into public.courses (id, program_id, group_id, category, code, title, credits, lecture_hours, practice_hours, lab_hours, kind, suggested_term, notes, counts_toward_gpa, counts_toward_progress, grading_mode)
values ('ktpm-2024-bio00002', 'ktpm-2024', 'ktpm-2024-general-education', 'general-education', 'BIO00002', 'Sinh đại cương 2', 3, 45, 0, 0, 'elective', 1, null, true, true, 'numeric')
on conflict (id) do update set
  group_id = excluded.group_id,
  category = excluded.category,
  code = excluded.code,
  title = excluded.title,
  credits = excluded.credits,
  lecture_hours = excluded.lecture_hours,
  practice_hours = excluded.practice_hours,
  lab_hours = excluded.lab_hours,
  kind = excluded.kind,
  suggested_term = excluded.suggested_term,
  notes = excluded.notes,
  counts_toward_gpa = excluded.counts_toward_gpa,
  counts_toward_progress = excluded.counts_toward_progress,
  grading_mode = excluded.grading_mode;

insert into public.program_courses (id, program_id, catalog_course_id, group_id, category, kind, suggested_term, notes, counts_toward_gpa, counts_toward_progress, grading_mode, display_order)
values ('ktpm-2024-bio00081', 'ktpm-2024', 'BIO00081', 'ktpm-2024-general-education', 'general-education', 'elective', 1, null, true, true, 'numeric', 7)
on conflict (id) do update set
  program_id = excluded.program_id,
  catalog_course_id = excluded.catalog_course_id,
  group_id = excluded.group_id,
  category = excluded.category,
  kind = excluded.kind,
  suggested_term = excluded.suggested_term,
  notes = excluded.notes,
  counts_toward_gpa = excluded.counts_toward_gpa,
  counts_toward_progress = excluded.counts_toward_progress,
  grading_mode = excluded.grading_mode,
  display_order = excluded.display_order;

insert into public.courses (id, program_id, group_id, category, code, title, credits, lecture_hours, practice_hours, lab_hours, kind, suggested_term, notes, counts_toward_gpa, counts_toward_progress, grading_mode)
values ('ktpm-2024-bio00081', 'ktpm-2024', 'ktpm-2024-general-education', 'general-education', 'BIO00081', 'Thực tập Sinh đại cương 1', 1, 0, 30, 0, 'elective', 1, null, true, true, 'numeric')
on conflict (id) do update set
  group_id = excluded.group_id,
  category = excluded.category,
  code = excluded.code,
  title = excluded.title,
  credits = excluded.credits,
  lecture_hours = excluded.lecture_hours,
  practice_hours = excluded.practice_hours,
  lab_hours = excluded.lab_hours,
  kind = excluded.kind,
  suggested_term = excluded.suggested_term,
  notes = excluded.notes,
  counts_toward_gpa = excluded.counts_toward_gpa,
  counts_toward_progress = excluded.counts_toward_progress,
  grading_mode = excluded.grading_mode;

insert into public.program_courses (id, program_id, catalog_course_id, group_id, category, kind, suggested_term, notes, counts_toward_gpa, counts_toward_progress, grading_mode, display_order)
values ('ktpm-2024-bio00082', 'ktpm-2024', 'BIO00082', 'ktpm-2024-general-education', 'general-education', 'elective', 1, null, true, true, 'numeric', 8)
on conflict (id) do update set
  program_id = excluded.program_id,
  catalog_course_id = excluded.catalog_course_id,
  group_id = excluded.group_id,
  category = excluded.category,
  kind = excluded.kind,
  suggested_term = excluded.suggested_term,
  notes = excluded.notes,
  counts_toward_gpa = excluded.counts_toward_gpa,
  counts_toward_progress = excluded.counts_toward_progress,
  grading_mode = excluded.grading_mode,
  display_order = excluded.display_order;

insert into public.courses (id, program_id, group_id, category, code, title, credits, lecture_hours, practice_hours, lab_hours, kind, suggested_term, notes, counts_toward_gpa, counts_toward_progress, grading_mode)
values ('ktpm-2024-bio00082', 'ktpm-2024', 'ktpm-2024-general-education', 'general-education', 'BIO00082', 'Thực tập Sinh đại cương 2', 1, 0, 30, 0, 'elective', 1, null, true, true, 'numeric')
on conflict (id) do update set
  group_id = excluded.group_id,
  category = excluded.category,
  code = excluded.code,
  title = excluded.title,
  credits = excluded.credits,
  lecture_hours = excluded.lecture_hours,
  practice_hours = excluded.practice_hours,
  lab_hours = excluded.lab_hours,
  kind = excluded.kind,
  suggested_term = excluded.suggested_term,
  notes = excluded.notes,
  counts_toward_gpa = excluded.counts_toward_gpa,
  counts_toward_progress = excluded.counts_toward_progress,
  grading_mode = excluded.grading_mode;

insert into public.program_courses (id, program_id, catalog_course_id, group_id, category, kind, suggested_term, notes, counts_toward_gpa, counts_toward_progress, grading_mode, display_order)
values ('ktpm-2024-che00001', 'ktpm-2024', 'CHE00001', 'ktpm-2024-general-education', 'general-education', 'elective', 1, null, true, true, 'numeric', 9)
on conflict (id) do update set
  program_id = excluded.program_id,
  catalog_course_id = excluded.catalog_course_id,
  group_id = excluded.group_id,
  category = excluded.category,
  kind = excluded.kind,
  suggested_term = excluded.suggested_term,
  notes = excluded.notes,
  counts_toward_gpa = excluded.counts_toward_gpa,
  counts_toward_progress = excluded.counts_toward_progress,
  grading_mode = excluded.grading_mode,
  display_order = excluded.display_order;

insert into public.courses (id, program_id, group_id, category, code, title, credits, lecture_hours, practice_hours, lab_hours, kind, suggested_term, notes, counts_toward_gpa, counts_toward_progress, grading_mode)
values ('ktpm-2024-che00001', 'ktpm-2024', 'ktpm-2024-general-education', 'general-education', 'CHE00001', 'Hóa đại cương 1', 3, 30, 0, 30, 'elective', 1, null, true, true, 'numeric')
on conflict (id) do update set
  group_id = excluded.group_id,
  category = excluded.category,
  code = excluded.code,
  title = excluded.title,
  credits = excluded.credits,
  lecture_hours = excluded.lecture_hours,
  practice_hours = excluded.practice_hours,
  lab_hours = excluded.lab_hours,
  kind = excluded.kind,
  suggested_term = excluded.suggested_term,
  notes = excluded.notes,
  counts_toward_gpa = excluded.counts_toward_gpa,
  counts_toward_progress = excluded.counts_toward_progress,
  grading_mode = excluded.grading_mode;

insert into public.program_courses (id, program_id, catalog_course_id, group_id, category, kind, suggested_term, notes, counts_toward_gpa, counts_toward_progress, grading_mode, display_order)
values ('ktpm-2024-che00002', 'ktpm-2024', 'CHE00002', 'ktpm-2024-general-education', 'general-education', 'elective', 1, null, true, true, 'numeric', 10)
on conflict (id) do update set
  program_id = excluded.program_id,
  catalog_course_id = excluded.catalog_course_id,
  group_id = excluded.group_id,
  category = excluded.category,
  kind = excluded.kind,
  suggested_term = excluded.suggested_term,
  notes = excluded.notes,
  counts_toward_gpa = excluded.counts_toward_gpa,
  counts_toward_progress = excluded.counts_toward_progress,
  grading_mode = excluded.grading_mode,
  display_order = excluded.display_order;

insert into public.courses (id, program_id, group_id, category, code, title, credits, lecture_hours, practice_hours, lab_hours, kind, suggested_term, notes, counts_toward_gpa, counts_toward_progress, grading_mode)
values ('ktpm-2024-che00002', 'ktpm-2024', 'ktpm-2024-general-education', 'general-education', 'CHE00002', 'Hóa đại cương 2', 3, 30, 0, 30, 'elective', 1, null, true, true, 'numeric')
on conflict (id) do update set
  group_id = excluded.group_id,
  category = excluded.category,
  code = excluded.code,
  title = excluded.title,
  credits = excluded.credits,
  lecture_hours = excluded.lecture_hours,
  practice_hours = excluded.practice_hours,
  lab_hours = excluded.lab_hours,
  kind = excluded.kind,
  suggested_term = excluded.suggested_term,
  notes = excluded.notes,
  counts_toward_gpa = excluded.counts_toward_gpa,
  counts_toward_progress = excluded.counts_toward_progress,
  grading_mode = excluded.grading_mode;

insert into public.program_courses (id, program_id, catalog_course_id, group_id, category, kind, suggested_term, notes, counts_toward_gpa, counts_toward_progress, grading_mode, display_order)
values ('ktpm-2024-che00081', 'ktpm-2024', 'CHE00081', 'ktpm-2024-general-education', 'general-education', 'elective', 1, null, true, true, 'numeric', 11)
on conflict (id) do update set
  program_id = excluded.program_id,
  catalog_course_id = excluded.catalog_course_id,
  group_id = excluded.group_id,
  category = excluded.category,
  kind = excluded.kind,
  suggested_term = excluded.suggested_term,
  notes = excluded.notes,
  counts_toward_gpa = excluded.counts_toward_gpa,
  counts_toward_progress = excluded.counts_toward_progress,
  grading_mode = excluded.grading_mode,
  display_order = excluded.display_order;

insert into public.courses (id, program_id, group_id, category, code, title, credits, lecture_hours, practice_hours, lab_hours, kind, suggested_term, notes, counts_toward_gpa, counts_toward_progress, grading_mode)
values ('ktpm-2024-che00081', 'ktpm-2024', 'ktpm-2024-general-education', 'general-education', 'CHE00081', 'Thực hành Hóa đại cương 1', 2, 0, 60, 0, 'elective', 1, null, true, true, 'numeric')
on conflict (id) do update set
  group_id = excluded.group_id,
  category = excluded.category,
  code = excluded.code,
  title = excluded.title,
  credits = excluded.credits,
  lecture_hours = excluded.lecture_hours,
  practice_hours = excluded.practice_hours,
  lab_hours = excluded.lab_hours,
  kind = excluded.kind,
  suggested_term = excluded.suggested_term,
  notes = excluded.notes,
  counts_toward_gpa = excluded.counts_toward_gpa,
  counts_toward_progress = excluded.counts_toward_progress,
  grading_mode = excluded.grading_mode;

insert into public.program_courses (id, program_id, catalog_course_id, group_id, category, kind, suggested_term, notes, counts_toward_gpa, counts_toward_progress, grading_mode, display_order)
values ('ktpm-2024-che00082', 'ktpm-2024', 'CHE00082', 'ktpm-2024-general-education', 'general-education', 'elective', 1, null, true, true, 'numeric', 12)
on conflict (id) do update set
  program_id = excluded.program_id,
  catalog_course_id = excluded.catalog_course_id,
  group_id = excluded.group_id,
  category = excluded.category,
  kind = excluded.kind,
  suggested_term = excluded.suggested_term,
  notes = excluded.notes,
  counts_toward_gpa = excluded.counts_toward_gpa,
  counts_toward_progress = excluded.counts_toward_progress,
  grading_mode = excluded.grading_mode,
  display_order = excluded.display_order;

insert into public.courses (id, program_id, group_id, category, code, title, credits, lecture_hours, practice_hours, lab_hours, kind, suggested_term, notes, counts_toward_gpa, counts_toward_progress, grading_mode)
values ('ktpm-2024-che00082', 'ktpm-2024', 'ktpm-2024-general-education', 'general-education', 'CHE00082', 'Thực hành Hóa đại cương 2', 3, 45, 0, 0, 'elective', 1, null, true, true, 'numeric')
on conflict (id) do update set
  group_id = excluded.group_id,
  category = excluded.category,
  code = excluded.code,
  title = excluded.title,
  credits = excluded.credits,
  lecture_hours = excluded.lecture_hours,
  practice_hours = excluded.practice_hours,
  lab_hours = excluded.lab_hours,
  kind = excluded.kind,
  suggested_term = excluded.suggested_term,
  notes = excluded.notes,
  counts_toward_gpa = excluded.counts_toward_gpa,
  counts_toward_progress = excluded.counts_toward_progress,
  grading_mode = excluded.grading_mode;

insert into public.program_courses (id, program_id, catalog_course_id, group_id, category, kind, suggested_term, notes, counts_toward_gpa, counts_toward_progress, grading_mode, display_order)
values ('ktpm-2024-csc00004', 'ktpm-2024', 'CSC00004', 'ktpm-2024-foundation', 'foundation', 'required', 1, null, true, true, 'numeric', 13)
on conflict (id) do update set
  program_id = excluded.program_id,
  catalog_course_id = excluded.catalog_course_id,
  group_id = excluded.group_id,
  category = excluded.category,
  kind = excluded.kind,
  suggested_term = excluded.suggested_term,
  notes = excluded.notes,
  counts_toward_gpa = excluded.counts_toward_gpa,
  counts_toward_progress = excluded.counts_toward_progress,
  grading_mode = excluded.grading_mode,
  display_order = excluded.display_order;

insert into public.courses (id, program_id, group_id, category, code, title, credits, lecture_hours, practice_hours, lab_hours, kind, suggested_term, notes, counts_toward_gpa, counts_toward_progress, grading_mode)
values ('ktpm-2024-csc00004', 'ktpm-2024', 'ktpm-2024-foundation', 'foundation', 'CSC00004', 'Nhập môn công nghệ thông tin', 4, 45, 30, 0, 'required', 1, null, true, true, 'numeric')
on conflict (id) do update set
  group_id = excluded.group_id,
  category = excluded.category,
  code = excluded.code,
  title = excluded.title,
  credits = excluded.credits,
  lecture_hours = excluded.lecture_hours,
  practice_hours = excluded.practice_hours,
  lab_hours = excluded.lab_hours,
  kind = excluded.kind,
  suggested_term = excluded.suggested_term,
  notes = excluded.notes,
  counts_toward_gpa = excluded.counts_toward_gpa,
  counts_toward_progress = excluded.counts_toward_progress,
  grading_mode = excluded.grading_mode;

insert into public.program_courses (id, program_id, catalog_course_id, group_id, category, kind, suggested_term, notes, counts_toward_gpa, counts_toward_progress, grading_mode, display_order)
values ('ktpm-2024-csc10012', 'ktpm-2024', 'CSC10012', 'ktpm-2024-foundation', 'foundation', 'required', 1, null, true, true, 'numeric', 14)
on conflict (id) do update set
  program_id = excluded.program_id,
  catalog_course_id = excluded.catalog_course_id,
  group_id = excluded.group_id,
  category = excluded.category,
  kind = excluded.kind,
  suggested_term = excluded.suggested_term,
  notes = excluded.notes,
  counts_toward_gpa = excluded.counts_toward_gpa,
  counts_toward_progress = excluded.counts_toward_progress,
  grading_mode = excluded.grading_mode,
  display_order = excluded.display_order;

insert into public.courses (id, program_id, group_id, category, code, title, credits, lecture_hours, practice_hours, lab_hours, kind, suggested_term, notes, counts_toward_gpa, counts_toward_progress, grading_mode)
values ('ktpm-2024-csc10012', 'ktpm-2024', 'ktpm-2024-foundation', 'foundation', 'CSC10012', 'Cơ sở lập trình', 4, 45, 30, 0, 'required', 1, null, true, true, 'numeric')
on conflict (id) do update set
  group_id = excluded.group_id,
  category = excluded.category,
  code = excluded.code,
  title = excluded.title,
  credits = excluded.credits,
  lecture_hours = excluded.lecture_hours,
  practice_hours = excluded.practice_hours,
  lab_hours = excluded.lab_hours,
  kind = excluded.kind,
  suggested_term = excluded.suggested_term,
  notes = excluded.notes,
  counts_toward_gpa = excluded.counts_toward_gpa,
  counts_toward_progress = excluded.counts_toward_progress,
  grading_mode = excluded.grading_mode;

insert into public.program_courses (id, program_id, catalog_course_id, group_id, category, kind, suggested_term, notes, counts_toward_gpa, counts_toward_progress, grading_mode, display_order)
values ('ktpm-2024-env00001', 'ktpm-2024', 'ENV00001', 'ktpm-2024-general-education', 'general-education', 'elective', 1, null, true, true, 'numeric', 15)
on conflict (id) do update set
  program_id = excluded.program_id,
  catalog_course_id = excluded.catalog_course_id,
  group_id = excluded.group_id,
  category = excluded.category,
  kind = excluded.kind,
  suggested_term = excluded.suggested_term,
  notes = excluded.notes,
  counts_toward_gpa = excluded.counts_toward_gpa,
  counts_toward_progress = excluded.counts_toward_progress,
  grading_mode = excluded.grading_mode,
  display_order = excluded.display_order;

insert into public.courses (id, program_id, group_id, category, code, title, credits, lecture_hours, practice_hours, lab_hours, kind, suggested_term, notes, counts_toward_gpa, counts_toward_progress, grading_mode)
values ('ktpm-2024-env00001', 'ktpm-2024', 'ktpm-2024-general-education', 'general-education', 'ENV00001', 'Môi trường đại cương', 2, 30, 0, 0, 'elective', 1, null, true, true, 'numeric')
on conflict (id) do update set
  group_id = excluded.group_id,
  category = excluded.category,
  code = excluded.code,
  title = excluded.title,
  credits = excluded.credits,
  lecture_hours = excluded.lecture_hours,
  practice_hours = excluded.practice_hours,
  lab_hours = excluded.lab_hours,
  kind = excluded.kind,
  suggested_term = excluded.suggested_term,
  notes = excluded.notes,
  counts_toward_gpa = excluded.counts_toward_gpa,
  counts_toward_progress = excluded.counts_toward_progress,
  grading_mode = excluded.grading_mode;

insert into public.program_courses (id, program_id, catalog_course_id, group_id, category, kind, suggested_term, notes, counts_toward_gpa, counts_toward_progress, grading_mode, display_order)
values ('ktpm-2024-env00003', 'ktpm-2024', 'ENV00003', 'ktpm-2024-general-education', 'general-education', 'elective', 1, null, true, true, 'numeric', 16)
on conflict (id) do update set
  program_id = excluded.program_id,
  catalog_course_id = excluded.catalog_course_id,
  group_id = excluded.group_id,
  category = excluded.category,
  kind = excluded.kind,
  suggested_term = excluded.suggested_term,
  notes = excluded.notes,
  counts_toward_gpa = excluded.counts_toward_gpa,
  counts_toward_progress = excluded.counts_toward_progress,
  grading_mode = excluded.grading_mode,
  display_order = excluded.display_order;

insert into public.courses (id, program_id, group_id, category, code, title, credits, lecture_hours, practice_hours, lab_hours, kind, suggested_term, notes, counts_toward_gpa, counts_toward_progress, grading_mode)
values ('ktpm-2024-env00003', 'ktpm-2024', 'ktpm-2024-general-education', 'general-education', 'ENV00003', 'Con người và môi trường', 2, 30, 0, 0, 'elective', 1, null, true, true, 'numeric')
on conflict (id) do update set
  group_id = excluded.group_id,
  category = excluded.category,
  code = excluded.code,
  title = excluded.title,
  credits = excluded.credits,
  lecture_hours = excluded.lecture_hours,
  practice_hours = excluded.practice_hours,
  lab_hours = excluded.lab_hours,
  kind = excluded.kind,
  suggested_term = excluded.suggested_term,
  notes = excluded.notes,
  counts_toward_gpa = excluded.counts_toward_gpa,
  counts_toward_progress = excluded.counts_toward_progress,
  grading_mode = excluded.grading_mode;

insert into public.program_courses (id, program_id, catalog_course_id, group_id, category, kind, suggested_term, notes, counts_toward_gpa, counts_toward_progress, grading_mode, display_order)
values ('ktpm-2024-geo00002', 'ktpm-2024', 'GEO00002', 'ktpm-2024-general-education', 'general-education', 'elective', 1, null, true, true, 'numeric', 17)
on conflict (id) do update set
  program_id = excluded.program_id,
  catalog_course_id = excluded.catalog_course_id,
  group_id = excluded.group_id,
  category = excluded.category,
  kind = excluded.kind,
  suggested_term = excluded.suggested_term,
  notes = excluded.notes,
  counts_toward_gpa = excluded.counts_toward_gpa,
  counts_toward_progress = excluded.counts_toward_progress,
  grading_mode = excluded.grading_mode,
  display_order = excluded.display_order;

insert into public.courses (id, program_id, group_id, category, code, title, credits, lecture_hours, practice_hours, lab_hours, kind, suggested_term, notes, counts_toward_gpa, counts_toward_progress, grading_mode)
values ('ktpm-2024-geo00002', 'ktpm-2024', 'ktpm-2024-general-education', 'general-education', 'GEO00002', 'Khoa học Trái đất', 2, 30, 0, 0, 'elective', 1, null, true, true, 'numeric')
on conflict (id) do update set
  group_id = excluded.group_id,
  category = excluded.category,
  code = excluded.code,
  title = excluded.title,
  credits = excluded.credits,
  lecture_hours = excluded.lecture_hours,
  practice_hours = excluded.practice_hours,
  lab_hours = excluded.lab_hours,
  kind = excluded.kind,
  suggested_term = excluded.suggested_term,
  notes = excluded.notes,
  counts_toward_gpa = excluded.counts_toward_gpa,
  counts_toward_progress = excluded.counts_toward_progress,
  grading_mode = excluded.grading_mode;

insert into public.program_courses (id, program_id, catalog_course_id, group_id, category, kind, suggested_term, notes, counts_toward_gpa, counts_toward_progress, grading_mode, display_order)
values ('ktpm-2024-mth00021', 'ktpm-2024', 'MTH00021', 'ktpm-2024-general-education', 'general-education', 'required', 1, null, true, true, 'numeric', 18)
on conflict (id) do update set
  program_id = excluded.program_id,
  catalog_course_id = excluded.catalog_course_id,
  group_id = excluded.group_id,
  category = excluded.category,
  kind = excluded.kind,
  suggested_term = excluded.suggested_term,
  notes = excluded.notes,
  counts_toward_gpa = excluded.counts_toward_gpa,
  counts_toward_progress = excluded.counts_toward_progress,
  grading_mode = excluded.grading_mode,
  display_order = excluded.display_order;

insert into public.courses (id, program_id, group_id, category, code, title, credits, lecture_hours, practice_hours, lab_hours, kind, suggested_term, notes, counts_toward_gpa, counts_toward_progress, grading_mode)
values ('ktpm-2024-mth00021', 'ktpm-2024', 'ktpm-2024-general-education', 'general-education', 'MTH00021', 'Vi tích phân 1', 4, 45, 30, 0, 'required', 1, null, true, true, 'numeric')
on conflict (id) do update set
  group_id = excluded.group_id,
  category = excluded.category,
  code = excluded.code,
  title = excluded.title,
  credits = excluded.credits,
  lecture_hours = excluded.lecture_hours,
  practice_hours = excluded.practice_hours,
  lab_hours = excluded.lab_hours,
  kind = excluded.kind,
  suggested_term = excluded.suggested_term,
  notes = excluded.notes,
  counts_toward_gpa = excluded.counts_toward_gpa,
  counts_toward_progress = excluded.counts_toward_progress,
  grading_mode = excluded.grading_mode;

insert into public.program_courses (id, program_id, catalog_course_id, group_id, category, kind, suggested_term, notes, counts_toward_gpa, counts_toward_progress, grading_mode, display_order)
values ('ktpm-2024-mth00044', 'ktpm-2024', 'MTH00044', 'ktpm-2024-general-education', 'general-education', 'required', 1, null, true, true, 'numeric', 19)
on conflict (id) do update set
  program_id = excluded.program_id,
  catalog_course_id = excluded.catalog_course_id,
  group_id = excluded.group_id,
  category = excluded.category,
  kind = excluded.kind,
  suggested_term = excluded.suggested_term,
  notes = excluded.notes,
  counts_toward_gpa = excluded.counts_toward_gpa,
  counts_toward_progress = excluded.counts_toward_progress,
  grading_mode = excluded.grading_mode,
  display_order = excluded.display_order;

insert into public.courses (id, program_id, group_id, category, code, title, credits, lecture_hours, practice_hours, lab_hours, kind, suggested_term, notes, counts_toward_gpa, counts_toward_progress, grading_mode)
values ('ktpm-2024-mth00044', 'ktpm-2024', 'ktpm-2024-general-education', 'general-education', 'MTH00044', 'Xác suất thống kê', 4, 45, 30, 0, 'required', 1, null, true, true, 'numeric')
on conflict (id) do update set
  group_id = excluded.group_id,
  category = excluded.category,
  code = excluded.code,
  title = excluded.title,
  credits = excluded.credits,
  lecture_hours = excluded.lecture_hours,
  practice_hours = excluded.practice_hours,
  lab_hours = excluded.lab_hours,
  kind = excluded.kind,
  suggested_term = excluded.suggested_term,
  notes = excluded.notes,
  counts_toward_gpa = excluded.counts_toward_gpa,
  counts_toward_progress = excluded.counts_toward_progress,
  grading_mode = excluded.grading_mode;

insert into public.program_courses (id, program_id, catalog_course_id, group_id, category, kind, suggested_term, notes, counts_toward_gpa, counts_toward_progress, grading_mode, display_order)
values ('ktpm-2024-mth00045', 'ktpm-2024', 'MTH00045', 'ktpm-2024-general-education', 'general-education', 'required', 1, null, true, true, 'numeric', 20)
on conflict (id) do update set
  program_id = excluded.program_id,
  catalog_course_id = excluded.catalog_course_id,
  group_id = excluded.group_id,
  category = excluded.category,
  kind = excluded.kind,
  suggested_term = excluded.suggested_term,
  notes = excluded.notes,
  counts_toward_gpa = excluded.counts_toward_gpa,
  counts_toward_progress = excluded.counts_toward_progress,
  grading_mode = excluded.grading_mode,
  display_order = excluded.display_order;

insert into public.courses (id, program_id, group_id, category, code, title, credits, lecture_hours, practice_hours, lab_hours, kind, suggested_term, notes, counts_toward_gpa, counts_toward_progress, grading_mode)
values ('ktpm-2024-mth00045', 'ktpm-2024', 'ktpm-2024-general-education', 'general-education', 'MTH00045', 'Toán rời rạc', 4, 45, 30, 0, 'required', 1, null, true, true, 'numeric')
on conflict (id) do update set
  group_id = excluded.group_id,
  category = excluded.category,
  code = excluded.code,
  title = excluded.title,
  credits = excluded.credits,
  lecture_hours = excluded.lecture_hours,
  practice_hours = excluded.practice_hours,
  lab_hours = excluded.lab_hours,
  kind = excluded.kind,
  suggested_term = excluded.suggested_term,
  notes = excluded.notes,
  counts_toward_gpa = excluded.counts_toward_gpa,
  counts_toward_progress = excluded.counts_toward_progress,
  grading_mode = excluded.grading_mode;

insert into public.program_courses (id, program_id, catalog_course_id, group_id, category, kind, suggested_term, notes, counts_toward_gpa, counts_toward_progress, grading_mode, display_order)
values ('ktpm-2024-mth00050', 'ktpm-2024', 'MTH00050', 'ktpm-2024-general-education', 'general-education', 'required', 1, null, true, true, 'numeric', 21)
on conflict (id) do update set
  program_id = excluded.program_id,
  catalog_course_id = excluded.catalog_course_id,
  group_id = excluded.group_id,
  category = excluded.category,
  kind = excluded.kind,
  suggested_term = excluded.suggested_term,
  notes = excluded.notes,
  counts_toward_gpa = excluded.counts_toward_gpa,
  counts_toward_progress = excluded.counts_toward_progress,
  grading_mode = excluded.grading_mode,
  display_order = excluded.display_order;

insert into public.courses (id, program_id, group_id, category, code, title, credits, lecture_hours, practice_hours, lab_hours, kind, suggested_term, notes, counts_toward_gpa, counts_toward_progress, grading_mode)
values ('ktpm-2024-mth00050', 'ktpm-2024', 'ktpm-2024-general-education', 'general-education', 'MTH00050', 'Toán học tổ hợp', 4, 45, 30, 0, 'required', 1, null, true, true, 'numeric')
on conflict (id) do update set
  group_id = excluded.group_id,
  category = excluded.category,
  code = excluded.code,
  title = excluded.title,
  credits = excluded.credits,
  lecture_hours = excluded.lecture_hours,
  practice_hours = excluded.practice_hours,
  lab_hours = excluded.lab_hours,
  kind = excluded.kind,
  suggested_term = excluded.suggested_term,
  notes = excluded.notes,
  counts_toward_gpa = excluded.counts_toward_gpa,
  counts_toward_progress = excluded.counts_toward_progress,
  grading_mode = excluded.grading_mode;

insert into public.program_courses (id, program_id, catalog_course_id, group_id, category, kind, suggested_term, notes, counts_toward_gpa, counts_toward_progress, grading_mode, display_order)
values ('ktpm-2024-phy00001', 'ktpm-2024', 'PHY00001', 'ktpm-2024-general-education', 'general-education', 'elective', 1, null, true, true, 'numeric', 22)
on conflict (id) do update set
  program_id = excluded.program_id,
  catalog_course_id = excluded.catalog_course_id,
  group_id = excluded.group_id,
  category = excluded.category,
  kind = excluded.kind,
  suggested_term = excluded.suggested_term,
  notes = excluded.notes,
  counts_toward_gpa = excluded.counts_toward_gpa,
  counts_toward_progress = excluded.counts_toward_progress,
  grading_mode = excluded.grading_mode,
  display_order = excluded.display_order;

insert into public.courses (id, program_id, group_id, category, code, title, credits, lecture_hours, practice_hours, lab_hours, kind, suggested_term, notes, counts_toward_gpa, counts_toward_progress, grading_mode)
values ('ktpm-2024-phy00001', 'ktpm-2024', 'ktpm-2024-general-education', 'general-education', 'PHY00001', 'Vật lý đại cương 1 (Cơ - Nhiệt)', 3, 45, 0, 0, 'elective', 1, null, true, true, 'numeric')
on conflict (id) do update set
  group_id = excluded.group_id,
  category = excluded.category,
  code = excluded.code,
  title = excluded.title,
  credits = excluded.credits,
  lecture_hours = excluded.lecture_hours,
  practice_hours = excluded.practice_hours,
  lab_hours = excluded.lab_hours,
  kind = excluded.kind,
  suggested_term = excluded.suggested_term,
  notes = excluded.notes,
  counts_toward_gpa = excluded.counts_toward_gpa,
  counts_toward_progress = excluded.counts_toward_progress,
  grading_mode = excluded.grading_mode;

insert into public.program_courses (id, program_id, catalog_course_id, group_id, category, kind, suggested_term, notes, counts_toward_gpa, counts_toward_progress, grading_mode, display_order)
values ('ktpm-2024-phy00081', 'ktpm-2024', 'PHY00081', 'ktpm-2024-general-education', 'general-education', 'elective', 1, null, true, true, 'numeric', 23)
on conflict (id) do update set
  program_id = excluded.program_id,
  catalog_course_id = excluded.catalog_course_id,
  group_id = excluded.group_id,
  category = excluded.category,
  kind = excluded.kind,
  suggested_term = excluded.suggested_term,
  notes = excluded.notes,
  counts_toward_gpa = excluded.counts_toward_gpa,
  counts_toward_progress = excluded.counts_toward_progress,
  grading_mode = excluded.grading_mode,
  display_order = excluded.display_order;

insert into public.courses (id, program_id, group_id, category, code, title, credits, lecture_hours, practice_hours, lab_hours, kind, suggested_term, notes, counts_toward_gpa, counts_toward_progress, grading_mode)
values ('ktpm-2024-phy00081', 'ktpm-2024', 'ktpm-2024-general-education', 'general-education', 'PHY00081', 'Thực hành Vật lý đại cương', 2, 0, 60, 0, 'elective', 1, null, true, true, 'numeric')
on conflict (id) do update set
  group_id = excluded.group_id,
  category = excluded.category,
  code = excluded.code,
  title = excluded.title,
  credits = excluded.credits,
  lecture_hours = excluded.lecture_hours,
  practice_hours = excluded.practice_hours,
  lab_hours = excluded.lab_hours,
  kind = excluded.kind,
  suggested_term = excluded.suggested_term,
  notes = excluded.notes,
  counts_toward_gpa = excluded.counts_toward_gpa,
  counts_toward_progress = excluded.counts_toward_progress,
  grading_mode = excluded.grading_mode;

insert into public.program_courses (id, program_id, catalog_course_id, group_id, category, kind, suggested_term, notes, counts_toward_gpa, counts_toward_progress, grading_mode, display_order)
values ('ktpm-2024-add00032', 'ktpm-2024', 'ADD00032', 'ktpm-2024-general-education', 'general-education', 'required', 2, null, false, false, 'numeric_or_pass_fail', 24)
on conflict (id) do update set
  program_id = excluded.program_id,
  catalog_course_id = excluded.catalog_course_id,
  group_id = excluded.group_id,
  category = excluded.category,
  kind = excluded.kind,
  suggested_term = excluded.suggested_term,
  notes = excluded.notes,
  counts_toward_gpa = excluded.counts_toward_gpa,
  counts_toward_progress = excluded.counts_toward_progress,
  grading_mode = excluded.grading_mode,
  display_order = excluded.display_order;

insert into public.courses (id, program_id, group_id, category, code, title, credits, lecture_hours, practice_hours, lab_hours, kind, suggested_term, notes, counts_toward_gpa, counts_toward_progress, grading_mode)
values ('ktpm-2024-add00032', 'ktpm-2024', 'ktpm-2024-general-education', 'general-education', 'ADD00032', 'Anh văn 2', 3, 30, 30, 0, 'required', 2, null, false, false, 'numeric_or_pass_fail')
on conflict (id) do update set
  group_id = excluded.group_id,
  category = excluded.category,
  code = excluded.code,
  title = excluded.title,
  credits = excluded.credits,
  lecture_hours = excluded.lecture_hours,
  practice_hours = excluded.practice_hours,
  lab_hours = excluded.lab_hours,
  kind = excluded.kind,
  suggested_term = excluded.suggested_term,
  notes = excluded.notes,
  counts_toward_gpa = excluded.counts_toward_gpa,
  counts_toward_progress = excluded.counts_toward_progress,
  grading_mode = excluded.grading_mode;

insert into public.program_courses (id, program_id, catalog_course_id, group_id, category, kind, suggested_term, notes, counts_toward_gpa, counts_toward_progress, grading_mode, display_order)
values ('ktpm-2024-baa00004', 'ktpm-2024', 'BAA00004', 'ktpm-2024-general-education', 'general-education', 'required', 2, null, true, true, 'numeric', 25)
on conflict (id) do update set
  program_id = excluded.program_id,
  catalog_course_id = excluded.catalog_course_id,
  group_id = excluded.group_id,
  category = excluded.category,
  kind = excluded.kind,
  suggested_term = excluded.suggested_term,
  notes = excluded.notes,
  counts_toward_gpa = excluded.counts_toward_gpa,
  counts_toward_progress = excluded.counts_toward_progress,
  grading_mode = excluded.grading_mode,
  display_order = excluded.display_order;

insert into public.courses (id, program_id, group_id, category, code, title, credits, lecture_hours, practice_hours, lab_hours, kind, suggested_term, notes, counts_toward_gpa, counts_toward_progress, grading_mode)
values ('ktpm-2024-baa00004', 'ktpm-2024', 'ktpm-2024-general-education', 'general-education', 'BAA00004', 'Pháp luật đại cương', 3, 45, 0, 0, 'required', 2, null, true, true, 'numeric')
on conflict (id) do update set
  group_id = excluded.group_id,
  category = excluded.category,
  code = excluded.code,
  title = excluded.title,
  credits = excluded.credits,
  lecture_hours = excluded.lecture_hours,
  practice_hours = excluded.practice_hours,
  lab_hours = excluded.lab_hours,
  kind = excluded.kind,
  suggested_term = excluded.suggested_term,
  notes = excluded.notes,
  counts_toward_gpa = excluded.counts_toward_gpa,
  counts_toward_progress = excluded.counts_toward_progress,
  grading_mode = excluded.grading_mode;

insert into public.program_courses (id, program_id, catalog_course_id, group_id, category, kind, suggested_term, notes, counts_toward_gpa, counts_toward_progress, grading_mode, display_order)
values ('ktpm-2024-baa00022', 'ktpm-2024', 'BAA00022', 'ktpm-2024-general-education', 'general-education', 'required', 2, null, false, false, 'numeric_or_pass_fail', 26)
on conflict (id) do update set
  program_id = excluded.program_id,
  catalog_course_id = excluded.catalog_course_id,
  group_id = excluded.group_id,
  category = excluded.category,
  kind = excluded.kind,
  suggested_term = excluded.suggested_term,
  notes = excluded.notes,
  counts_toward_gpa = excluded.counts_toward_gpa,
  counts_toward_progress = excluded.counts_toward_progress,
  grading_mode = excluded.grading_mode,
  display_order = excluded.display_order;

insert into public.courses (id, program_id, group_id, category, code, title, credits, lecture_hours, practice_hours, lab_hours, kind, suggested_term, notes, counts_toward_gpa, counts_toward_progress, grading_mode)
values ('ktpm-2024-baa00022', 'ktpm-2024', 'ktpm-2024-general-education', 'general-education', 'BAA00022', 'Thể dục 2', 2, 15, 30, 0, 'required', 2, null, false, false, 'numeric_or_pass_fail')
on conflict (id) do update set
  group_id = excluded.group_id,
  category = excluded.category,
  code = excluded.code,
  title = excluded.title,
  credits = excluded.credits,
  lecture_hours = excluded.lecture_hours,
  practice_hours = excluded.practice_hours,
  lab_hours = excluded.lab_hours,
  kind = excluded.kind,
  suggested_term = excluded.suggested_term,
  notes = excluded.notes,
  counts_toward_gpa = excluded.counts_toward_gpa,
  counts_toward_progress = excluded.counts_toward_progress,
  grading_mode = excluded.grading_mode;

insert into public.program_courses (id, program_id, catalog_course_id, group_id, category, kind, suggested_term, notes, counts_toward_gpa, counts_toward_progress, grading_mode, display_order)
values ('ktpm-2024-csc10003', 'ktpm-2024', 'CSC10003', 'ktpm-2024-foundation', 'foundation', 'required', 2, null, true, true, 'numeric', 27)
on conflict (id) do update set
  program_id = excluded.program_id,
  catalog_course_id = excluded.catalog_course_id,
  group_id = excluded.group_id,
  category = excluded.category,
  kind = excluded.kind,
  suggested_term = excluded.suggested_term,
  notes = excluded.notes,
  counts_toward_gpa = excluded.counts_toward_gpa,
  counts_toward_progress = excluded.counts_toward_progress,
  grading_mode = excluded.grading_mode,
  display_order = excluded.display_order;

insert into public.courses (id, program_id, group_id, category, code, title, credits, lecture_hours, practice_hours, lab_hours, kind, suggested_term, notes, counts_toward_gpa, counts_toward_progress, grading_mode)
values ('ktpm-2024-csc10003', 'ktpm-2024', 'ktpm-2024-foundation', 'foundation', 'CSC10003', 'Phương pháp lập trình hướng đối tượng', 4, 30, 0, 0, 'required', 2, null, true, true, 'numeric')
on conflict (id) do update set
  group_id = excluded.group_id,
  category = excluded.category,
  code = excluded.code,
  title = excluded.title,
  credits = excluded.credits,
  lecture_hours = excluded.lecture_hours,
  practice_hours = excluded.practice_hours,
  lab_hours = excluded.lab_hours,
  kind = excluded.kind,
  suggested_term = excluded.suggested_term,
  notes = excluded.notes,
  counts_toward_gpa = excluded.counts_toward_gpa,
  counts_toward_progress = excluded.counts_toward_progress,
  grading_mode = excluded.grading_mode;

insert into public.program_courses (id, program_id, catalog_course_id, group_id, category, kind, suggested_term, notes, counts_toward_gpa, counts_toward_progress, grading_mode, display_order)
values ('ktpm-2024-csc10004', 'ktpm-2024', 'CSC10004', 'ktpm-2024-foundation', 'foundation', 'required', 2, null, true, true, 'numeric', 28)
on conflict (id) do update set
  program_id = excluded.program_id,
  catalog_course_id = excluded.catalog_course_id,
  group_id = excluded.group_id,
  category = excluded.category,
  kind = excluded.kind,
  suggested_term = excluded.suggested_term,
  notes = excluded.notes,
  counts_toward_gpa = excluded.counts_toward_gpa,
  counts_toward_progress = excluded.counts_toward_progress,
  grading_mode = excluded.grading_mode,
  display_order = excluded.display_order;

insert into public.courses (id, program_id, group_id, category, code, title, credits, lecture_hours, practice_hours, lab_hours, kind, suggested_term, notes, counts_toward_gpa, counts_toward_progress, grading_mode)
values ('ktpm-2024-csc10004', 'ktpm-2024', 'ktpm-2024-foundation', 'foundation', 'CSC10004', 'Cấu trúc dữ liệu và giải thuật', 4, 45, 30, 0, 'required', 2, null, true, true, 'numeric')
on conflict (id) do update set
  group_id = excluded.group_id,
  category = excluded.category,
  code = excluded.code,
  title = excluded.title,
  credits = excluded.credits,
  lecture_hours = excluded.lecture_hours,
  practice_hours = excluded.practice_hours,
  lab_hours = excluded.lab_hours,
  kind = excluded.kind,
  suggested_term = excluded.suggested_term,
  notes = excluded.notes,
  counts_toward_gpa = excluded.counts_toward_gpa,
  counts_toward_progress = excluded.counts_toward_progress,
  grading_mode = excluded.grading_mode;

insert into public.program_courses (id, program_id, catalog_course_id, group_id, category, kind, suggested_term, notes, counts_toward_gpa, counts_toward_progress, grading_mode, display_order)
values ('ktpm-2024-csc10007', 'ktpm-2024', 'CSC10007', 'ktpm-2024-foundation', 'foundation', 'required', 2, null, true, true, 'numeric', 29)
on conflict (id) do update set
  program_id = excluded.program_id,
  catalog_course_id = excluded.catalog_course_id,
  group_id = excluded.group_id,
  category = excluded.category,
  kind = excluded.kind,
  suggested_term = excluded.suggested_term,
  notes = excluded.notes,
  counts_toward_gpa = excluded.counts_toward_gpa,
  counts_toward_progress = excluded.counts_toward_progress,
  grading_mode = excluded.grading_mode,
  display_order = excluded.display_order;

insert into public.courses (id, program_id, group_id, category, code, title, credits, lecture_hours, practice_hours, lab_hours, kind, suggested_term, notes, counts_toward_gpa, counts_toward_progress, grading_mode)
values ('ktpm-2024-csc10007', 'ktpm-2024', 'ktpm-2024-foundation', 'foundation', 'CSC10007', 'Hệ điều hành', 4, 45, 30, 0, 'required', 2, null, true, true, 'numeric')
on conflict (id) do update set
  group_id = excluded.group_id,
  category = excluded.category,
  code = excluded.code,
  title = excluded.title,
  credits = excluded.credits,
  lecture_hours = excluded.lecture_hours,
  practice_hours = excluded.practice_hours,
  lab_hours = excluded.lab_hours,
  kind = excluded.kind,
  suggested_term = excluded.suggested_term,
  notes = excluded.notes,
  counts_toward_gpa = excluded.counts_toward_gpa,
  counts_toward_progress = excluded.counts_toward_progress,
  grading_mode = excluded.grading_mode;

insert into public.program_courses (id, program_id, catalog_course_id, group_id, category, kind, suggested_term, notes, counts_toward_gpa, counts_toward_progress, grading_mode, display_order)
values ('ktpm-2024-csc10008', 'ktpm-2024', 'CSC10008', 'ktpm-2024-foundation', 'foundation', 'required', 2, null, true, true, 'numeric', 30)
on conflict (id) do update set
  program_id = excluded.program_id,
  catalog_course_id = excluded.catalog_course_id,
  group_id = excluded.group_id,
  category = excluded.category,
  kind = excluded.kind,
  suggested_term = excluded.suggested_term,
  notes = excluded.notes,
  counts_toward_gpa = excluded.counts_toward_gpa,
  counts_toward_progress = excluded.counts_toward_progress,
  grading_mode = excluded.grading_mode,
  display_order = excluded.display_order;

insert into public.courses (id, program_id, group_id, category, code, title, credits, lecture_hours, practice_hours, lab_hours, kind, suggested_term, notes, counts_toward_gpa, counts_toward_progress, grading_mode)
values ('ktpm-2024-csc10008', 'ktpm-2024', 'ktpm-2024-foundation', 'foundation', 'CSC10008', 'Mạng máy tính', 4, 0, 0, 0, 'required', 2, null, true, true, 'numeric')
on conflict (id) do update set
  group_id = excluded.group_id,
  category = excluded.category,
  code = excluded.code,
  title = excluded.title,
  credits = excluded.credits,
  lecture_hours = excluded.lecture_hours,
  practice_hours = excluded.practice_hours,
  lab_hours = excluded.lab_hours,
  kind = excluded.kind,
  suggested_term = excluded.suggested_term,
  notes = excluded.notes,
  counts_toward_gpa = excluded.counts_toward_gpa,
  counts_toward_progress = excluded.counts_toward_progress,
  grading_mode = excluded.grading_mode;

insert into public.program_courses (id, program_id, catalog_course_id, group_id, category, kind, suggested_term, notes, counts_toward_gpa, counts_toward_progress, grading_mode, display_order)
values ('ktpm-2024-mth00022', 'ktpm-2024', 'MTH00022', 'ktpm-2024-general-education', 'general-education', 'required', 2, null, true, true, 'numeric', 31)
on conflict (id) do update set
  program_id = excluded.program_id,
  catalog_course_id = excluded.catalog_course_id,
  group_id = excluded.group_id,
  category = excluded.category,
  kind = excluded.kind,
  suggested_term = excluded.suggested_term,
  notes = excluded.notes,
  counts_toward_gpa = excluded.counts_toward_gpa,
  counts_toward_progress = excluded.counts_toward_progress,
  grading_mode = excluded.grading_mode,
  display_order = excluded.display_order;

insert into public.courses (id, program_id, group_id, category, code, title, credits, lecture_hours, practice_hours, lab_hours, kind, suggested_term, notes, counts_toward_gpa, counts_toward_progress, grading_mode)
values ('ktpm-2024-mth00022', 'ktpm-2024', 'ktpm-2024-general-education', 'general-education', 'MTH00022', 'Vi tích phân 2', 4, 45, 30, 0, 'required', 2, null, true, true, 'numeric')
on conflict (id) do update set
  group_id = excluded.group_id,
  category = excluded.category,
  code = excluded.code,
  title = excluded.title,
  credits = excluded.credits,
  lecture_hours = excluded.lecture_hours,
  practice_hours = excluded.practice_hours,
  lab_hours = excluded.lab_hours,
  kind = excluded.kind,
  suggested_term = excluded.suggested_term,
  notes = excluded.notes,
  counts_toward_gpa = excluded.counts_toward_gpa,
  counts_toward_progress = excluded.counts_toward_progress,
  grading_mode = excluded.grading_mode;

insert into public.program_courses (id, program_id, catalog_course_id, group_id, category, kind, suggested_term, notes, counts_toward_gpa, counts_toward_progress, grading_mode, display_order)
values ('ktpm-2024-mth00035', 'ktpm-2024', 'MTH00035', 'ktpm-2024-general-education', 'general-education', 'required', 2, null, true, true, 'numeric', 32)
on conflict (id) do update set
  program_id = excluded.program_id,
  catalog_course_id = excluded.catalog_course_id,
  group_id = excluded.group_id,
  category = excluded.category,
  kind = excluded.kind,
  suggested_term = excluded.suggested_term,
  notes = excluded.notes,
  counts_toward_gpa = excluded.counts_toward_gpa,
  counts_toward_progress = excluded.counts_toward_progress,
  grading_mode = excluded.grading_mode,
  display_order = excluded.display_order;

insert into public.courses (id, program_id, group_id, category, code, title, credits, lecture_hours, practice_hours, lab_hours, kind, suggested_term, notes, counts_toward_gpa, counts_toward_progress, grading_mode)
values ('ktpm-2024-mth00035', 'ktpm-2024', 'ktpm-2024-general-education', 'general-education', 'MTH00035', 'Đại số tuyến tính', 4, 45, 30, 0, 'required', 2, null, true, true, 'numeric')
on conflict (id) do update set
  group_id = excluded.group_id,
  category = excluded.category,
  code = excluded.code,
  title = excluded.title,
  credits = excluded.credits,
  lecture_hours = excluded.lecture_hours,
  practice_hours = excluded.practice_hours,
  lab_hours = excluded.lab_hours,
  kind = excluded.kind,
  suggested_term = excluded.suggested_term,
  notes = excluded.notes,
  counts_toward_gpa = excluded.counts_toward_gpa,
  counts_toward_progress = excluded.counts_toward_progress,
  grading_mode = excluded.grading_mode;

insert into public.program_courses (id, program_id, catalog_course_id, group_id, category, kind, suggested_term, notes, counts_toward_gpa, counts_toward_progress, grading_mode, display_order)
values ('ktpm-2024-add00034', 'ktpm-2024', 'ADD00034', 'ktpm-2024-general-education', 'general-education', 'required', 4, null, false, false, 'numeric_or_pass_fail', 33)
on conflict (id) do update set
  program_id = excluded.program_id,
  catalog_course_id = excluded.catalog_course_id,
  group_id = excluded.group_id,
  category = excluded.category,
  kind = excluded.kind,
  suggested_term = excluded.suggested_term,
  notes = excluded.notes,
  counts_toward_gpa = excluded.counts_toward_gpa,
  counts_toward_progress = excluded.counts_toward_progress,
  grading_mode = excluded.grading_mode,
  display_order = excluded.display_order;

insert into public.courses (id, program_id, group_id, category, code, title, credits, lecture_hours, practice_hours, lab_hours, kind, suggested_term, notes, counts_toward_gpa, counts_toward_progress, grading_mode)
values ('ktpm-2024-add00034', 'ktpm-2024', 'ktpm-2024-general-education', 'general-education', 'ADD00034', 'Anh văn 4', 1, 0, 0, 0, 'required', 4, null, false, false, 'numeric_or_pass_fail')
on conflict (id) do update set
  group_id = excluded.group_id,
  category = excluded.category,
  code = excluded.code,
  title = excluded.title,
  credits = excluded.credits,
  lecture_hours = excluded.lecture_hours,
  practice_hours = excluded.practice_hours,
  lab_hours = excluded.lab_hours,
  kind = excluded.kind,
  suggested_term = excluded.suggested_term,
  notes = excluded.notes,
  counts_toward_gpa = excluded.counts_toward_gpa,
  counts_toward_progress = excluded.counts_toward_progress,
  grading_mode = excluded.grading_mode;

insert into public.program_courses (id, program_id, catalog_course_id, group_id, category, kind, suggested_term, notes, counts_toward_gpa, counts_toward_progress, grading_mode, display_order)
values ('ktpm-2024-baa00005', 'ktpm-2024', 'BAA00005', 'ktpm-2024-general-education', 'general-education', 'elective', 4, null, true, true, 'numeric', 34)
on conflict (id) do update set
  program_id = excluded.program_id,
  catalog_course_id = excluded.catalog_course_id,
  group_id = excluded.group_id,
  category = excluded.category,
  kind = excluded.kind,
  suggested_term = excluded.suggested_term,
  notes = excluded.notes,
  counts_toward_gpa = excluded.counts_toward_gpa,
  counts_toward_progress = excluded.counts_toward_progress,
  grading_mode = excluded.grading_mode,
  display_order = excluded.display_order;

insert into public.courses (id, program_id, group_id, category, code, title, credits, lecture_hours, practice_hours, lab_hours, kind, suggested_term, notes, counts_toward_gpa, counts_toward_progress, grading_mode)
values ('ktpm-2024-baa00005', 'ktpm-2024', 'ktpm-2024-general-education', 'general-education', 'BAA00005', 'Kinh tế đại cương', 2, 30, 0, 0, 'elective', 4, null, true, true, 'numeric')
on conflict (id) do update set
  group_id = excluded.group_id,
  category = excluded.category,
  code = excluded.code,
  title = excluded.title,
  credits = excluded.credits,
  lecture_hours = excluded.lecture_hours,
  practice_hours = excluded.practice_hours,
  lab_hours = excluded.lab_hours,
  kind = excluded.kind,
  suggested_term = excluded.suggested_term,
  notes = excluded.notes,
  counts_toward_gpa = excluded.counts_toward_gpa,
  counts_toward_progress = excluded.counts_toward_progress,
  grading_mode = excluded.grading_mode;

insert into public.program_courses (id, program_id, catalog_course_id, group_id, category, kind, suggested_term, notes, counts_toward_gpa, counts_toward_progress, grading_mode, display_order)
values ('ktpm-2024-baa00006', 'ktpm-2024', 'BAA00006', 'ktpm-2024-general-education', 'general-education', 'elective', 4, null, true, true, 'numeric', 35)
on conflict (id) do update set
  program_id = excluded.program_id,
  catalog_course_id = excluded.catalog_course_id,
  group_id = excluded.group_id,
  category = excluded.category,
  kind = excluded.kind,
  suggested_term = excluded.suggested_term,
  notes = excluded.notes,
  counts_toward_gpa = excluded.counts_toward_gpa,
  counts_toward_progress = excluded.counts_toward_progress,
  grading_mode = excluded.grading_mode,
  display_order = excluded.display_order;

insert into public.courses (id, program_id, group_id, category, code, title, credits, lecture_hours, practice_hours, lab_hours, kind, suggested_term, notes, counts_toward_gpa, counts_toward_progress, grading_mode)
values ('ktpm-2024-baa00006', 'ktpm-2024', 'ktpm-2024-general-education', 'general-education', 'BAA00006', 'Tâm lý đại cương', 2, 30, 0, 0, 'elective', 4, null, true, true, 'numeric')
on conflict (id) do update set
  group_id = excluded.group_id,
  category = excluded.category,
  code = excluded.code,
  title = excluded.title,
  credits = excluded.credits,
  lecture_hours = excluded.lecture_hours,
  practice_hours = excluded.practice_hours,
  lab_hours = excluded.lab_hours,
  kind = excluded.kind,
  suggested_term = excluded.suggested_term,
  notes = excluded.notes,
  counts_toward_gpa = excluded.counts_toward_gpa,
  counts_toward_progress = excluded.counts_toward_progress,
  grading_mode = excluded.grading_mode;

insert into public.program_courses (id, program_id, catalog_course_id, group_id, category, kind, suggested_term, notes, counts_toward_gpa, counts_toward_progress, grading_mode, display_order)
values ('ktpm-2024-baa00007', 'ktpm-2024', 'BAA00007', 'ktpm-2024-general-education', 'general-education', 'elective', 4, null, true, true, 'numeric', 36)
on conflict (id) do update set
  program_id = excluded.program_id,
  catalog_course_id = excluded.catalog_course_id,
  group_id = excluded.group_id,
  category = excluded.category,
  kind = excluded.kind,
  suggested_term = excluded.suggested_term,
  notes = excluded.notes,
  counts_toward_gpa = excluded.counts_toward_gpa,
  counts_toward_progress = excluded.counts_toward_progress,
  grading_mode = excluded.grading_mode,
  display_order = excluded.display_order;

insert into public.courses (id, program_id, group_id, category, code, title, credits, lecture_hours, practice_hours, lab_hours, kind, suggested_term, notes, counts_toward_gpa, counts_toward_progress, grading_mode)
values ('ktpm-2024-baa00007', 'ktpm-2024', 'ktpm-2024-general-education', 'general-education', 'BAA00007', 'Phương pháp luận sáng tạo', 2, 30, 0, 0, 'elective', 4, null, true, true, 'numeric')
on conflict (id) do update set
  group_id = excluded.group_id,
  category = excluded.category,
  code = excluded.code,
  title = excluded.title,
  credits = excluded.credits,
  lecture_hours = excluded.lecture_hours,
  practice_hours = excluded.practice_hours,
  lab_hours = excluded.lab_hours,
  kind = excluded.kind,
  suggested_term = excluded.suggested_term,
  notes = excluded.notes,
  counts_toward_gpa = excluded.counts_toward_gpa,
  counts_toward_progress = excluded.counts_toward_progress,
  grading_mode = excluded.grading_mode;

insert into public.program_courses (id, program_id, catalog_course_id, group_id, category, kind, suggested_term, notes, counts_toward_gpa, counts_toward_progress, grading_mode, display_order)
values ('ktpm-2024-baa00101', 'ktpm-2024', 'BAA00101', 'ktpm-2024-general-education', 'general-education', 'required', 4, null, true, true, 'numeric', 37)
on conflict (id) do update set
  program_id = excluded.program_id,
  catalog_course_id = excluded.catalog_course_id,
  group_id = excluded.group_id,
  category = excluded.category,
  kind = excluded.kind,
  suggested_term = excluded.suggested_term,
  notes = excluded.notes,
  counts_toward_gpa = excluded.counts_toward_gpa,
  counts_toward_progress = excluded.counts_toward_progress,
  grading_mode = excluded.grading_mode,
  display_order = excluded.display_order;

insert into public.courses (id, program_id, group_id, category, code, title, credits, lecture_hours, practice_hours, lab_hours, kind, suggested_term, notes, counts_toward_gpa, counts_toward_progress, grading_mode)
values ('ktpm-2024-baa00101', 'ktpm-2024', 'ktpm-2024-general-education', 'general-education', 'BAA00101', 'Triết học Mác - Lênin', 3, 45, 0, 0, 'required', 4, null, true, true, 'numeric')
on conflict (id) do update set
  group_id = excluded.group_id,
  category = excluded.category,
  code = excluded.code,
  title = excluded.title,
  credits = excluded.credits,
  lecture_hours = excluded.lecture_hours,
  practice_hours = excluded.practice_hours,
  lab_hours = excluded.lab_hours,
  kind = excluded.kind,
  suggested_term = excluded.suggested_term,
  notes = excluded.notes,
  counts_toward_gpa = excluded.counts_toward_gpa,
  counts_toward_progress = excluded.counts_toward_progress,
  grading_mode = excluded.grading_mode;

insert into public.program_courses (id, program_id, catalog_course_id, group_id, category, kind, suggested_term, notes, counts_toward_gpa, counts_toward_progress, grading_mode, display_order)
values ('ktpm-2024-csc10006', 'ktpm-2024', 'CSC10006', 'ktpm-2024-foundation', 'foundation', 'required', 4, null, true, true, 'numeric', 38)
on conflict (id) do update set
  program_id = excluded.program_id,
  catalog_course_id = excluded.catalog_course_id,
  group_id = excluded.group_id,
  category = excluded.category,
  kind = excluded.kind,
  suggested_term = excluded.suggested_term,
  notes = excluded.notes,
  counts_toward_gpa = excluded.counts_toward_gpa,
  counts_toward_progress = excluded.counts_toward_progress,
  grading_mode = excluded.grading_mode,
  display_order = excluded.display_order;

insert into public.courses (id, program_id, group_id, category, code, title, credits, lecture_hours, practice_hours, lab_hours, kind, suggested_term, notes, counts_toward_gpa, counts_toward_progress, grading_mode)
values ('ktpm-2024-csc10006', 'ktpm-2024', 'ktpm-2024-foundation', 'foundation', 'CSC10006', 'Cơ sở dữ liệu', 4, 4, 2, 0, 'required', 4, null, true, true, 'numeric')
on conflict (id) do update set
  group_id = excluded.group_id,
  category = excluded.category,
  code = excluded.code,
  title = excluded.title,
  credits = excluded.credits,
  lecture_hours = excluded.lecture_hours,
  practice_hours = excluded.practice_hours,
  lab_hours = excluded.lab_hours,
  kind = excluded.kind,
  suggested_term = excluded.suggested_term,
  notes = excluded.notes,
  counts_toward_gpa = excluded.counts_toward_gpa,
  counts_toward_progress = excluded.counts_toward_progress,
  grading_mode = excluded.grading_mode;

insert into public.program_courses (id, program_id, catalog_course_id, group_id, category, kind, suggested_term, notes, counts_toward_gpa, counts_toward_progress, grading_mode, display_order)
values ('ktpm-2024-csc10009', 'ktpm-2024', 'CSC10009', 'ktpm-2024-foundation', 'foundation', 'required', 4, null, true, true, 'numeric', 39)
on conflict (id) do update set
  program_id = excluded.program_id,
  catalog_course_id = excluded.catalog_course_id,
  group_id = excluded.group_id,
  category = excluded.category,
  kind = excluded.kind,
  suggested_term = excluded.suggested_term,
  notes = excluded.notes,
  counts_toward_gpa = excluded.counts_toward_gpa,
  counts_toward_progress = excluded.counts_toward_progress,
  grading_mode = excluded.grading_mode,
  display_order = excluded.display_order;

insert into public.courses (id, program_id, group_id, category, code, title, credits, lecture_hours, practice_hours, lab_hours, kind, suggested_term, notes, counts_toward_gpa, counts_toward_progress, grading_mode)
values ('ktpm-2024-csc10009', 'ktpm-2024', 'ktpm-2024-foundation', 'foundation', 'CSC10009', 'Hệ thống máy tính', 2, 30, 0, 0, 'required', 4, null, true, true, 'numeric')
on conflict (id) do update set
  group_id = excluded.group_id,
  category = excluded.category,
  code = excluded.code,
  title = excluded.title,
  credits = excluded.credits,
  lecture_hours = excluded.lecture_hours,
  practice_hours = excluded.practice_hours,
  lab_hours = excluded.lab_hours,
  kind = excluded.kind,
  suggested_term = excluded.suggested_term,
  notes = excluded.notes,
  counts_toward_gpa = excluded.counts_toward_gpa,
  counts_toward_progress = excluded.counts_toward_progress,
  grading_mode = excluded.grading_mode;

insert into public.program_courses (id, program_id, catalog_course_id, group_id, category, kind, suggested_term, notes, counts_toward_gpa, counts_toward_progress, grading_mode, display_order)
values ('ktpm-2024-csc10014', 'ktpm-2024', 'CSC10014', 'ktpm-2024-foundation', 'foundation', 'required', 4, null, true, true, 'numeric', 40)
on conflict (id) do update set
  program_id = excluded.program_id,
  catalog_course_id = excluded.catalog_course_id,
  group_id = excluded.group_id,
  category = excluded.category,
  kind = excluded.kind,
  suggested_term = excluded.suggested_term,
  notes = excluded.notes,
  counts_toward_gpa = excluded.counts_toward_gpa,
  counts_toward_progress = excluded.counts_toward_progress,
  grading_mode = excluded.grading_mode,
  display_order = excluded.display_order;

insert into public.courses (id, program_id, group_id, category, code, title, credits, lecture_hours, practice_hours, lab_hours, kind, suggested_term, notes, counts_toward_gpa, counts_toward_progress, grading_mode)
values ('ktpm-2024-csc10014', 'ktpm-2024', 'ktpm-2024-foundation', 'foundation', 'CSC10014', 'Tư duy tính toán', 4, 45, 30, 0, 'required', 4, null, true, true, 'numeric')
on conflict (id) do update set
  group_id = excluded.group_id,
  category = excluded.category,
  code = excluded.code,
  title = excluded.title,
  credits = excluded.credits,
  lecture_hours = excluded.lecture_hours,
  practice_hours = excluded.practice_hours,
  lab_hours = excluded.lab_hours,
  kind = excluded.kind,
  suggested_term = excluded.suggested_term,
  notes = excluded.notes,
  counts_toward_gpa = excluded.counts_toward_gpa,
  counts_toward_progress = excluded.counts_toward_progress,
  grading_mode = excluded.grading_mode;

insert into public.program_courses (id, program_id, catalog_course_id, group_id, category, kind, suggested_term, notes, counts_toward_gpa, counts_toward_progress, grading_mode, display_order)
values ('ktpm-2024-csc10121', 'ktpm-2024', 'CSC10121', 'ktpm-2024-major-core', 'major-core', 'elective', 4, null, true, true, 'numeric', 41)
on conflict (id) do update set
  program_id = excluded.program_id,
  catalog_course_id = excluded.catalog_course_id,
  group_id = excluded.group_id,
  category = excluded.category,
  kind = excluded.kind,
  suggested_term = excluded.suggested_term,
  notes = excluded.notes,
  counts_toward_gpa = excluded.counts_toward_gpa,
  counts_toward_progress = excluded.counts_toward_progress,
  grading_mode = excluded.grading_mode,
  display_order = excluded.display_order;

insert into public.courses (id, program_id, group_id, category, code, title, credits, lecture_hours, practice_hours, lab_hours, kind, suggested_term, notes, counts_toward_gpa, counts_toward_progress, grading_mode)
values ('ktpm-2024-csc10121', 'ktpm-2024', 'ktpm-2024-major-core', 'major-core', 'CSC10121', 'Kỹ năng mềm', 3, 30, 30, 0, 'elective', 4, null, true, true, 'numeric')
on conflict (id) do update set
  group_id = excluded.group_id,
  category = excluded.category,
  code = excluded.code,
  title = excluded.title,
  credits = excluded.credits,
  lecture_hours = excluded.lecture_hours,
  practice_hours = excluded.practice_hours,
  lab_hours = excluded.lab_hours,
  kind = excluded.kind,
  suggested_term = excluded.suggested_term,
  notes = excluded.notes,
  counts_toward_gpa = excluded.counts_toward_gpa,
  counts_toward_progress = excluded.counts_toward_progress,
  grading_mode = excluded.grading_mode;

insert into public.program_courses (id, program_id, catalog_course_id, group_id, category, kind, suggested_term, notes, counts_toward_gpa, counts_toward_progress, grading_mode, display_order)
values ('ktpm-2024-csc13102', 'ktpm-2024', 'CSC13102', 'ktpm-2024-major-core', 'major-core', 'elective', 4, null, true, true, 'numeric', 42)
on conflict (id) do update set
  program_id = excluded.program_id,
  catalog_course_id = excluded.catalog_course_id,
  group_id = excluded.group_id,
  category = excluded.category,
  kind = excluded.kind,
  suggested_term = excluded.suggested_term,
  notes = excluded.notes,
  counts_toward_gpa = excluded.counts_toward_gpa,
  counts_toward_progress = excluded.counts_toward_progress,
  grading_mode = excluded.grading_mode,
  display_order = excluded.display_order;

insert into public.courses (id, program_id, group_id, category, code, title, credits, lecture_hours, practice_hours, lab_hours, kind, suggested_term, notes, counts_toward_gpa, counts_toward_progress, grading_mode)
values ('ktpm-2024-csc13102', 'ktpm-2024', 'ktpm-2024-major-core', 'major-core', 'CSC13102', 'Lập trình ứng dụng Java', 4, 45, 30, 0, 'elective', 4, null, true, true, 'numeric')
on conflict (id) do update set
  group_id = excluded.group_id,
  category = excluded.category,
  code = excluded.code,
  title = excluded.title,
  credits = excluded.credits,
  lecture_hours = excluded.lecture_hours,
  practice_hours = excluded.practice_hours,
  lab_hours = excluded.lab_hours,
  kind = excluded.kind,
  suggested_term = excluded.suggested_term,
  notes = excluded.notes,
  counts_toward_gpa = excluded.counts_toward_gpa,
  counts_toward_progress = excluded.counts_toward_progress,
  grading_mode = excluded.grading_mode;

insert into public.program_courses (id, program_id, catalog_course_id, group_id, category, kind, suggested_term, notes, counts_toward_gpa, counts_toward_progress, grading_mode, display_order)
values ('ktpm-2024-mth00051', 'ktpm-2024', 'MTH00051', 'ktpm-2024-general-education', 'general-education', 'elective', 4, null, true, true, 'numeric', 43)
on conflict (id) do update set
  program_id = excluded.program_id,
  catalog_course_id = excluded.catalog_course_id,
  group_id = excluded.group_id,
  category = excluded.category,
  kind = excluded.kind,
  suggested_term = excluded.suggested_term,
  notes = excluded.notes,
  counts_toward_gpa = excluded.counts_toward_gpa,
  counts_toward_progress = excluded.counts_toward_progress,
  grading_mode = excluded.grading_mode,
  display_order = excluded.display_order;

insert into public.courses (id, program_id, group_id, category, code, title, credits, lecture_hours, practice_hours, lab_hours, kind, suggested_term, notes, counts_toward_gpa, counts_toward_progress, grading_mode)
values ('ktpm-2024-mth00051', 'ktpm-2024', 'ktpm-2024-general-education', 'general-education', 'MTH00051', 'Toán ứng dụng và thống kê', 4, 45, 30, 0, 'elective', 4, null, true, true, 'numeric')
on conflict (id) do update set
  group_id = excluded.group_id,
  category = excluded.category,
  code = excluded.code,
  title = excluded.title,
  credits = excluded.credits,
  lecture_hours = excluded.lecture_hours,
  practice_hours = excluded.practice_hours,
  lab_hours = excluded.lab_hours,
  kind = excluded.kind,
  suggested_term = excluded.suggested_term,
  notes = excluded.notes,
  counts_toward_gpa = excluded.counts_toward_gpa,
  counts_toward_progress = excluded.counts_toward_progress,
  grading_mode = excluded.grading_mode;

insert into public.program_courses (id, program_id, catalog_course_id, group_id, category, kind, suggested_term, notes, counts_toward_gpa, counts_toward_progress, grading_mode, display_order)
values ('ktpm-2024-mth00052', 'ktpm-2024', 'MTH00052', 'ktpm-2024-general-education', 'general-education', 'elective', 4, null, true, true, 'numeric', 44)
on conflict (id) do update set
  program_id = excluded.program_id,
  catalog_course_id = excluded.catalog_course_id,
  group_id = excluded.group_id,
  category = excluded.category,
  kind = excluded.kind,
  suggested_term = excluded.suggested_term,
  notes = excluded.notes,
  counts_toward_gpa = excluded.counts_toward_gpa,
  counts_toward_progress = excluded.counts_toward_progress,
  grading_mode = excluded.grading_mode,
  display_order = excluded.display_order;

insert into public.courses (id, program_id, group_id, category, code, title, credits, lecture_hours, practice_hours, lab_hours, kind, suggested_term, notes, counts_toward_gpa, counts_toward_progress, grading_mode)
values ('ktpm-2024-mth00052', 'ktpm-2024', 'ktpm-2024-general-education', 'general-education', 'MTH00052', 'Phương pháp tính', 4, 45, 30, 0, 'elective', 4, null, true, true, 'numeric')
on conflict (id) do update set
  group_id = excluded.group_id,
  category = excluded.category,
  code = excluded.code,
  title = excluded.title,
  credits = excluded.credits,
  lecture_hours = excluded.lecture_hours,
  practice_hours = excluded.practice_hours,
  lab_hours = excluded.lab_hours,
  kind = excluded.kind,
  suggested_term = excluded.suggested_term,
  notes = excluded.notes,
  counts_toward_gpa = excluded.counts_toward_gpa,
  counts_toward_progress = excluded.counts_toward_progress,
  grading_mode = excluded.grading_mode;

insert into public.program_courses (id, program_id, catalog_course_id, group_id, category, kind, suggested_term, notes, counts_toward_gpa, counts_toward_progress, grading_mode, display_order)
values ('ktpm-2024-mth00053', 'ktpm-2024', 'MTH00053', 'ktpm-2024-general-education', 'general-education', 'elective', 4, null, true, true, 'numeric', 45)
on conflict (id) do update set
  program_id = excluded.program_id,
  catalog_course_id = excluded.catalog_course_id,
  group_id = excluded.group_id,
  category = excluded.category,
  kind = excluded.kind,
  suggested_term = excluded.suggested_term,
  notes = excluded.notes,
  counts_toward_gpa = excluded.counts_toward_gpa,
  counts_toward_progress = excluded.counts_toward_progress,
  grading_mode = excluded.grading_mode,
  display_order = excluded.display_order;

insert into public.courses (id, program_id, group_id, category, code, title, credits, lecture_hours, practice_hours, lab_hours, kind, suggested_term, notes, counts_toward_gpa, counts_toward_progress, grading_mode)
values ('ktpm-2024-mth00053', 'ktpm-2024', 'ktpm-2024-general-education', 'general-education', 'MTH00053', 'Lý thuyết số', 4, 45, 30, 0, 'elective', 4, null, true, true, 'numeric')
on conflict (id) do update set
  group_id = excluded.group_id,
  category = excluded.category,
  code = excluded.code,
  title = excluded.title,
  credits = excluded.credits,
  lecture_hours = excluded.lecture_hours,
  practice_hours = excluded.practice_hours,
  lab_hours = excluded.lab_hours,
  kind = excluded.kind,
  suggested_term = excluded.suggested_term,
  notes = excluded.notes,
  counts_toward_gpa = excluded.counts_toward_gpa,
  counts_toward_progress = excluded.counts_toward_progress,
  grading_mode = excluded.grading_mode;

insert into public.program_courses (id, program_id, catalog_course_id, group_id, category, kind, suggested_term, notes, counts_toward_gpa, counts_toward_progress, grading_mode, display_order)
values ('ktpm-2024-csc10102', 'ktpm-2024', 'CSC10102', 'ktpm-2024-major-core', 'major-core', 'elective', 5, null, true, true, 'numeric', 46)
on conflict (id) do update set
  program_id = excluded.program_id,
  catalog_course_id = excluded.catalog_course_id,
  group_id = excluded.group_id,
  category = excluded.category,
  kind = excluded.kind,
  suggested_term = excluded.suggested_term,
  notes = excluded.notes,
  counts_toward_gpa = excluded.counts_toward_gpa,
  counts_toward_progress = excluded.counts_toward_progress,
  grading_mode = excluded.grading_mode,
  display_order = excluded.display_order;

insert into public.courses (id, program_id, group_id, category, code, title, credits, lecture_hours, practice_hours, lab_hours, kind, suggested_term, notes, counts_toward_gpa, counts_toward_progress, grading_mode)
values ('ktpm-2024-csc10102', 'ktpm-2024', 'ktpm-2024-major-core', 'major-core', 'CSC10102', 'Kiến tập nghề nghiệp kho', 2, 15, 30, 0, 'elective', 5, null, true, true, 'numeric')
on conflict (id) do update set
  group_id = excluded.group_id,
  category = excluded.category,
  code = excluded.code,
  title = excluded.title,
  credits = excluded.credits,
  lecture_hours = excluded.lecture_hours,
  practice_hours = excluded.practice_hours,
  lab_hours = excluded.lab_hours,
  kind = excluded.kind,
  suggested_term = excluded.suggested_term,
  notes = excluded.notes,
  counts_toward_gpa = excluded.counts_toward_gpa,
  counts_toward_progress = excluded.counts_toward_progress,
  grading_mode = excluded.grading_mode;

insert into public.program_courses (id, program_id, catalog_course_id, group_id, category, kind, suggested_term, notes, counts_toward_gpa, counts_toward_progress, grading_mode, display_order)
values ('ktpm-2024-csc10103', 'ktpm-2024', 'CSC10103', 'ktpm-2024-major-core', 'major-core', 'elective', 5, null, true, true, 'numeric', 47)
on conflict (id) do update set
  program_id = excluded.program_id,
  catalog_course_id = excluded.catalog_course_id,
  group_id = excluded.group_id,
  category = excluded.category,
  kind = excluded.kind,
  suggested_term = excluded.suggested_term,
  notes = excluded.notes,
  counts_toward_gpa = excluded.counts_toward_gpa,
  counts_toward_progress = excluded.counts_toward_progress,
  grading_mode = excluded.grading_mode,
  display_order = excluded.display_order;

insert into public.courses (id, program_id, group_id, category, code, title, credits, lecture_hours, practice_hours, lab_hours, kind, suggested_term, notes, counts_toward_gpa, counts_toward_progress, grading_mode)
values ('ktpm-2024-csc10103', 'ktpm-2024', 'ktpm-2024-major-core', 'major-core', 'CSC10103', 'Khởi nghiệp', 3, 30, 30, 0, 'elective', 5, null, true, true, 'numeric')
on conflict (id) do update set
  group_id = excluded.group_id,
  category = excluded.category,
  code = excluded.code,
  title = excluded.title,
  credits = excluded.credits,
  lecture_hours = excluded.lecture_hours,
  practice_hours = excluded.practice_hours,
  lab_hours = excluded.lab_hours,
  kind = excluded.kind,
  suggested_term = excluded.suggested_term,
  notes = excluded.notes,
  counts_toward_gpa = excluded.counts_toward_gpa,
  counts_toward_progress = excluded.counts_toward_progress,
  grading_mode = excluded.grading_mode;

insert into public.program_courses (id, program_id, catalog_course_id, group_id, category, kind, suggested_term, notes, counts_toward_gpa, counts_toward_progress, grading_mode, display_order)
values ('ktpm-2024-csc10104', 'ktpm-2024', 'CSC10104', 'ktpm-2024-major-core', 'major-core', 'elective', 5, null, true, true, 'numeric', 48)
on conflict (id) do update set
  program_id = excluded.program_id,
  catalog_course_id = excluded.catalog_course_id,
  group_id = excluded.group_id,
  category = excluded.category,
  kind = excluded.kind,
  suggested_term = excluded.suggested_term,
  notes = excluded.notes,
  counts_toward_gpa = excluded.counts_toward_gpa,
  counts_toward_progress = excluded.counts_toward_progress,
  grading_mode = excluded.grading_mode,
  display_order = excluded.display_order;

insert into public.courses (id, program_id, group_id, category, code, title, credits, lecture_hours, practice_hours, lab_hours, kind, suggested_term, notes, counts_toward_gpa, counts_toward_progress, grading_mode)
values ('ktpm-2024-csc10104', 'ktpm-2024', 'ktpm-2024-major-core', 'major-core', 'CSC10104', 'Quy hoạch tuyến tính', 4, 45, 30, 0, 'elective', 5, null, true, true, 'numeric')
on conflict (id) do update set
  group_id = excluded.group_id,
  category = excluded.category,
  code = excluded.code,
  title = excluded.title,
  credits = excluded.credits,
  lecture_hours = excluded.lecture_hours,
  practice_hours = excluded.practice_hours,
  lab_hours = excluded.lab_hours,
  kind = excluded.kind,
  suggested_term = excluded.suggested_term,
  notes = excluded.notes,
  counts_toward_gpa = excluded.counts_toward_gpa,
  counts_toward_progress = excluded.counts_toward_progress,
  grading_mode = excluded.grading_mode;

insert into public.program_courses (id, program_id, catalog_course_id, group_id, category, kind, suggested_term, notes, counts_toward_gpa, counts_toward_progress, grading_mode, display_order)
values ('ktpm-2024-csc10105', 'ktpm-2024', 'CSC10105', 'ktpm-2024-major-core', 'major-core', 'elective', 5, null, true, true, 'numeric', 49)
on conflict (id) do update set
  program_id = excluded.program_id,
  catalog_course_id = excluded.catalog_course_id,
  group_id = excluded.group_id,
  category = excluded.category,
  kind = excluded.kind,
  suggested_term = excluded.suggested_term,
  notes = excluded.notes,
  counts_toward_gpa = excluded.counts_toward_gpa,
  counts_toward_progress = excluded.counts_toward_progress,
  grading_mode = excluded.grading_mode,
  display_order = excluded.display_order;

insert into public.courses (id, program_id, group_id, category, code, title, credits, lecture_hours, practice_hours, lab_hours, kind, suggested_term, notes, counts_toward_gpa, counts_toward_progress, grading_mode)
values ('ktpm-2024-csc10105', 'ktpm-2024', 'ktpm-2024-major-core', 'major-core', 'CSC10105', 'Nhập môn tư duy thuật toán', 4, 45, 30, 0, 'elective', 5, null, true, true, 'numeric')
on conflict (id) do update set
  group_id = excluded.group_id,
  category = excluded.category,
  code = excluded.code,
  title = excluded.title,
  credits = excluded.credits,
  lecture_hours = excluded.lecture_hours,
  practice_hours = excluded.practice_hours,
  lab_hours = excluded.lab_hours,
  kind = excluded.kind,
  suggested_term = excluded.suggested_term,
  notes = excluded.notes,
  counts_toward_gpa = excluded.counts_toward_gpa,
  counts_toward_progress = excluded.counts_toward_progress,
  grading_mode = excluded.grading_mode;

insert into public.program_courses (id, program_id, catalog_course_id, group_id, category, kind, suggested_term, notes, counts_toward_gpa, counts_toward_progress, grading_mode, display_order)
values ('ktpm-2024-csc10106', 'ktpm-2024', 'CSC10106', 'ktpm-2024-major-core', 'major-core', 'elective', 5, null, true, true, 'numeric', 50)
on conflict (id) do update set
  program_id = excluded.program_id,
  catalog_course_id = excluded.catalog_course_id,
  group_id = excluded.group_id,
  category = excluded.category,
  kind = excluded.kind,
  suggested_term = excluded.suggested_term,
  notes = excluded.notes,
  counts_toward_gpa = excluded.counts_toward_gpa,
  counts_toward_progress = excluded.counts_toward_progress,
  grading_mode = excluded.grading_mode,
  display_order = excluded.display_order;

insert into public.courses (id, program_id, group_id, category, code, title, credits, lecture_hours, practice_hours, lab_hours, kind, suggested_term, notes, counts_toward_gpa, counts_toward_progress, grading_mode)
values ('ktpm-2024-csc10106', 'ktpm-2024', 'ktpm-2024-major-core', 'major-core', 'CSC10106', 'Thuật toán tổ hợp và ứng dụng', 4, 45, 30, 0, 'elective', 5, null, true, true, 'numeric')
on conflict (id) do update set
  group_id = excluded.group_id,
  category = excluded.category,
  code = excluded.code,
  title = excluded.title,
  credits = excluded.credits,
  lecture_hours = excluded.lecture_hours,
  practice_hours = excluded.practice_hours,
  lab_hours = excluded.lab_hours,
  kind = excluded.kind,
  suggested_term = excluded.suggested_term,
  notes = excluded.notes,
  counts_toward_gpa = excluded.counts_toward_gpa,
  counts_toward_progress = excluded.counts_toward_progress,
  grading_mode = excluded.grading_mode;

insert into public.program_courses (id, program_id, catalog_course_id, group_id, category, kind, suggested_term, notes, counts_toward_gpa, counts_toward_progress, grading_mode, display_order)
values ('ktpm-2024-csc10107', 'ktpm-2024', 'CSC10107', 'ktpm-2024-major-core', 'major-core', 'elective', 5, null, true, true, 'numeric', 51)
on conflict (id) do update set
  program_id = excluded.program_id,
  catalog_course_id = excluded.catalog_course_id,
  group_id = excluded.group_id,
  category = excluded.category,
  kind = excluded.kind,
  suggested_term = excluded.suggested_term,
  notes = excluded.notes,
  counts_toward_gpa = excluded.counts_toward_gpa,
  counts_toward_progress = excluded.counts_toward_progress,
  grading_mode = excluded.grading_mode,
  display_order = excluded.display_order;

insert into public.courses (id, program_id, group_id, category, code, title, credits, lecture_hours, practice_hours, lab_hours, kind, suggested_term, notes, counts_toward_gpa, counts_toward_progress, grading_mode)
values ('ktpm-2024-csc10107', 'ktpm-2024', 'ktpm-2024-major-core', 'major-core', 'CSC10107', 'Thực tập thực tế', 4, 30, 60, 0, 'elective', 5, null, true, true, 'numeric')
on conflict (id) do update set
  group_id = excluded.group_id,
  category = excluded.category,
  code = excluded.code,
  title = excluded.title,
  credits = excluded.credits,
  lecture_hours = excluded.lecture_hours,
  practice_hours = excluded.practice_hours,
  lab_hours = excluded.lab_hours,
  kind = excluded.kind,
  suggested_term = excluded.suggested_term,
  notes = excluded.notes,
  counts_toward_gpa = excluded.counts_toward_gpa,
  counts_toward_progress = excluded.counts_toward_progress,
  grading_mode = excluded.grading_mode;

insert into public.program_courses (id, program_id, catalog_course_id, group_id, category, kind, suggested_term, notes, counts_toward_gpa, counts_toward_progress, grading_mode, display_order)
values ('ktpm-2024-csc10108', 'ktpm-2024', 'CSC10108', 'ktpm-2024-major-core', 'major-core', 'required', 5, null, true, true, 'numeric', 52)
on conflict (id) do update set
  program_id = excluded.program_id,
  catalog_course_id = excluded.catalog_course_id,
  group_id = excluded.group_id,
  category = excluded.category,
  kind = excluded.kind,
  suggested_term = excluded.suggested_term,
  notes = excluded.notes,
  counts_toward_gpa = excluded.counts_toward_gpa,
  counts_toward_progress = excluded.counts_toward_progress,
  grading_mode = excluded.grading_mode,
  display_order = excluded.display_order;

insert into public.courses (id, program_id, group_id, category, code, title, credits, lecture_hours, practice_hours, lab_hours, kind, suggested_term, notes, counts_toward_gpa, counts_toward_progress, grading_mode)
values ('ktpm-2024-csc10108', 'ktpm-2024', 'ktpm-2024-major-core', 'major-core', 'CSC10108', 'Trực quan hóa dữ liệu', 4, 4, 4, 0, 'required', 5, null, true, true, 'numeric')
on conflict (id) do update set
  group_id = excluded.group_id,
  category = excluded.category,
  code = excluded.code,
  title = excluded.title,
  credits = excluded.credits,
  lecture_hours = excluded.lecture_hours,
  practice_hours = excluded.practice_hours,
  lab_hours = excluded.lab_hours,
  kind = excluded.kind,
  suggested_term = excluded.suggested_term,
  notes = excluded.notes,
  counts_toward_gpa = excluded.counts_toward_gpa,
  counts_toward_progress = excluded.counts_toward_progress,
  grading_mode = excluded.grading_mode;

insert into public.program_courses (id, program_id, catalog_course_id, group_id, category, kind, suggested_term, notes, counts_toward_gpa, counts_toward_progress, grading_mode, display_order)
values ('ktpm-2024-csc11002', 'ktpm-2024', 'CSC11002', 'ktpm-2024-major-core', 'major-core', 'elective', 5, null, true, true, 'numeric', 53)
on conflict (id) do update set
  program_id = excluded.program_id,
  catalog_course_id = excluded.catalog_course_id,
  group_id = excluded.group_id,
  category = excluded.category,
  kind = excluded.kind,
  suggested_term = excluded.suggested_term,
  notes = excluded.notes,
  counts_toward_gpa = excluded.counts_toward_gpa,
  counts_toward_progress = excluded.counts_toward_progress,
  grading_mode = excluded.grading_mode,
  display_order = excluded.display_order;

insert into public.courses (id, program_id, group_id, category, code, title, credits, lecture_hours, practice_hours, lab_hours, kind, suggested_term, notes, counts_toward_gpa, counts_toward_progress, grading_mode)
values ('ktpm-2024-csc11002', 'ktpm-2024', 'ktpm-2024-major-core', 'major-core', 'CSC11002', 'Hệ thống viễn thông', 4, 45, 30, 0, 'elective', 5, null, true, true, 'numeric')
on conflict (id) do update set
  group_id = excluded.group_id,
  category = excluded.category,
  code = excluded.code,
  title = excluded.title,
  credits = excluded.credits,
  lecture_hours = excluded.lecture_hours,
  practice_hours = excluded.practice_hours,
  lab_hours = excluded.lab_hours,
  kind = excluded.kind,
  suggested_term = excluded.suggested_term,
  notes = excluded.notes,
  counts_toward_gpa = excluded.counts_toward_gpa,
  counts_toward_progress = excluded.counts_toward_progress,
  grading_mode = excluded.grading_mode;

insert into public.program_courses (id, program_id, catalog_course_id, group_id, category, kind, suggested_term, notes, counts_toward_gpa, counts_toward_progress, grading_mode, display_order)
values ('ktpm-2024-csc11003', 'ktpm-2024', 'CSC11003', 'ktpm-2024-major-core', 'major-core', 'elective', 5, null, true, true, 'numeric', 54)
on conflict (id) do update set
  program_id = excluded.program_id,
  catalog_course_id = excluded.catalog_course_id,
  group_id = excluded.group_id,
  category = excluded.category,
  kind = excluded.kind,
  suggested_term = excluded.suggested_term,
  notes = excluded.notes,
  counts_toward_gpa = excluded.counts_toward_gpa,
  counts_toward_progress = excluded.counts_toward_progress,
  grading_mode = excluded.grading_mode,
  display_order = excluded.display_order;

insert into public.courses (id, program_id, group_id, category, code, title, credits, lecture_hours, practice_hours, lab_hours, kind, suggested_term, notes, counts_toward_gpa, counts_toward_progress, grading_mode)
values ('ktpm-2024-csc11003', 'ktpm-2024', 'ktpm-2024-major-core', 'major-core', 'CSC11003', 'Mạng máy tính nâng cao', 4, 45, 30, 0, 'elective', 5, null, true, true, 'numeric')
on conflict (id) do update set
  group_id = excluded.group_id,
  category = excluded.category,
  code = excluded.code,
  title = excluded.title,
  credits = excluded.credits,
  lecture_hours = excluded.lecture_hours,
  practice_hours = excluded.practice_hours,
  lab_hours = excluded.lab_hours,
  kind = excluded.kind,
  suggested_term = excluded.suggested_term,
  notes = excluded.notes,
  counts_toward_gpa = excluded.counts_toward_gpa,
  counts_toward_progress = excluded.counts_toward_progress,
  grading_mode = excluded.grading_mode;

insert into public.program_courses (id, program_id, catalog_course_id, group_id, category, kind, suggested_term, notes, counts_toward_gpa, counts_toward_progress, grading_mode, display_order)
values ('ktpm-2024-csc11004', 'ktpm-2024', 'CSC11004', 'ktpm-2024-major-core', 'major-core', 'elective', 5, null, true, true, 'numeric', 55)
on conflict (id) do update set
  program_id = excluded.program_id,
  catalog_course_id = excluded.catalog_course_id,
  group_id = excluded.group_id,
  category = excluded.category,
  kind = excluded.kind,
  suggested_term = excluded.suggested_term,
  notes = excluded.notes,
  counts_toward_gpa = excluded.counts_toward_gpa,
  counts_toward_progress = excluded.counts_toward_progress,
  grading_mode = excluded.grading_mode,
  display_order = excluded.display_order;

insert into public.courses (id, program_id, group_id, category, code, title, credits, lecture_hours, practice_hours, lab_hours, kind, suggested_term, notes, counts_toward_gpa, counts_toward_progress, grading_mode)
values ('ktpm-2024-csc11004', 'ktpm-2024', 'ktpm-2024-major-core', 'major-core', 'CSC11004', 'Lập trình mạng', 4, 45, 30, 0, 'elective', 5, null, true, true, 'numeric')
on conflict (id) do update set
  group_id = excluded.group_id,
  category = excluded.category,
  code = excluded.code,
  title = excluded.title,
  credits = excluded.credits,
  lecture_hours = excluded.lecture_hours,
  practice_hours = excluded.practice_hours,
  lab_hours = excluded.lab_hours,
  kind = excluded.kind,
  suggested_term = excluded.suggested_term,
  notes = excluded.notes,
  counts_toward_gpa = excluded.counts_toward_gpa,
  counts_toward_progress = excluded.counts_toward_progress,
  grading_mode = excluded.grading_mode;

insert into public.program_courses (id, program_id, catalog_course_id, group_id, category, kind, suggested_term, notes, counts_toward_gpa, counts_toward_progress, grading_mode, display_order)
values ('ktpm-2024-csc11006', 'ktpm-2024', 'CSC11006', 'ktpm-2024-major-core', 'major-core', 'elective', 5, null, true, true, 'numeric', 56)
on conflict (id) do update set
  program_id = excluded.program_id,
  catalog_course_id = excluded.catalog_course_id,
  group_id = excluded.group_id,
  category = excluded.category,
  kind = excluded.kind,
  suggested_term = excluded.suggested_term,
  notes = excluded.notes,
  counts_toward_gpa = excluded.counts_toward_gpa,
  counts_toward_progress = excluded.counts_toward_progress,
  grading_mode = excluded.grading_mode,
  display_order = excluded.display_order;

insert into public.courses (id, program_id, group_id, category, code, title, credits, lecture_hours, practice_hours, lab_hours, kind, suggested_term, notes, counts_toward_gpa, counts_toward_progress, grading_mode)
values ('ktpm-2024-csc11006', 'ktpm-2024', 'ktpm-2024-major-core', 'major-core', 'CSC11006', 'Nhập môn điện toán đám mây', 4, 45, 30, 0, 'elective', 5, null, true, true, 'numeric')
on conflict (id) do update set
  group_id = excluded.group_id,
  category = excluded.category,
  code = excluded.code,
  title = excluded.title,
  credits = excluded.credits,
  lecture_hours = excluded.lecture_hours,
  practice_hours = excluded.practice_hours,
  lab_hours = excluded.lab_hours,
  kind = excluded.kind,
  suggested_term = excluded.suggested_term,
  notes = excluded.notes,
  counts_toward_gpa = excluded.counts_toward_gpa,
  counts_toward_progress = excluded.counts_toward_progress,
  grading_mode = excluded.grading_mode;

insert into public.program_courses (id, program_id, catalog_course_id, group_id, category, kind, suggested_term, notes, counts_toward_gpa, counts_toward_progress, grading_mode, display_order)
values ('ktpm-2024-csc11007', 'ktpm-2024', 'CSC11007', 'ktpm-2024-major-core', 'major-core', 'elective', 5, null, true, true, 'numeric', 57)
on conflict (id) do update set
  program_id = excluded.program_id,
  catalog_course_id = excluded.catalog_course_id,
  group_id = excluded.group_id,
  category = excluded.category,
  kind = excluded.kind,
  suggested_term = excluded.suggested_term,
  notes = excluded.notes,
  counts_toward_gpa = excluded.counts_toward_gpa,
  counts_toward_progress = excluded.counts_toward_progress,
  grading_mode = excluded.grading_mode,
  display_order = excluded.display_order;

insert into public.courses (id, program_id, group_id, category, code, title, credits, lecture_hours, practice_hours, lab_hours, kind, suggested_term, notes, counts_toward_gpa, counts_toward_progress, grading_mode)
values ('ktpm-2024-csc11007', 'ktpm-2024', 'ktpm-2024-major-core', 'major-core', 'CSC11007', 'An ninh mạng', 4, 45, 30, 0, 'elective', 5, null, true, true, 'numeric')
on conflict (id) do update set
  group_id = excluded.group_id,
  category = excluded.category,
  code = excluded.code,
  title = excluded.title,
  credits = excluded.credits,
  lecture_hours = excluded.lecture_hours,
  practice_hours = excluded.practice_hours,
  lab_hours = excluded.lab_hours,
  kind = excluded.kind,
  suggested_term = excluded.suggested_term,
  notes = excluded.notes,
  counts_toward_gpa = excluded.counts_toward_gpa,
  counts_toward_progress = excluded.counts_toward_progress,
  grading_mode = excluded.grading_mode;

insert into public.program_courses (id, program_id, catalog_course_id, group_id, category, kind, suggested_term, notes, counts_toward_gpa, counts_toward_progress, grading_mode, display_order)
values ('ktpm-2024-csc11106', 'ktpm-2024', 'CSC11106', 'ktpm-2024-major-core', 'major-core', 'elective', 5, null, true, true, 'numeric', 58)
on conflict (id) do update set
  program_id = excluded.program_id,
  catalog_course_id = excluded.catalog_course_id,
  group_id = excluded.group_id,
  category = excluded.category,
  kind = excluded.kind,
  suggested_term = excluded.suggested_term,
  notes = excluded.notes,
  counts_toward_gpa = excluded.counts_toward_gpa,
  counts_toward_progress = excluded.counts_toward_progress,
  grading_mode = excluded.grading_mode,
  display_order = excluded.display_order;

insert into public.courses (id, program_id, group_id, category, code, title, credits, lecture_hours, practice_hours, lab_hours, kind, suggested_term, notes, counts_toward_gpa, counts_toward_progress, grading_mode)
values ('ktpm-2024-csc11106', 'ktpm-2024', 'ktpm-2024-major-core', 'major-core', 'CSC11106', 'Truyền thông không dây', 4, 45, 30, 0, 'elective', 5, null, true, true, 'numeric')
on conflict (id) do update set
  group_id = excluded.group_id,
  category = excluded.category,
  code = excluded.code,
  title = excluded.title,
  credits = excluded.credits,
  lecture_hours = excluded.lecture_hours,
  practice_hours = excluded.practice_hours,
  lab_hours = excluded.lab_hours,
  kind = excluded.kind,
  suggested_term = excluded.suggested_term,
  notes = excluded.notes,
  counts_toward_gpa = excluded.counts_toward_gpa,
  counts_toward_progress = excluded.counts_toward_progress,
  grading_mode = excluded.grading_mode;

insert into public.program_courses (id, program_id, catalog_course_id, group_id, category, kind, suggested_term, notes, counts_toward_gpa, counts_toward_progress, grading_mode, display_order)
values ('ktpm-2024-csc11115', 'ktpm-2024', 'CSC11115', 'ktpm-2024-major-core', 'major-core', 'elective', 5, null, true, true, 'numeric', 59)
on conflict (id) do update set
  program_id = excluded.program_id,
  catalog_course_id = excluded.catalog_course_id,
  group_id = excluded.group_id,
  category = excluded.category,
  kind = excluded.kind,
  suggested_term = excluded.suggested_term,
  notes = excluded.notes,
  counts_toward_gpa = excluded.counts_toward_gpa,
  counts_toward_progress = excluded.counts_toward_progress,
  grading_mode = excluded.grading_mode,
  display_order = excluded.display_order;

insert into public.courses (id, program_id, group_id, category, code, title, credits, lecture_hours, practice_hours, lab_hours, kind, suggested_term, notes, counts_toward_gpa, counts_toward_progress, grading_mode)
values ('ktpm-2024-csc11115', 'ktpm-2024', 'ktpm-2024-major-core', 'major-core', 'CSC11115', 'An ninh mạng nâng cao', 4, 45, 30, 0, 'elective', 5, null, true, true, 'numeric')
on conflict (id) do update set
  group_id = excluded.group_id,
  category = excluded.category,
  code = excluded.code,
  title = excluded.title,
  credits = excluded.credits,
  lecture_hours = excluded.lecture_hours,
  practice_hours = excluded.practice_hours,
  lab_hours = excluded.lab_hours,
  kind = excluded.kind,
  suggested_term = excluded.suggested_term,
  notes = excluded.notes,
  counts_toward_gpa = excluded.counts_toward_gpa,
  counts_toward_progress = excluded.counts_toward_progress,
  grading_mode = excluded.grading_mode;

insert into public.program_courses (id, program_id, catalog_course_id, group_id, category, kind, suggested_term, notes, counts_toward_gpa, counts_toward_progress, grading_mode, display_order)
values ('ktpm-2024-csc11116', 'ktpm-2024', 'CSC11116', 'ktpm-2024-major-core', 'major-core', 'elective', 5, null, true, true, 'numeric', 60)
on conflict (id) do update set
  program_id = excluded.program_id,
  catalog_course_id = excluded.catalog_course_id,
  group_id = excluded.group_id,
  category = excluded.category,
  kind = excluded.kind,
  suggested_term = excluded.suggested_term,
  notes = excluded.notes,
  counts_toward_gpa = excluded.counts_toward_gpa,
  counts_toward_progress = excluded.counts_toward_progress,
  grading_mode = excluded.grading_mode,
  display_order = excluded.display_order;

insert into public.courses (id, program_id, group_id, category, code, title, credits, lecture_hours, practice_hours, lab_hours, kind, suggested_term, notes, counts_toward_gpa, counts_toward_progress, grading_mode)
values ('ktpm-2024-csc11116', 'ktpm-2024', 'ktpm-2024-major-core', 'major-core', 'CSC11116', 'DevOps nâng cao', 4, 45, 30, 0, 'elective', 5, null, true, true, 'numeric')
on conflict (id) do update set
  group_id = excluded.group_id,
  category = excluded.category,
  code = excluded.code,
  title = excluded.title,
  credits = excluded.credits,
  lecture_hours = excluded.lecture_hours,
  practice_hours = excluded.practice_hours,
  lab_hours = excluded.lab_hours,
  kind = excluded.kind,
  suggested_term = excluded.suggested_term,
  notes = excluded.notes,
  counts_toward_gpa = excluded.counts_toward_gpa,
  counts_toward_progress = excluded.counts_toward_progress,
  grading_mode = excluded.grading_mode;

insert into public.program_courses (id, program_id, catalog_course_id, group_id, category, kind, suggested_term, notes, counts_toward_gpa, counts_toward_progress, grading_mode, display_order)
values ('ktpm-2024-csc11117', 'ktpm-2024', 'CSC11117', 'ktpm-2024-major-core', 'major-core', 'elective', 5, null, true, true, 'numeric', 61)
on conflict (id) do update set
  program_id = excluded.program_id,
  catalog_course_id = excluded.catalog_course_id,
  group_id = excluded.group_id,
  category = excluded.category,
  kind = excluded.kind,
  suggested_term = excluded.suggested_term,
  notes = excluded.notes,
  counts_toward_gpa = excluded.counts_toward_gpa,
  counts_toward_progress = excluded.counts_toward_progress,
  grading_mode = excluded.grading_mode,
  display_order = excluded.display_order;

insert into public.courses (id, program_id, group_id, category, code, title, credits, lecture_hours, practice_hours, lab_hours, kind, suggested_term, notes, counts_toward_gpa, counts_toward_progress, grading_mode)
values ('ktpm-2024-csc11117', 'ktpm-2024', 'ktpm-2024-major-core', 'major-core', 'CSC11117', 'Hệ điều hành Linux và ứng dụng', 4, 45, 30, 0, 'elective', 5, null, true, true, 'numeric')
on conflict (id) do update set
  group_id = excluded.group_id,
  category = excluded.category,
  code = excluded.code,
  title = excluded.title,
  credits = excluded.credits,
  lecture_hours = excluded.lecture_hours,
  practice_hours = excluded.practice_hours,
  lab_hours = excluded.lab_hours,
  kind = excluded.kind,
  suggested_term = excluded.suggested_term,
  notes = excluded.notes,
  counts_toward_gpa = excluded.counts_toward_gpa,
  counts_toward_progress = excluded.counts_toward_progress,
  grading_mode = excluded.grading_mode;

insert into public.program_courses (id, program_id, catalog_course_id, group_id, category, kind, suggested_term, notes, counts_toward_gpa, counts_toward_progress, grading_mode, display_order)
values ('ktpm-2024-csc11118', 'ktpm-2024', 'CSC11118', 'ktpm-2024-major-core', 'major-core', 'elective', 5, null, true, true, 'numeric', 62)
on conflict (id) do update set
  program_id = excluded.program_id,
  catalog_course_id = excluded.catalog_course_id,
  group_id = excluded.group_id,
  category = excluded.category,
  kind = excluded.kind,
  suggested_term = excluded.suggested_term,
  notes = excluded.notes,
  counts_toward_gpa = excluded.counts_toward_gpa,
  counts_toward_progress = excluded.counts_toward_progress,
  grading_mode = excluded.grading_mode,
  display_order = excluded.display_order;

insert into public.courses (id, program_id, group_id, category, code, title, credits, lecture_hours, practice_hours, lab_hours, kind, suggested_term, notes, counts_toward_gpa, counts_toward_progress, grading_mode)
values ('ktpm-2024-csc11118', 'ktpm-2024', 'ktpm-2024-major-core', 'major-core', 'CSC11118', 'Triển khai và vận hành điện toán đám mây', 4, 45, 30, 0, 'elective', 5, null, true, true, 'numeric')
on conflict (id) do update set
  group_id = excluded.group_id,
  category = excluded.category,
  code = excluded.code,
  title = excluded.title,
  credits = excluded.credits,
  lecture_hours = excluded.lecture_hours,
  practice_hours = excluded.practice_hours,
  lab_hours = excluded.lab_hours,
  kind = excluded.kind,
  suggested_term = excluded.suggested_term,
  notes = excluded.notes,
  counts_toward_gpa = excluded.counts_toward_gpa,
  counts_toward_progress = excluded.counts_toward_progress,
  grading_mode = excluded.grading_mode;

insert into public.program_courses (id, program_id, catalog_course_id, group_id, category, kind, suggested_term, notes, counts_toward_gpa, counts_toward_progress, grading_mode, display_order)
values ('ktpm-2024-csc11120', 'ktpm-2024', 'CSC11120', 'ktpm-2024-major-core', 'major-core', 'elective', 5, null, true, true, 'numeric', 63)
on conflict (id) do update set
  program_id = excluded.program_id,
  catalog_course_id = excluded.catalog_course_id,
  group_id = excluded.group_id,
  category = excluded.category,
  kind = excluded.kind,
  suggested_term = excluded.suggested_term,
  notes = excluded.notes,
  counts_toward_gpa = excluded.counts_toward_gpa,
  counts_toward_progress = excluded.counts_toward_progress,
  grading_mode = excluded.grading_mode,
  display_order = excluded.display_order;

insert into public.courses (id, program_id, group_id, category, code, title, credits, lecture_hours, practice_hours, lab_hours, kind, suggested_term, notes, counts_toward_gpa, counts_toward_progress, grading_mode)
values ('ktpm-2024-csc11120', 'ktpm-2024', 'ktpm-2024-major-core', 'major-core', 'CSC11120', 'An toàn và bảo mật dữ liệu', 4, 45, 30, 0, 'elective', 5, null, true, true, 'numeric')
on conflict (id) do update set
  group_id = excluded.group_id,
  category = excluded.category,
  code = excluded.code,
  title = excluded.title,
  credits = excluded.credits,
  lecture_hours = excluded.lecture_hours,
  practice_hours = excluded.practice_hours,
  lab_hours = excluded.lab_hours,
  kind = excluded.kind,
  suggested_term = excluded.suggested_term,
  notes = excluded.notes,
  counts_toward_gpa = excluded.counts_toward_gpa,
  counts_toward_progress = excluded.counts_toward_progress,
  grading_mode = excluded.grading_mode;

insert into public.program_courses (id, program_id, catalog_course_id, group_id, category, kind, suggested_term, notes, counts_toward_gpa, counts_toward_progress, grading_mode, display_order)
values ('ktpm-2024-csc12001', 'ktpm-2024', 'CSC12001', 'ktpm-2024-major-core', 'major-core', 'elective', 5, null, true, true, 'numeric', 64)
on conflict (id) do update set
  program_id = excluded.program_id,
  catalog_course_id = excluded.catalog_course_id,
  group_id = excluded.group_id,
  category = excluded.category,
  kind = excluded.kind,
  suggested_term = excluded.suggested_term,
  notes = excluded.notes,
  counts_toward_gpa = excluded.counts_toward_gpa,
  counts_toward_progress = excluded.counts_toward_progress,
  grading_mode = excluded.grading_mode,
  display_order = excluded.display_order;

insert into public.courses (id, program_id, group_id, category, code, title, credits, lecture_hours, practice_hours, lab_hours, kind, suggested_term, notes, counts_toward_gpa, counts_toward_progress, grading_mode)
values ('ktpm-2024-csc12001', 'ktpm-2024', 'ktpm-2024-major-core', 'major-core', 'CSC12001', 'An toan va bao mat du lieu trong hệ thống thông tin', 4, 45, 30, 0, 'elective', 5, null, true, true, 'numeric')
on conflict (id) do update set
  group_id = excluded.group_id,
  category = excluded.category,
  code = excluded.code,
  title = excluded.title,
  credits = excluded.credits,
  lecture_hours = excluded.lecture_hours,
  practice_hours = excluded.practice_hours,
  lab_hours = excluded.lab_hours,
  kind = excluded.kind,
  suggested_term = excluded.suggested_term,
  notes = excluded.notes,
  counts_toward_gpa = excluded.counts_toward_gpa,
  counts_toward_progress = excluded.counts_toward_progress,
  grading_mode = excluded.grading_mode;

insert into public.program_courses (id, program_id, catalog_course_id, group_id, category, kind, suggested_term, notes, counts_toward_gpa, counts_toward_progress, grading_mode, display_order)
values ('ktpm-2024-csc12002', 'ktpm-2024', 'CSC12002', 'ktpm-2024-major-core', 'major-core', 'elective', 5, null, true, true, 'numeric', 65)
on conflict (id) do update set
  program_id = excluded.program_id,
  catalog_course_id = excluded.catalog_course_id,
  group_id = excluded.group_id,
  category = excluded.category,
  kind = excluded.kind,
  suggested_term = excluded.suggested_term,
  notes = excluded.notes,
  counts_toward_gpa = excluded.counts_toward_gpa,
  counts_toward_progress = excluded.counts_toward_progress,
  grading_mode = excluded.grading_mode,
  display_order = excluded.display_order;

insert into public.courses (id, program_id, group_id, category, code, title, credits, lecture_hours, practice_hours, lab_hours, kind, suggested_term, notes, counts_toward_gpa, counts_toward_progress, grading_mode)
values ('ktpm-2024-csc12002', 'ktpm-2024', 'ktpm-2024-major-core', 'major-core', 'CSC12002', 'Cơ sở dữ liệu nâng cao', 4, 45, 30, 0, 'elective', 5, null, true, true, 'numeric')
on conflict (id) do update set
  group_id = excluded.group_id,
  category = excluded.category,
  code = excluded.code,
  title = excluded.title,
  credits = excluded.credits,
  lecture_hours = excluded.lecture_hours,
  practice_hours = excluded.practice_hours,
  lab_hours = excluded.lab_hours,
  kind = excluded.kind,
  suggested_term = excluded.suggested_term,
  notes = excluded.notes,
  counts_toward_gpa = excluded.counts_toward_gpa,
  counts_toward_progress = excluded.counts_toward_progress,
  grading_mode = excluded.grading_mode;

insert into public.program_courses (id, program_id, catalog_course_id, group_id, category, kind, suggested_term, notes, counts_toward_gpa, counts_toward_progress, grading_mode, display_order)
values ('ktpm-2024-csc12003', 'ktpm-2024', 'CSC12003', 'ktpm-2024-major-core', 'major-core', 'elective', 5, null, true, true, 'numeric', 66)
on conflict (id) do update set
  program_id = excluded.program_id,
  catalog_course_id = excluded.catalog_course_id,
  group_id = excluded.group_id,
  category = excluded.category,
  kind = excluded.kind,
  suggested_term = excluded.suggested_term,
  notes = excluded.notes,
  counts_toward_gpa = excluded.counts_toward_gpa,
  counts_toward_progress = excluded.counts_toward_progress,
  grading_mode = excluded.grading_mode,
  display_order = excluded.display_order;

insert into public.courses (id, program_id, group_id, category, code, title, credits, lecture_hours, practice_hours, lab_hours, kind, suggested_term, notes, counts_toward_gpa, counts_toward_progress, grading_mode)
values ('ktpm-2024-csc12003', 'ktpm-2024', 'ktpm-2024-major-core', 'major-core', 'CSC12003', 'Hệ quản trị cơ sở dữ liệu', 4, 45, 30, 0, 'elective', 5, null, true, true, 'numeric')
on conflict (id) do update set
  group_id = excluded.group_id,
  category = excluded.category,
  code = excluded.code,
  title = excluded.title,
  credits = excluded.credits,
  lecture_hours = excluded.lecture_hours,
  practice_hours = excluded.practice_hours,
  lab_hours = excluded.lab_hours,
  kind = excluded.kind,
  suggested_term = excluded.suggested_term,
  notes = excluded.notes,
  counts_toward_gpa = excluded.counts_toward_gpa,
  counts_toward_progress = excluded.counts_toward_progress,
  grading_mode = excluded.grading_mode;

insert into public.program_courses (id, program_id, catalog_course_id, group_id, category, kind, suggested_term, notes, counts_toward_gpa, counts_toward_progress, grading_mode, display_order)
values ('ktpm-2024-csc12004', 'ktpm-2024', 'CSC12004', 'ktpm-2024-major-core', 'major-core', 'required', 5, null, true, true, 'numeric', 67)
on conflict (id) do update set
  program_id = excluded.program_id,
  catalog_course_id = excluded.catalog_course_id,
  group_id = excluded.group_id,
  category = excluded.category,
  kind = excluded.kind,
  suggested_term = excluded.suggested_term,
  notes = excluded.notes,
  counts_toward_gpa = excluded.counts_toward_gpa,
  counts_toward_progress = excluded.counts_toward_progress,
  grading_mode = excluded.grading_mode,
  display_order = excluded.display_order;

insert into public.courses (id, program_id, group_id, category, code, title, credits, lecture_hours, practice_hours, lab_hours, kind, suggested_term, notes, counts_toward_gpa, counts_toward_progress, grading_mode)
values ('ktpm-2024-csc12004', 'ktpm-2024', 'ktpm-2024-major-core', 'major-core', 'CSC12004', 'Phân tích thiết kế hệ thống thông tin', 4, 4, 5, 0, 'required', 5, null, true, true, 'numeric')
on conflict (id) do update set
  group_id = excluded.group_id,
  category = excluded.category,
  code = excluded.code,
  title = excluded.title,
  credits = excluded.credits,
  lecture_hours = excluded.lecture_hours,
  practice_hours = excluded.practice_hours,
  lab_hours = excluded.lab_hours,
  kind = excluded.kind,
  suggested_term = excluded.suggested_term,
  notes = excluded.notes,
  counts_toward_gpa = excluded.counts_toward_gpa,
  counts_toward_progress = excluded.counts_toward_progress,
  grading_mode = excluded.grading_mode;

insert into public.program_courses (id, program_id, catalog_course_id, group_id, category, kind, suggested_term, notes, counts_toward_gpa, counts_toward_progress, grading_mode, display_order)
values ('ktpm-2024-csc12005', 'ktpm-2024', 'CSC12005', 'ktpm-2024-major-core', 'major-core', 'elective', 5, null, true, true, 'numeric', 68)
on conflict (id) do update set
  program_id = excluded.program_id,
  catalog_course_id = excluded.catalog_course_id,
  group_id = excluded.group_id,
  category = excluded.category,
  kind = excluded.kind,
  suggested_term = excluded.suggested_term,
  notes = excluded.notes,
  counts_toward_gpa = excluded.counts_toward_gpa,
  counts_toward_progress = excluded.counts_toward_progress,
  grading_mode = excluded.grading_mode,
  display_order = excluded.display_order;

insert into public.courses (id, program_id, group_id, category, code, title, credits, lecture_hours, practice_hours, lab_hours, kind, suggested_term, notes, counts_toward_gpa, counts_toward_progress, grading_mode)
values ('ktpm-2024-csc12005', 'ktpm-2024', 'ktpm-2024-major-core', 'major-core', 'CSC12005', 'Phát triển ứng dụng hệ thống thông tin hiện đại', 4, 45, 30, 0, 'elective', 5, null, true, true, 'numeric')
on conflict (id) do update set
  group_id = excluded.group_id,
  category = excluded.category,
  code = excluded.code,
  title = excluded.title,
  credits = excluded.credits,
  lecture_hours = excluded.lecture_hours,
  practice_hours = excluded.practice_hours,
  lab_hours = excluded.lab_hours,
  kind = excluded.kind,
  suggested_term = excluded.suggested_term,
  notes = excluded.notes,
  counts_toward_gpa = excluded.counts_toward_gpa,
  counts_toward_progress = excluded.counts_toward_progress,
  grading_mode = excluded.grading_mode;

insert into public.program_courses (id, program_id, catalog_course_id, group_id, category, kind, suggested_term, notes, counts_toward_gpa, counts_toward_progress, grading_mode, display_order)
values ('ktpm-2024-csc12105', 'ktpm-2024', 'CSC12105', 'ktpm-2024-major-core', 'major-core', 'elective', 5, null, true, true, 'numeric', 69)
on conflict (id) do update set
  program_id = excluded.program_id,
  catalog_course_id = excluded.catalog_course_id,
  group_id = excluded.group_id,
  category = excluded.category,
  kind = excluded.kind,
  suggested_term = excluded.suggested_term,
  notes = excluded.notes,
  counts_toward_gpa = excluded.counts_toward_gpa,
  counts_toward_progress = excluded.counts_toward_progress,
  grading_mode = excluded.grading_mode,
  display_order = excluded.display_order;

insert into public.courses (id, program_id, group_id, category, code, title, credits, lecture_hours, practice_hours, lab_hours, kind, suggested_term, notes, counts_toward_gpa, counts_toward_progress, grading_mode)
values ('ktpm-2024-csc12105', 'ktpm-2024', 'ktpm-2024-major-core', 'major-core', 'CSC12105', 'Thương mại điện tử', 4, 45, 30, 0, 'elective', 5, null, true, true, 'numeric')
on conflict (id) do update set
  group_id = excluded.group_id,
  category = excluded.category,
  code = excluded.code,
  title = excluded.title,
  credits = excluded.credits,
  lecture_hours = excluded.lecture_hours,
  practice_hours = excluded.practice_hours,
  lab_hours = excluded.lab_hours,
  kind = excluded.kind,
  suggested_term = excluded.suggested_term,
  notes = excluded.notes,
  counts_toward_gpa = excluded.counts_toward_gpa,
  counts_toward_progress = excluded.counts_toward_progress,
  grading_mode = excluded.grading_mode;

insert into public.program_courses (id, program_id, catalog_course_id, group_id, category, kind, suggested_term, notes, counts_toward_gpa, counts_toward_progress, grading_mode, display_order)
values ('ktpm-2024-csc12106', 'ktpm-2024', 'CSC12106', 'ktpm-2024-major-core', 'major-core', 'elective', 5, null, true, true, 'numeric', 70)
on conflict (id) do update set
  program_id = excluded.program_id,
  catalog_course_id = excluded.catalog_course_id,
  group_id = excluded.group_id,
  category = excluded.category,
  kind = excluded.kind,
  suggested_term = excluded.suggested_term,
  notes = excluded.notes,
  counts_toward_gpa = excluded.counts_toward_gpa,
  counts_toward_progress = excluded.counts_toward_progress,
  grading_mode = excluded.grading_mode,
  display_order = excluded.display_order;

insert into public.courses (id, program_id, group_id, category, code, title, credits, lecture_hours, practice_hours, lab_hours, kind, suggested_term, notes, counts_toward_gpa, counts_toward_progress, grading_mode)
values ('ktpm-2024-csc12106', 'ktpm-2024', 'ktpm-2024-major-core', 'major-core', 'CSC12106', 'Tương tác người - máy', 4, 45, 30, 0, 'elective', 5, null, true, true, 'numeric')
on conflict (id) do update set
  group_id = excluded.group_id,
  category = excluded.category,
  code = excluded.code,
  title = excluded.title,
  credits = excluded.credits,
  lecture_hours = excluded.lecture_hours,
  practice_hours = excluded.practice_hours,
  lab_hours = excluded.lab_hours,
  kind = excluded.kind,
  suggested_term = excluded.suggested_term,
  notes = excluded.notes,
  counts_toward_gpa = excluded.counts_toward_gpa,
  counts_toward_progress = excluded.counts_toward_progress,
  grading_mode = excluded.grading_mode;

insert into public.program_courses (id, program_id, catalog_course_id, group_id, category, kind, suggested_term, notes, counts_toward_gpa, counts_toward_progress, grading_mode, display_order)
values ('ktpm-2024-csc12107', 'ktpm-2024', 'CSC12107', 'ktpm-2024-major-core', 'major-core', 'required', 5, null, true, true, 'numeric', 71)
on conflict (id) do update set
  program_id = excluded.program_id,
  catalog_course_id = excluded.catalog_course_id,
  group_id = excluded.group_id,
  category = excluded.category,
  kind = excluded.kind,
  suggested_term = excluded.suggested_term,
  notes = excluded.notes,
  counts_toward_gpa = excluded.counts_toward_gpa,
  counts_toward_progress = excluded.counts_toward_progress,
  grading_mode = excluded.grading_mode,
  display_order = excluded.display_order;

insert into public.courses (id, program_id, group_id, category, code, title, credits, lecture_hours, practice_hours, lab_hours, kind, suggested_term, notes, counts_toward_gpa, counts_toward_progress, grading_mode)
values ('ktpm-2024-csc12107', 'ktpm-2024', 'ktpm-2024-major-core', 'major-core', 'CSC12107', 'Hệ thống thông tin phục vụ trí tuệ kinh doanh', 4, 4, 6, 0, 'required', 5, null, true, true, 'numeric')
on conflict (id) do update set
  group_id = excluded.group_id,
  category = excluded.category,
  code = excluded.code,
  title = excluded.title,
  credits = excluded.credits,
  lecture_hours = excluded.lecture_hours,
  practice_hours = excluded.practice_hours,
  lab_hours = excluded.lab_hours,
  kind = excluded.kind,
  suggested_term = excluded.suggested_term,
  notes = excluded.notes,
  counts_toward_gpa = excluded.counts_toward_gpa,
  counts_toward_progress = excluded.counts_toward_progress,
  grading_mode = excluded.grading_mode;

insert into public.program_courses (id, program_id, catalog_course_id, group_id, category, kind, suggested_term, notes, counts_toward_gpa, counts_toward_progress, grading_mode, display_order)
values ('ktpm-2024-csc13001', 'ktpm-2024', 'CSC13001', 'ktpm-2024-major-core', 'major-core', 'required', 5, null, true, true, 'numeric', 72)
on conflict (id) do update set
  program_id = excluded.program_id,
  catalog_course_id = excluded.catalog_course_id,
  group_id = excluded.group_id,
  category = excluded.category,
  kind = excluded.kind,
  suggested_term = excluded.suggested_term,
  notes = excluded.notes,
  counts_toward_gpa = excluded.counts_toward_gpa,
  counts_toward_progress = excluded.counts_toward_progress,
  grading_mode = excluded.grading_mode,
  display_order = excluded.display_order;

insert into public.courses (id, program_id, group_id, category, code, title, credits, lecture_hours, practice_hours, lab_hours, kind, suggested_term, notes, counts_toward_gpa, counts_toward_progress, grading_mode)
values ('ktpm-2024-csc13001', 'ktpm-2024', 'ktpm-2024-major-core', 'major-core', 'CSC13001', 'Lập trình Windows', 4, 0, 0, 0, 'required', 5, null, true, true, 'numeric')
on conflict (id) do update set
  group_id = excluded.group_id,
  category = excluded.category,
  code = excluded.code,
  title = excluded.title,
  credits = excluded.credits,
  lecture_hours = excluded.lecture_hours,
  practice_hours = excluded.practice_hours,
  lab_hours = excluded.lab_hours,
  kind = excluded.kind,
  suggested_term = excluded.suggested_term,
  notes = excluded.notes,
  counts_toward_gpa = excluded.counts_toward_gpa,
  counts_toward_progress = excluded.counts_toward_progress,
  grading_mode = excluded.grading_mode;

insert into public.program_courses (id, program_id, catalog_course_id, group_id, category, kind, suggested_term, notes, counts_toward_gpa, counts_toward_progress, grading_mode, display_order)
values ('ktpm-2024-csc13002', 'ktpm-2024', 'CSC13002', 'ktpm-2024-major-core', 'major-core', 'required', 5, null, true, true, 'numeric', 73)
on conflict (id) do update set
  program_id = excluded.program_id,
  catalog_course_id = excluded.catalog_course_id,
  group_id = excluded.group_id,
  category = excluded.category,
  kind = excluded.kind,
  suggested_term = excluded.suggested_term,
  notes = excluded.notes,
  counts_toward_gpa = excluded.counts_toward_gpa,
  counts_toward_progress = excluded.counts_toward_progress,
  grading_mode = excluded.grading_mode,
  display_order = excluded.display_order;

insert into public.courses (id, program_id, group_id, category, code, title, credits, lecture_hours, practice_hours, lab_hours, kind, suggested_term, notes, counts_toward_gpa, counts_toward_progress, grading_mode)
values ('ktpm-2024-csc13002', 'ktpm-2024', 'ktpm-2024-major-core', 'major-core', 'CSC13002', 'Nhập môn công nghệ phần mềm', 4, 45, 30, 0, 'required', 5, null, true, true, 'numeric')
on conflict (id) do update set
  group_id = excluded.group_id,
  category = excluded.category,
  code = excluded.code,
  title = excluded.title,
  credits = excluded.credits,
  lecture_hours = excluded.lecture_hours,
  practice_hours = excluded.practice_hours,
  lab_hours = excluded.lab_hours,
  kind = excluded.kind,
  suggested_term = excluded.suggested_term,
  notes = excluded.notes,
  counts_toward_gpa = excluded.counts_toward_gpa,
  counts_toward_progress = excluded.counts_toward_progress,
  grading_mode = excluded.grading_mode;

insert into public.program_courses (id, program_id, catalog_course_id, group_id, category, kind, suggested_term, notes, counts_toward_gpa, counts_toward_progress, grading_mode, display_order)
values ('ktpm-2024-csc13003', 'ktpm-2024', 'CSC13003', 'ktpm-2024-major-core', 'major-core', 'elective', 5, null, true, true, 'numeric', 74)
on conflict (id) do update set
  program_id = excluded.program_id,
  catalog_course_id = excluded.catalog_course_id,
  group_id = excluded.group_id,
  category = excluded.category,
  kind = excluded.kind,
  suggested_term = excluded.suggested_term,
  notes = excluded.notes,
  counts_toward_gpa = excluded.counts_toward_gpa,
  counts_toward_progress = excluded.counts_toward_progress,
  grading_mode = excluded.grading_mode,
  display_order = excluded.display_order;

insert into public.courses (id, program_id, group_id, category, code, title, credits, lecture_hours, practice_hours, lab_hours, kind, suggested_term, notes, counts_toward_gpa, counts_toward_progress, grading_mode)
values ('ktpm-2024-csc13003', 'ktpm-2024', 'ktpm-2024-major-core', 'major-core', 'CSC13003', 'Kiểm thử phần mềm', 4, 45, 30, 0, 'elective', 5, null, true, true, 'numeric')
on conflict (id) do update set
  group_id = excluded.group_id,
  category = excluded.category,
  code = excluded.code,
  title = excluded.title,
  credits = excluded.credits,
  lecture_hours = excluded.lecture_hours,
  practice_hours = excluded.practice_hours,
  lab_hours = excluded.lab_hours,
  kind = excluded.kind,
  suggested_term = excluded.suggested_term,
  notes = excluded.notes,
  counts_toward_gpa = excluded.counts_toward_gpa,
  counts_toward_progress = excluded.counts_toward_progress,
  grading_mode = excluded.grading_mode;

insert into public.program_courses (id, program_id, catalog_course_id, group_id, category, kind, suggested_term, notes, counts_toward_gpa, counts_toward_progress, grading_mode, display_order)
values ('ktpm-2024-csc13005', 'ktpm-2024', 'CSC13005', 'ktpm-2024-major-core', 'major-core', 'elective', 5, null, true, true, 'numeric', 75)
on conflict (id) do update set
  program_id = excluded.program_id,
  catalog_course_id = excluded.catalog_course_id,
  group_id = excluded.group_id,
  category = excluded.category,
  kind = excluded.kind,
  suggested_term = excluded.suggested_term,
  notes = excluded.notes,
  counts_toward_gpa = excluded.counts_toward_gpa,
  counts_toward_progress = excluded.counts_toward_progress,
  grading_mode = excluded.grading_mode,
  display_order = excluded.display_order;

insert into public.courses (id, program_id, group_id, category, code, title, credits, lecture_hours, practice_hours, lab_hours, kind, suggested_term, notes, counts_toward_gpa, counts_toward_progress, grading_mode)
values ('ktpm-2024-csc13005', 'ktpm-2024', 'ktpm-2024-major-core', 'major-core', 'CSC13005', 'Thiết kế phần mềm', 4, 45, 30, 0, 'elective', 5, null, true, true, 'numeric')
on conflict (id) do update set
  group_id = excluded.group_id,
  category = excluded.category,
  code = excluded.code,
  title = excluded.title,
  credits = excluded.credits,
  lecture_hours = excluded.lecture_hours,
  practice_hours = excluded.practice_hours,
  lab_hours = excluded.lab_hours,
  kind = excluded.kind,
  suggested_term = excluded.suggested_term,
  notes = excluded.notes,
  counts_toward_gpa = excluded.counts_toward_gpa,
  counts_toward_progress = excluded.counts_toward_progress,
  grading_mode = excluded.grading_mode;

insert into public.program_courses (id, program_id, catalog_course_id, group_id, category, kind, suggested_term, notes, counts_toward_gpa, counts_toward_progress, grading_mode, display_order)
values ('ktpm-2024-csc13006', 'ktpm-2024', 'CSC13006', 'ktpm-2024-major-core', 'major-core', 'elective', 5, null, true, true, 'numeric', 76)
on conflict (id) do update set
  program_id = excluded.program_id,
  catalog_course_id = excluded.catalog_course_id,
  group_id = excluded.group_id,
  category = excluded.category,
  kind = excluded.kind,
  suggested_term = excluded.suggested_term,
  notes = excluded.notes,
  counts_toward_gpa = excluded.counts_toward_gpa,
  counts_toward_progress = excluded.counts_toward_progress,
  grading_mode = excluded.grading_mode,
  display_order = excluded.display_order;

insert into public.courses (id, program_id, group_id, category, code, title, credits, lecture_hours, practice_hours, lab_hours, kind, suggested_term, notes, counts_toward_gpa, counts_toward_progress, grading_mode)
values ('ktpm-2024-csc13006', 'ktpm-2024', 'ktpm-2024-major-core', 'major-core', 'CSC13006', 'Quản lý dự án phần mềm', 4, 45, 30, 0, 'elective', 5, null, true, true, 'numeric')
on conflict (id) do update set
  group_id = excluded.group_id,
  category = excluded.category,
  code = excluded.code,
  title = excluded.title,
  credits = excluded.credits,
  lecture_hours = excluded.lecture_hours,
  practice_hours = excluded.practice_hours,
  lab_hours = excluded.lab_hours,
  kind = excluded.kind,
  suggested_term = excluded.suggested_term,
  notes = excluded.notes,
  counts_toward_gpa = excluded.counts_toward_gpa,
  counts_toward_progress = excluded.counts_toward_progress,
  grading_mode = excluded.grading_mode;

insert into public.program_courses (id, program_id, catalog_course_id, group_id, category, kind, suggested_term, notes, counts_toward_gpa, counts_toward_progress, grading_mode, display_order)
values ('ktpm-2024-csc13007', 'ktpm-2024', 'CSC13007', 'ktpm-2024-major-core', 'major-core', 'elective', 5, null, true, true, 'numeric', 77)
on conflict (id) do update set
  program_id = excluded.program_id,
  catalog_course_id = excluded.catalog_course_id,
  group_id = excluded.group_id,
  category = excluded.category,
  kind = excluded.kind,
  suggested_term = excluded.suggested_term,
  notes = excluded.notes,
  counts_toward_gpa = excluded.counts_toward_gpa,
  counts_toward_progress = excluded.counts_toward_progress,
  grading_mode = excluded.grading_mode,
  display_order = excluded.display_order;

insert into public.courses (id, program_id, group_id, category, code, title, credits, lecture_hours, practice_hours, lab_hours, kind, suggested_term, notes, counts_toward_gpa, counts_toward_progress, grading_mode)
values ('ktpm-2024-csc13007', 'ktpm-2024', 'ktpm-2024-major-core', 'major-core', 'CSC13007', 'Phát triển game', 4, 45, 30, 0, 'elective', 5, null, true, true, 'numeric')
on conflict (id) do update set
  group_id = excluded.group_id,
  category = excluded.category,
  code = excluded.code,
  title = excluded.title,
  credits = excluded.credits,
  lecture_hours = excluded.lecture_hours,
  practice_hours = excluded.practice_hours,
  lab_hours = excluded.lab_hours,
  kind = excluded.kind,
  suggested_term = excluded.suggested_term,
  notes = excluded.notes,
  counts_toward_gpa = excluded.counts_toward_gpa,
  counts_toward_progress = excluded.counts_toward_progress,
  grading_mode = excluded.grading_mode;

insert into public.program_courses (id, program_id, catalog_course_id, group_id, category, kind, suggested_term, notes, counts_toward_gpa, counts_toward_progress, grading_mode, display_order)
values ('ktpm-2024-csc13008', 'ktpm-2024', 'CSC13008', 'ktpm-2024-major-core', 'major-core', 'elective', 5, null, true, true, 'numeric', 78)
on conflict (id) do update set
  program_id = excluded.program_id,
  catalog_course_id = excluded.catalog_course_id,
  group_id = excluded.group_id,
  category = excluded.category,
  kind = excluded.kind,
  suggested_term = excluded.suggested_term,
  notes = excluded.notes,
  counts_toward_gpa = excluded.counts_toward_gpa,
  counts_toward_progress = excluded.counts_toward_progress,
  grading_mode = excluded.grading_mode,
  display_order = excluded.display_order;

insert into public.courses (id, program_id, group_id, category, code, title, credits, lecture_hours, practice_hours, lab_hours, kind, suggested_term, notes, counts_toward_gpa, counts_toward_progress, grading_mode)
values ('ktpm-2024-csc13008', 'ktpm-2024', 'ktpm-2024-major-core', 'major-core', 'CSC13008', 'Phát triển ứng dụng web', 4, 45, 30, 0, 'elective', 5, null, true, true, 'numeric')
on conflict (id) do update set
  group_id = excluded.group_id,
  category = excluded.category,
  code = excluded.code,
  title = excluded.title,
  credits = excluded.credits,
  lecture_hours = excluded.lecture_hours,
  practice_hours = excluded.practice_hours,
  lab_hours = excluded.lab_hours,
  kind = excluded.kind,
  suggested_term = excluded.suggested_term,
  notes = excluded.notes,
  counts_toward_gpa = excluded.counts_toward_gpa,
  counts_toward_progress = excluded.counts_toward_progress,
  grading_mode = excluded.grading_mode;

insert into public.program_courses (id, program_id, catalog_course_id, group_id, category, kind, suggested_term, notes, counts_toward_gpa, counts_toward_progress, grading_mode, display_order)
values ('ktpm-2024-csc13009', 'ktpm-2024', 'CSC13009', 'ktpm-2024-major-core', 'major-core', 'elective', 5, null, true, true, 'numeric', 79)
on conflict (id) do update set
  program_id = excluded.program_id,
  catalog_course_id = excluded.catalog_course_id,
  group_id = excluded.group_id,
  category = excluded.category,
  kind = excluded.kind,
  suggested_term = excluded.suggested_term,
  notes = excluded.notes,
  counts_toward_gpa = excluded.counts_toward_gpa,
  counts_toward_progress = excluded.counts_toward_progress,
  grading_mode = excluded.grading_mode,
  display_order = excluded.display_order;

insert into public.courses (id, program_id, group_id, category, code, title, credits, lecture_hours, practice_hours, lab_hours, kind, suggested_term, notes, counts_toward_gpa, counts_toward_progress, grading_mode)
values ('ktpm-2024-csc13009', 'ktpm-2024', 'ktpm-2024-major-core', 'major-core', 'CSC13009', 'Phát triển phần mềm cho thiết bị di động', 4, 30, 0, 0, 'elective', 5, null, true, true, 'numeric')
on conflict (id) do update set
  group_id = excluded.group_id,
  category = excluded.category,
  code = excluded.code,
  title = excluded.title,
  credits = excluded.credits,
  lecture_hours = excluded.lecture_hours,
  practice_hours = excluded.practice_hours,
  lab_hours = excluded.lab_hours,
  kind = excluded.kind,
  suggested_term = excluded.suggested_term,
  notes = excluded.notes,
  counts_toward_gpa = excluded.counts_toward_gpa,
  counts_toward_progress = excluded.counts_toward_progress,
  grading_mode = excluded.grading_mode;

insert into public.program_courses (id, program_id, catalog_course_id, group_id, category, kind, suggested_term, notes, counts_toward_gpa, counts_toward_progress, grading_mode, display_order)
values ('ktpm-2024-csc13010', 'ktpm-2024', 'CSC13010', 'ktpm-2024-major-core', 'major-core', 'elective', 5, null, true, true, 'numeric', 80)
on conflict (id) do update set
  program_id = excluded.program_id,
  catalog_course_id = excluded.catalog_course_id,
  group_id = excluded.group_id,
  category = excluded.category,
  kind = excluded.kind,
  suggested_term = excluded.suggested_term,
  notes = excluded.notes,
  counts_toward_gpa = excluded.counts_toward_gpa,
  counts_toward_progress = excluded.counts_toward_progress,
  grading_mode = excluded.grading_mode,
  display_order = excluded.display_order;

insert into public.courses (id, program_id, group_id, category, code, title, credits, lecture_hours, practice_hours, lab_hours, kind, suggested_term, notes, counts_toward_gpa, counts_toward_progress, grading_mode)
values ('ktpm-2024-csc13010', 'ktpm-2024', 'ktpm-2024-major-core', 'major-core', 'CSC13010', 'Thiết kế phần mềm', 4, 45, 30, 0, 'elective', 5, null, true, true, 'numeric')
on conflict (id) do update set
  group_id = excluded.group_id,
  category = excluded.category,
  code = excluded.code,
  title = excluded.title,
  credits = excluded.credits,
  lecture_hours = excluded.lecture_hours,
  practice_hours = excluded.practice_hours,
  lab_hours = excluded.lab_hours,
  kind = excluded.kind,
  suggested_term = excluded.suggested_term,
  notes = excluded.notes,
  counts_toward_gpa = excluded.counts_toward_gpa,
  counts_toward_progress = excluded.counts_toward_progress,
  grading_mode = excluded.grading_mode;

insert into public.program_courses (id, program_id, catalog_course_id, group_id, category, kind, suggested_term, notes, counts_toward_gpa, counts_toward_progress, grading_mode, display_order)
values ('ktpm-2024-csc13103', 'ktpm-2024', 'CSC13103', 'ktpm-2024-major-core', 'major-core', 'elective', 5, null, true, true, 'numeric', 81)
on conflict (id) do update set
  program_id = excluded.program_id,
  catalog_course_id = excluded.catalog_course_id,
  group_id = excluded.group_id,
  category = excluded.category,
  kind = excluded.kind,
  suggested_term = excluded.suggested_term,
  notes = excluded.notes,
  counts_toward_gpa = excluded.counts_toward_gpa,
  counts_toward_progress = excluded.counts_toward_progress,
  grading_mode = excluded.grading_mode,
  display_order = excluded.display_order;

insert into public.courses (id, program_id, group_id, category, code, title, credits, lecture_hours, practice_hours, lab_hours, kind, suggested_term, notes, counts_toward_gpa, counts_toward_progress, grading_mode)
values ('ktpm-2024-csc13103', 'ktpm-2024', 'ktpm-2024-major-core', 'major-core', 'CSC13103', 'Nhập môn hệ thống phân tán', 4, 45, 30, 0, 'elective', 5, null, true, true, 'numeric')
on conflict (id) do update set
  group_id = excluded.group_id,
  category = excluded.category,
  code = excluded.code,
  title = excluded.title,
  credits = excluded.credits,
  lecture_hours = excluded.lecture_hours,
  practice_hours = excluded.practice_hours,
  lab_hours = excluded.lab_hours,
  kind = excluded.kind,
  suggested_term = excluded.suggested_term,
  notes = excluded.notes,
  counts_toward_gpa = excluded.counts_toward_gpa,
  counts_toward_progress = excluded.counts_toward_progress,
  grading_mode = excluded.grading_mode;

insert into public.program_courses (id, program_id, catalog_course_id, group_id, category, kind, suggested_term, notes, counts_toward_gpa, counts_toward_progress, grading_mode, display_order)
values ('ktpm-2024-csc13106', 'ktpm-2024', 'CSC13106', 'ktpm-2024-major-core', 'major-core', 'elective', 5, null, true, true, 'numeric', 82)
on conflict (id) do update set
  program_id = excluded.program_id,
  catalog_course_id = excluded.catalog_course_id,
  group_id = excluded.group_id,
  category = excluded.category,
  kind = excluded.kind,
  suggested_term = excluded.suggested_term,
  notes = excluded.notes,
  counts_toward_gpa = excluded.counts_toward_gpa,
  counts_toward_progress = excluded.counts_toward_progress,
  grading_mode = excluded.grading_mode,
  display_order = excluded.display_order;

insert into public.courses (id, program_id, group_id, category, code, title, credits, lecture_hours, practice_hours, lab_hours, kind, suggested_term, notes, counts_toward_gpa, counts_toward_progress, grading_mode)
values ('ktpm-2024-csc13106', 'ktpm-2024', 'ktpm-2024-major-core', 'major-core', 'CSC13106', 'Kiến trúc phần mềm', 4, 45, 30, 0, 'elective', 5, null, true, true, 'numeric')
on conflict (id) do update set
  group_id = excluded.group_id,
  category = excluded.category,
  code = excluded.code,
  title = excluded.title,
  credits = excluded.credits,
  lecture_hours = excluded.lecture_hours,
  practice_hours = excluded.practice_hours,
  lab_hours = excluded.lab_hours,
  kind = excluded.kind,
  suggested_term = excluded.suggested_term,
  notes = excluded.notes,
  counts_toward_gpa = excluded.counts_toward_gpa,
  counts_toward_progress = excluded.counts_toward_progress,
  grading_mode = excluded.grading_mode;

insert into public.program_courses (id, program_id, catalog_course_id, group_id, category, kind, suggested_term, notes, counts_toward_gpa, counts_toward_progress, grading_mode, display_order)
values ('ktpm-2024-csc13107', 'ktpm-2024', 'CSC13107', 'ktpm-2024-major-core', 'major-core', 'elective', 5, null, true, true, 'numeric', 83)
on conflict (id) do update set
  program_id = excluded.program_id,
  catalog_course_id = excluded.catalog_course_id,
  group_id = excluded.group_id,
  category = excluded.category,
  kind = excluded.kind,
  suggested_term = excluded.suggested_term,
  notes = excluded.notes,
  counts_toward_gpa = excluded.counts_toward_gpa,
  counts_toward_progress = excluded.counts_toward_progress,
  grading_mode = excluded.grading_mode,
  display_order = excluded.display_order;

insert into public.courses (id, program_id, group_id, category, code, title, credits, lecture_hours, practice_hours, lab_hours, kind, suggested_term, notes, counts_toward_gpa, counts_toward_progress, grading_mode)
values ('ktpm-2024-csc13107', 'ktpm-2024', 'ktpm-2024-major-core', 'major-core', 'CSC13107', 'Mẫu thiết kế hướng đối tượng và ứng dụng', 4, 45, 30, 0, 'elective', 5, null, true, true, 'numeric')
on conflict (id) do update set
  group_id = excluded.group_id,
  category = excluded.category,
  code = excluded.code,
  title = excluded.title,
  credits = excluded.credits,
  lecture_hours = excluded.lecture_hours,
  practice_hours = excluded.practice_hours,
  lab_hours = excluded.lab_hours,
  kind = excluded.kind,
  suggested_term = excluded.suggested_term,
  notes = excluded.notes,
  counts_toward_gpa = excluded.counts_toward_gpa,
  counts_toward_progress = excluded.counts_toward_progress,
  grading_mode = excluded.grading_mode;

insert into public.program_courses (id, program_id, catalog_course_id, group_id, category, kind, suggested_term, notes, counts_toward_gpa, counts_toward_progress, grading_mode, display_order)
values ('ktpm-2024-csc13112', 'ktpm-2024', 'CSC13112', 'ktpm-2024-major-core', 'major-core', 'elective', 5, null, true, true, 'numeric', 84)
on conflict (id) do update set
  program_id = excluded.program_id,
  catalog_course_id = excluded.catalog_course_id,
  group_id = excluded.group_id,
  category = excluded.category,
  kind = excluded.kind,
  suggested_term = excluded.suggested_term,
  notes = excluded.notes,
  counts_toward_gpa = excluded.counts_toward_gpa,
  counts_toward_progress = excluded.counts_toward_progress,
  grading_mode = excluded.grading_mode,
  display_order = excluded.display_order;

insert into public.courses (id, program_id, group_id, category, code, title, credits, lecture_hours, practice_hours, lab_hours, kind, suggested_term, notes, counts_toward_gpa, counts_toward_progress, grading_mode)
values ('ktpm-2024-csc13112', 'ktpm-2024', 'ktpm-2024-major-core', 'major-core', 'CSC13112', 'Thiết kế giao diện', 4, 45, 30, 0, 'elective', 5, null, true, true, 'numeric')
on conflict (id) do update set
  group_id = excluded.group_id,
  category = excluded.category,
  code = excluded.code,
  title = excluded.title,
  credits = excluded.credits,
  lecture_hours = excluded.lecture_hours,
  practice_hours = excluded.practice_hours,
  lab_hours = excluded.lab_hours,
  kind = excluded.kind,
  suggested_term = excluded.suggested_term,
  notes = excluded.notes,
  counts_toward_gpa = excluded.counts_toward_gpa,
  counts_toward_progress = excluded.counts_toward_progress,
  grading_mode = excluded.grading_mode;

insert into public.program_courses (id, program_id, catalog_course_id, group_id, category, kind, suggested_term, notes, counts_toward_gpa, counts_toward_progress, grading_mode, display_order)
values ('ktpm-2024-csc13114', 'ktpm-2024', 'CSC13114', 'ktpm-2024-major-core', 'major-core', 'elective', 5, null, true, true, 'numeric', 85)
on conflict (id) do update set
  program_id = excluded.program_id,
  catalog_course_id = excluded.catalog_course_id,
  group_id = excluded.group_id,
  category = excluded.category,
  kind = excluded.kind,
  suggested_term = excluded.suggested_term,
  notes = excluded.notes,
  counts_toward_gpa = excluded.counts_toward_gpa,
  counts_toward_progress = excluded.counts_toward_progress,
  grading_mode = excluded.grading_mode,
  display_order = excluded.display_order;

insert into public.courses (id, program_id, group_id, category, code, title, credits, lecture_hours, practice_hours, lab_hours, kind, suggested_term, notes, counts_toward_gpa, counts_toward_progress, grading_mode)
values ('ktpm-2024-csc13114', 'ktpm-2024', 'ktpm-2024-major-core', 'major-core', 'CSC13114', 'Phát triển ứng dụng web nâng cao', 4, 45, 30, 0, 'elective', 5, null, true, true, 'numeric')
on conflict (id) do update set
  group_id = excluded.group_id,
  category = excluded.category,
  code = excluded.code,
  title = excluded.title,
  credits = excluded.credits,
  lecture_hours = excluded.lecture_hours,
  practice_hours = excluded.practice_hours,
  lab_hours = excluded.lab_hours,
  kind = excluded.kind,
  suggested_term = excluded.suggested_term,
  notes = excluded.notes,
  counts_toward_gpa = excluded.counts_toward_gpa,
  counts_toward_progress = excluded.counts_toward_progress,
  grading_mode = excluded.grading_mode;

insert into public.program_courses (id, program_id, catalog_course_id, group_id, category, kind, suggested_term, notes, counts_toward_gpa, counts_toward_progress, grading_mode, display_order)
values ('ktpm-2024-csc13115', 'ktpm-2024', 'CSC13115', 'ktpm-2024-major-core', 'major-core', 'elective', 5, null, true, true, 'numeric', 86)
on conflict (id) do update set
  program_id = excluded.program_id,
  catalog_course_id = excluded.catalog_course_id,
  group_id = excluded.group_id,
  category = excluded.category,
  kind = excluded.kind,
  suggested_term = excluded.suggested_term,
  notes = excluded.notes,
  counts_toward_gpa = excluded.counts_toward_gpa,
  counts_toward_progress = excluded.counts_toward_progress,
  grading_mode = excluded.grading_mode,
  display_order = excluded.display_order;

insert into public.courses (id, program_id, group_id, category, code, title, credits, lecture_hours, practice_hours, lab_hours, kind, suggested_term, notes, counts_toward_gpa, counts_toward_progress, grading_mode)
values ('ktpm-2024-csc13115', 'ktpm-2024', 'ktpm-2024-major-core', 'major-core', 'CSC13115', 'Cac cong nghe moi trong phat trien phan mem', 4, 45, 30, 0, 'elective', 5, null, true, true, 'numeric')
on conflict (id) do update set
  group_id = excluded.group_id,
  category = excluded.category,
  code = excluded.code,
  title = excluded.title,
  credits = excluded.credits,
  lecture_hours = excluded.lecture_hours,
  practice_hours = excluded.practice_hours,
  lab_hours = excluded.lab_hours,
  kind = excluded.kind,
  suggested_term = excluded.suggested_term,
  notes = excluded.notes,
  counts_toward_gpa = excluded.counts_toward_gpa,
  counts_toward_progress = excluded.counts_toward_progress,
  grading_mode = excluded.grading_mode;

insert into public.program_courses (id, program_id, catalog_course_id, group_id, category, kind, suggested_term, notes, counts_toward_gpa, counts_toward_progress, grading_mode, display_order)
values ('ktpm-2024-csc13116', 'ktpm-2024', 'CSC13116', 'ktpm-2024-major-core', 'major-core', 'elective', 5, null, true, true, 'numeric', 87)
on conflict (id) do update set
  program_id = excluded.program_id,
  catalog_course_id = excluded.catalog_course_id,
  group_id = excluded.group_id,
  category = excluded.category,
  kind = excluded.kind,
  suggested_term = excluded.suggested_term,
  notes = excluded.notes,
  counts_toward_gpa = excluded.counts_toward_gpa,
  counts_toward_progress = excluded.counts_toward_progress,
  grading_mode = excluded.grading_mode,
  display_order = excluded.display_order;

insert into public.courses (id, program_id, group_id, category, code, title, credits, lecture_hours, practice_hours, lab_hours, kind, suggested_term, notes, counts_toward_gpa, counts_toward_progress, grading_mode)
values ('ktpm-2024-csc13116', 'ktpm-2024', 'ktpm-2024-major-core', 'major-core', 'CSC13116', 'Do an cong nghe phan mem', 4, 45, 30, 0, 'elective', 5, null, true, true, 'numeric')
on conflict (id) do update set
  group_id = excluded.group_id,
  category = excluded.category,
  code = excluded.code,
  title = excluded.title,
  credits = excluded.credits,
  lecture_hours = excluded.lecture_hours,
  practice_hours = excluded.practice_hours,
  lab_hours = excluded.lab_hours,
  kind = excluded.kind,
  suggested_term = excluded.suggested_term,
  notes = excluded.notes,
  counts_toward_gpa = excluded.counts_toward_gpa,
  counts_toward_progress = excluded.counts_toward_progress,
  grading_mode = excluded.grading_mode;

insert into public.program_courses (id, program_id, catalog_course_id, group_id, category, kind, suggested_term, notes, counts_toward_gpa, counts_toward_progress, grading_mode, display_order)
values ('ktpm-2024-csc13118', 'ktpm-2024', 'CSC13118', 'ktpm-2024-major-core', 'major-core', 'elective', 5, null, true, true, 'numeric', 88)
on conflict (id) do update set
  program_id = excluded.program_id,
  catalog_course_id = excluded.catalog_course_id,
  group_id = excluded.group_id,
  category = excluded.category,
  kind = excluded.kind,
  suggested_term = excluded.suggested_term,
  notes = excluded.notes,
  counts_toward_gpa = excluded.counts_toward_gpa,
  counts_toward_progress = excluded.counts_toward_progress,
  grading_mode = excluded.grading_mode,
  display_order = excluded.display_order;

insert into public.courses (id, program_id, group_id, category, code, title, credits, lecture_hours, practice_hours, lab_hours, kind, suggested_term, notes, counts_toward_gpa, counts_toward_progress, grading_mode)
values ('ktpm-2024-csc13118', 'ktpm-2024', 'ktpm-2024-major-core', 'major-core', 'CSC13118', 'Phát triển ứng dụng cho thiết bị di động nâng cao', 4, 45, 30, 0, 'elective', 5, null, true, true, 'numeric')
on conflict (id) do update set
  group_id = excluded.group_id,
  category = excluded.category,
  code = excluded.code,
  title = excluded.title,
  credits = excluded.credits,
  lecture_hours = excluded.lecture_hours,
  practice_hours = excluded.practice_hours,
  lab_hours = excluded.lab_hours,
  kind = excluded.kind,
  suggested_term = excluded.suggested_term,
  notes = excluded.notes,
  counts_toward_gpa = excluded.counts_toward_gpa,
  counts_toward_progress = excluded.counts_toward_progress,
  grading_mode = excluded.grading_mode;

insert into public.program_courses (id, program_id, catalog_course_id, group_id, category, kind, suggested_term, notes, counts_toward_gpa, counts_toward_progress, grading_mode, display_order)
values ('ktpm-2024-csc14001', 'ktpm-2024', 'CSC14001', 'ktpm-2024-major-core', 'major-core', 'elective', 5, null, true, true, 'numeric', 89)
on conflict (id) do update set
  program_id = excluded.program_id,
  catalog_course_id = excluded.catalog_course_id,
  group_id = excluded.group_id,
  category = excluded.category,
  kind = excluded.kind,
  suggested_term = excluded.suggested_term,
  notes = excluded.notes,
  counts_toward_gpa = excluded.counts_toward_gpa,
  counts_toward_progress = excluded.counts_toward_progress,
  grading_mode = excluded.grading_mode,
  display_order = excluded.display_order;

insert into public.courses (id, program_id, group_id, category, code, title, credits, lecture_hours, practice_hours, lab_hours, kind, suggested_term, notes, counts_toward_gpa, counts_toward_progress, grading_mode)
values ('ktpm-2024-csc14001', 'ktpm-2024', 'ktpm-2024-major-core', 'major-core', 'CSC14001', 'Automata và ngôn ngữ hình thức', 4, 45, 30, 0, 'elective', 5, null, true, true, 'numeric')
on conflict (id) do update set
  group_id = excluded.group_id,
  category = excluded.category,
  code = excluded.code,
  title = excluded.title,
  credits = excluded.credits,
  lecture_hours = excluded.lecture_hours,
  practice_hours = excluded.practice_hours,
  lab_hours = excluded.lab_hours,
  kind = excluded.kind,
  suggested_term = excluded.suggested_term,
  notes = excluded.notes,
  counts_toward_gpa = excluded.counts_toward_gpa,
  counts_toward_progress = excluded.counts_toward_progress,
  grading_mode = excluded.grading_mode;

insert into public.program_courses (id, program_id, catalog_course_id, group_id, category, kind, suggested_term, notes, counts_toward_gpa, counts_toward_progress, grading_mode, display_order)
values ('ktpm-2024-csc14002', 'ktpm-2024', 'CSC14002', 'ktpm-2024-major-core', 'major-core', 'elective', 5, null, true, true, 'numeric', 90)
on conflict (id) do update set
  program_id = excluded.program_id,
  catalog_course_id = excluded.catalog_course_id,
  group_id = excluded.group_id,
  category = excluded.category,
  kind = excluded.kind,
  suggested_term = excluded.suggested_term,
  notes = excluded.notes,
  counts_toward_gpa = excluded.counts_toward_gpa,
  counts_toward_progress = excluded.counts_toward_progress,
  grading_mode = excluded.grading_mode,
  display_order = excluded.display_order;

insert into public.courses (id, program_id, group_id, category, code, title, credits, lecture_hours, practice_hours, lab_hours, kind, suggested_term, notes, counts_toward_gpa, counts_toward_progress, grading_mode)
values ('ktpm-2024-csc14002', 'ktpm-2024', 'ktpm-2024-major-core', 'major-core', 'CSC14002', 'Các hệ cơ sở tri thức', 4, 45, 30, 0, 'elective', 5, null, true, true, 'numeric')
on conflict (id) do update set
  group_id = excluded.group_id,
  category = excluded.category,
  code = excluded.code,
  title = excluded.title,
  credits = excluded.credits,
  lecture_hours = excluded.lecture_hours,
  practice_hours = excluded.practice_hours,
  lab_hours = excluded.lab_hours,
  kind = excluded.kind,
  suggested_term = excluded.suggested_term,
  notes = excluded.notes,
  counts_toward_gpa = excluded.counts_toward_gpa,
  counts_toward_progress = excluded.counts_toward_progress,
  grading_mode = excluded.grading_mode;

insert into public.program_courses (id, program_id, catalog_course_id, group_id, category, kind, suggested_term, notes, counts_toward_gpa, counts_toward_progress, grading_mode, display_order)
values ('ktpm-2024-csc14003', 'ktpm-2024', 'CSC14003', 'ktpm-2024-major-core', 'major-core', 'required', 5, null, true, true, 'numeric', 91)
on conflict (id) do update set
  program_id = excluded.program_id,
  catalog_course_id = excluded.catalog_course_id,
  group_id = excluded.group_id,
  category = excluded.category,
  kind = excluded.kind,
  suggested_term = excluded.suggested_term,
  notes = excluded.notes,
  counts_toward_gpa = excluded.counts_toward_gpa,
  counts_toward_progress = excluded.counts_toward_progress,
  grading_mode = excluded.grading_mode,
  display_order = excluded.display_order;

insert into public.courses (id, program_id, group_id, category, code, title, credits, lecture_hours, practice_hours, lab_hours, kind, suggested_term, notes, counts_toward_gpa, counts_toward_progress, grading_mode)
values ('ktpm-2024-csc14003', 'ktpm-2024', 'ktpm-2024-major-core', 'major-core', 'CSC14003', 'Cơ sở trí tuệ nhân tạo', 4, 4, 3, 0, 'required', 5, null, true, true, 'numeric')
on conflict (id) do update set
  group_id = excluded.group_id,
  category = excluded.category,
  code = excluded.code,
  title = excluded.title,
  credits = excluded.credits,
  lecture_hours = excluded.lecture_hours,
  practice_hours = excluded.practice_hours,
  lab_hours = excluded.lab_hours,
  kind = excluded.kind,
  suggested_term = excluded.suggested_term,
  notes = excluded.notes,
  counts_toward_gpa = excluded.counts_toward_gpa,
  counts_toward_progress = excluded.counts_toward_progress,
  grading_mode = excluded.grading_mode;

insert into public.program_courses (id, program_id, catalog_course_id, group_id, category, kind, suggested_term, notes, counts_toward_gpa, counts_toward_progress, grading_mode, display_order)
values ('ktpm-2024-csc14004', 'ktpm-2024', 'CSC14004', 'ktpm-2024-major-core', 'major-core', 'elective', 5, null, true, true, 'numeric', 92)
on conflict (id) do update set
  program_id = excluded.program_id,
  catalog_course_id = excluded.catalog_course_id,
  group_id = excluded.group_id,
  category = excluded.category,
  kind = excluded.kind,
  suggested_term = excluded.suggested_term,
  notes = excluded.notes,
  counts_toward_gpa = excluded.counts_toward_gpa,
  counts_toward_progress = excluded.counts_toward_progress,
  grading_mode = excluded.grading_mode,
  display_order = excluded.display_order;

insert into public.courses (id, program_id, group_id, category, code, title, credits, lecture_hours, practice_hours, lab_hours, kind, suggested_term, notes, counts_toward_gpa, counts_toward_progress, grading_mode)
values ('ktpm-2024-csc14004', 'ktpm-2024', 'ktpm-2024-major-core', 'major-core', 'CSC14004', 'Khai thác dữ liệu và ứng dụng', 4, 45, 30, 0, 'elective', 5, null, true, true, 'numeric')
on conflict (id) do update set
  group_id = excluded.group_id,
  category = excluded.category,
  code = excluded.code,
  title = excluded.title,
  credits = excluded.credits,
  lecture_hours = excluded.lecture_hours,
  practice_hours = excluded.practice_hours,
  lab_hours = excluded.lab_hours,
  kind = excluded.kind,
  suggested_term = excluded.suggested_term,
  notes = excluded.notes,
  counts_toward_gpa = excluded.counts_toward_gpa,
  counts_toward_progress = excluded.counts_toward_progress,
  grading_mode = excluded.grading_mode;

insert into public.program_courses (id, program_id, catalog_course_id, group_id, category, kind, suggested_term, notes, counts_toward_gpa, counts_toward_progress, grading_mode, display_order)
values ('ktpm-2024-csc14005', 'ktpm-2024', 'CSC14005', 'ktpm-2024-major-core', 'major-core', 'required', 5, null, true, true, 'numeric', 93)
on conflict (id) do update set
  program_id = excluded.program_id,
  catalog_course_id = excluded.catalog_course_id,
  group_id = excluded.group_id,
  category = excluded.category,
  kind = excluded.kind,
  suggested_term = excluded.suggested_term,
  notes = excluded.notes,
  counts_toward_gpa = excluded.counts_toward_gpa,
  counts_toward_progress = excluded.counts_toward_progress,
  grading_mode = excluded.grading_mode,
  display_order = excluded.display_order;

insert into public.courses (id, program_id, group_id, category, code, title, credits, lecture_hours, practice_hours, lab_hours, kind, suggested_term, notes, counts_toward_gpa, counts_toward_progress, grading_mode)
values ('ktpm-2024-csc14005', 'ktpm-2024', 'ktpm-2024-major-core', 'major-core', 'CSC14005', 'Nhập môn học máy', 4, 4, 7, 0, 'required', 5, null, true, true, 'numeric')
on conflict (id) do update set
  group_id = excluded.group_id,
  category = excluded.category,
  code = excluded.code,
  title = excluded.title,
  credits = excluded.credits,
  lecture_hours = excluded.lecture_hours,
  practice_hours = excluded.practice_hours,
  lab_hours = excluded.lab_hours,
  kind = excluded.kind,
  suggested_term = excluded.suggested_term,
  notes = excluded.notes,
  counts_toward_gpa = excluded.counts_toward_gpa,
  counts_toward_progress = excluded.counts_toward_progress,
  grading_mode = excluded.grading_mode;

insert into public.program_courses (id, program_id, catalog_course_id, group_id, category, kind, suggested_term, notes, counts_toward_gpa, counts_toward_progress, grading_mode, display_order)
values ('ktpm-2024-csc14006', 'ktpm-2024', 'CSC14006', 'ktpm-2024-major-core', 'major-core', 'elective', 5, null, true, true, 'numeric', 94)
on conflict (id) do update set
  program_id = excluded.program_id,
  catalog_course_id = excluded.catalog_course_id,
  group_id = excluded.group_id,
  category = excluded.category,
  kind = excluded.kind,
  suggested_term = excluded.suggested_term,
  notes = excluded.notes,
  counts_toward_gpa = excluded.counts_toward_gpa,
  counts_toward_progress = excluded.counts_toward_progress,
  grading_mode = excluded.grading_mode,
  display_order = excluded.display_order;

insert into public.courses (id, program_id, group_id, category, code, title, credits, lecture_hours, practice_hours, lab_hours, kind, suggested_term, notes, counts_toward_gpa, counts_toward_progress, grading_mode)
values ('ktpm-2024-csc14006', 'ktpm-2024', 'ktpm-2024-major-core', 'major-core', 'CSC14006', 'Nhận dạng', 4, 45, 30, 0, 'elective', 5, null, true, true, 'numeric')
on conflict (id) do update set
  group_id = excluded.group_id,
  category = excluded.category,
  code = excluded.code,
  title = excluded.title,
  credits = excluded.credits,
  lecture_hours = excluded.lecture_hours,
  practice_hours = excluded.practice_hours,
  lab_hours = excluded.lab_hours,
  kind = excluded.kind,
  suggested_term = excluded.suggested_term,
  notes = excluded.notes,
  counts_toward_gpa = excluded.counts_toward_gpa,
  counts_toward_progress = excluded.counts_toward_progress,
  grading_mode = excluded.grading_mode;

insert into public.program_courses (id, program_id, catalog_course_id, group_id, category, kind, suggested_term, notes, counts_toward_gpa, counts_toward_progress, grading_mode, display_order)
values ('ktpm-2024-csc14007', 'ktpm-2024', 'CSC14007', 'ktpm-2024-major-core', 'major-core', 'elective', 5, null, true, true, 'numeric', 95)
on conflict (id) do update set
  program_id = excluded.program_id,
  catalog_course_id = excluded.catalog_course_id,
  group_id = excluded.group_id,
  category = excluded.category,
  kind = excluded.kind,
  suggested_term = excluded.suggested_term,
  notes = excluded.notes,
  counts_toward_gpa = excluded.counts_toward_gpa,
  counts_toward_progress = excluded.counts_toward_progress,
  grading_mode = excluded.grading_mode,
  display_order = excluded.display_order;

insert into public.courses (id, program_id, group_id, category, code, title, credits, lecture_hours, practice_hours, lab_hours, kind, suggested_term, notes, counts_toward_gpa, counts_toward_progress, grading_mode)
values ('ktpm-2024-csc14007', 'ktpm-2024', 'ktpm-2024-major-core', 'major-core', 'CSC14007', 'Nhập môn phân tích độ phức tạp thuật toán', 4, 45, 30, 0, 'elective', 5, null, true, true, 'numeric')
on conflict (id) do update set
  group_id = excluded.group_id,
  category = excluded.category,
  code = excluded.code,
  title = excluded.title,
  credits = excluded.credits,
  lecture_hours = excluded.lecture_hours,
  practice_hours = excluded.practice_hours,
  lab_hours = excluded.lab_hours,
  kind = excluded.kind,
  suggested_term = excluded.suggested_term,
  notes = excluded.notes,
  counts_toward_gpa = excluded.counts_toward_gpa,
  counts_toward_progress = excluded.counts_toward_progress,
  grading_mode = excluded.grading_mode;

insert into public.program_courses (id, program_id, catalog_course_id, group_id, category, kind, suggested_term, notes, counts_toward_gpa, counts_toward_progress, grading_mode, display_order)
values ('ktpm-2024-csc14008', 'ktpm-2024', 'CSC14008', 'ktpm-2024-major-core', 'major-core', 'required', 5, null, true, true, 'numeric', 96)
on conflict (id) do update set
  program_id = excluded.program_id,
  catalog_course_id = excluded.catalog_course_id,
  group_id = excluded.group_id,
  category = excluded.category,
  kind = excluded.kind,
  suggested_term = excluded.suggested_term,
  notes = excluded.notes,
  counts_toward_gpa = excluded.counts_toward_gpa,
  counts_toward_progress = excluded.counts_toward_progress,
  grading_mode = excluded.grading_mode,
  display_order = excluded.display_order;

insert into public.courses (id, program_id, group_id, category, code, title, credits, lecture_hours, practice_hours, lab_hours, kind, suggested_term, notes, counts_toward_gpa, counts_toward_progress, grading_mode)
values ('ktpm-2024-csc14008', 'ktpm-2024', 'ktpm-2024-major-core', 'major-core', 'CSC14008', 'Phương pháp nghiên cứu khoa học', 4, 4, 8, 0, 'required', 5, null, true, true, 'numeric')
on conflict (id) do update set
  group_id = excluded.group_id,
  category = excluded.category,
  code = excluded.code,
  title = excluded.title,
  credits = excluded.credits,
  lecture_hours = excluded.lecture_hours,
  practice_hours = excluded.practice_hours,
  lab_hours = excluded.lab_hours,
  kind = excluded.kind,
  suggested_term = excluded.suggested_term,
  notes = excluded.notes,
  counts_toward_gpa = excluded.counts_toward_gpa,
  counts_toward_progress = excluded.counts_toward_progress,
  grading_mode = excluded.grading_mode;

insert into public.program_courses (id, program_id, catalog_course_id, group_id, category, kind, suggested_term, notes, counts_toward_gpa, counts_toward_progress, grading_mode, display_order)
values ('ktpm-2024-csc14101', 'ktpm-2024', 'CSC14101', 'ktpm-2024-major-core', 'major-core', 'elective', 5, null, true, true, 'numeric', 97)
on conflict (id) do update set
  program_id = excluded.program_id,
  catalog_course_id = excluded.catalog_course_id,
  group_id = excluded.group_id,
  category = excluded.category,
  kind = excluded.kind,
  suggested_term = excluded.suggested_term,
  notes = excluded.notes,
  counts_toward_gpa = excluded.counts_toward_gpa,
  counts_toward_progress = excluded.counts_toward_progress,
  grading_mode = excluded.grading_mode,
  display_order = excluded.display_order;

insert into public.courses (id, program_id, group_id, category, code, title, credits, lecture_hours, practice_hours, lab_hours, kind, suggested_term, notes, counts_toward_gpa, counts_toward_progress, grading_mode)
values ('ktpm-2024-csc14101', 'ktpm-2024', 'ktpm-2024-major-core', 'major-core', 'CSC14101', 'Ẩn dữ liệu và chia sẻ thông tin', 4, 45, 30, 0, 'elective', 5, null, true, true, 'numeric')
on conflict (id) do update set
  group_id = excluded.group_id,
  category = excluded.category,
  code = excluded.code,
  title = excluded.title,
  credits = excluded.credits,
  lecture_hours = excluded.lecture_hours,
  practice_hours = excluded.practice_hours,
  lab_hours = excluded.lab_hours,
  kind = excluded.kind,
  suggested_term = excluded.suggested_term,
  notes = excluded.notes,
  counts_toward_gpa = excluded.counts_toward_gpa,
  counts_toward_progress = excluded.counts_toward_progress,
  grading_mode = excluded.grading_mode;

insert into public.program_courses (id, program_id, catalog_course_id, group_id, category, kind, suggested_term, notes, counts_toward_gpa, counts_toward_progress, grading_mode, display_order)
values ('ktpm-2024-csc14105', 'ktpm-2024', 'CSC14105', 'ktpm-2024-major-core', 'major-core', 'elective', 5, null, true, true, 'numeric', 98)
on conflict (id) do update set
  program_id = excluded.program_id,
  catalog_course_id = excluded.catalog_course_id,
  group_id = excluded.group_id,
  category = excluded.category,
  kind = excluded.kind,
  suggested_term = excluded.suggested_term,
  notes = excluded.notes,
  counts_toward_gpa = excluded.counts_toward_gpa,
  counts_toward_progress = excluded.counts_toward_progress,
  grading_mode = excluded.grading_mode,
  display_order = excluded.display_order;

insert into public.courses (id, program_id, group_id, category, code, title, credits, lecture_hours, practice_hours, lab_hours, kind, suggested_term, notes, counts_toward_gpa, counts_toward_progress, grading_mode)
values ('ktpm-2024-csc14105', 'ktpm-2024', 'ktpm-2024-major-core', 'major-core', 'CSC14105', 'Khoa học về web', 4, 45, 30, 0, 'elective', 5, null, true, true, 'numeric')
on conflict (id) do update set
  group_id = excluded.group_id,
  category = excluded.category,
  code = excluded.code,
  title = excluded.title,
  credits = excluded.credits,
  lecture_hours = excluded.lecture_hours,
  practice_hours = excluded.practice_hours,
  lab_hours = excluded.lab_hours,
  kind = excluded.kind,
  suggested_term = excluded.suggested_term,
  notes = excluded.notes,
  counts_toward_gpa = excluded.counts_toward_gpa,
  counts_toward_progress = excluded.counts_toward_progress,
  grading_mode = excluded.grading_mode;

insert into public.program_courses (id, program_id, catalog_course_id, group_id, category, kind, suggested_term, notes, counts_toward_gpa, counts_toward_progress, grading_mode, display_order)
values ('ktpm-2024-csc14111', 'ktpm-2024', 'CSC14111', 'ktpm-2024-major-core', 'major-core', 'elective', 5, null, true, true, 'numeric', 99)
on conflict (id) do update set
  program_id = excluded.program_id,
  catalog_course_id = excluded.catalog_course_id,
  group_id = excluded.group_id,
  category = excluded.category,
  kind = excluded.kind,
  suggested_term = excluded.suggested_term,
  notes = excluded.notes,
  counts_toward_gpa = excluded.counts_toward_gpa,
  counts_toward_progress = excluded.counts_toward_progress,
  grading_mode = excluded.grading_mode,
  display_order = excluded.display_order;

insert into public.courses (id, program_id, group_id, category, code, title, credits, lecture_hours, practice_hours, lab_hours, kind, suggested_term, notes, counts_toward_gpa, counts_toward_progress, grading_mode)
values ('ktpm-2024-csc14111', 'ktpm-2024', 'ktpm-2024-major-core', 'major-core', 'CSC14111', 'Nhập môn thiết kế và phân tích giải thuật', 4, 45, 30, 0, 'elective', 5, null, true, true, 'numeric')
on conflict (id) do update set
  group_id = excluded.group_id,
  category = excluded.category,
  code = excluded.code,
  title = excluded.title,
  credits = excluded.credits,
  lecture_hours = excluded.lecture_hours,
  practice_hours = excluded.practice_hours,
  lab_hours = excluded.lab_hours,
  kind = excluded.kind,
  suggested_term = excluded.suggested_term,
  notes = excluded.notes,
  counts_toward_gpa = excluded.counts_toward_gpa,
  counts_toward_progress = excluded.counts_toward_progress,
  grading_mode = excluded.grading_mode;

insert into public.program_courses (id, program_id, catalog_course_id, group_id, category, kind, suggested_term, notes, counts_toward_gpa, counts_toward_progress, grading_mode, display_order)
values ('ktpm-2024-csc14112', 'ktpm-2024', 'CSC14112', 'ktpm-2024-major-core', 'major-core', 'elective', 5, null, true, true, 'numeric', 100)
on conflict (id) do update set
  program_id = excluded.program_id,
  catalog_course_id = excluded.catalog_course_id,
  group_id = excluded.group_id,
  category = excluded.category,
  kind = excluded.kind,
  suggested_term = excluded.suggested_term,
  notes = excluded.notes,
  counts_toward_gpa = excluded.counts_toward_gpa,
  counts_toward_progress = excluded.counts_toward_progress,
  grading_mode = excluded.grading_mode,
  display_order = excluded.display_order;

insert into public.courses (id, program_id, group_id, category, code, title, credits, lecture_hours, practice_hours, lab_hours, kind, suggested_term, notes, counts_toward_gpa, counts_toward_progress, grading_mode)
values ('ktpm-2024-csc14112', 'ktpm-2024', 'ktpm-2024-major-core', 'major-core', 'CSC14112', 'Sinh trắc học', 4, 45, 30, 0, 'elective', 5, null, true, true, 'numeric')
on conflict (id) do update set
  group_id = excluded.group_id,
  category = excluded.category,
  code = excluded.code,
  title = excluded.title,
  credits = excluded.credits,
  lecture_hours = excluded.lecture_hours,
  practice_hours = excluded.practice_hours,
  lab_hours = excluded.lab_hours,
  kind = excluded.kind,
  suggested_term = excluded.suggested_term,
  notes = excluded.notes,
  counts_toward_gpa = excluded.counts_toward_gpa,
  counts_toward_progress = excluded.counts_toward_progress,
  grading_mode = excluded.grading_mode;

insert into public.program_courses (id, program_id, catalog_course_id, group_id, category, kind, suggested_term, notes, counts_toward_gpa, counts_toward_progress, grading_mode, display_order)
values ('ktpm-2024-csc14113', 'ktpm-2024', 'CSC14113', 'ktpm-2024-major-core', 'major-core', 'elective', 5, null, true, true, 'numeric', 101)
on conflict (id) do update set
  program_id = excluded.program_id,
  catalog_course_id = excluded.catalog_course_id,
  group_id = excluded.group_id,
  category = excluded.category,
  kind = excluded.kind,
  suggested_term = excluded.suggested_term,
  notes = excluded.notes,
  counts_toward_gpa = excluded.counts_toward_gpa,
  counts_toward_progress = excluded.counts_toward_progress,
  grading_mode = excluded.grading_mode,
  display_order = excluded.display_order;

insert into public.courses (id, program_id, group_id, category, code, title, credits, lecture_hours, practice_hours, lab_hours, kind, suggested_term, notes, counts_toward_gpa, counts_toward_progress, grading_mode)
values ('ktpm-2024-csc14113', 'ktpm-2024', 'ktpm-2024-major-core', 'major-core', 'CSC14113', 'Trình biên dịch', 4, 45, 30, 0, 'elective', 5, null, true, true, 'numeric')
on conflict (id) do update set
  group_id = excluded.group_id,
  category = excluded.category,
  code = excluded.code,
  title = excluded.title,
  credits = excluded.credits,
  lecture_hours = excluded.lecture_hours,
  practice_hours = excluded.practice_hours,
  lab_hours = excluded.lab_hours,
  kind = excluded.kind,
  suggested_term = excluded.suggested_term,
  notes = excluded.notes,
  counts_toward_gpa = excluded.counts_toward_gpa,
  counts_toward_progress = excluded.counts_toward_progress,
  grading_mode = excluded.grading_mode;

insert into public.program_courses (id, program_id, catalog_course_id, group_id, category, kind, suggested_term, notes, counts_toward_gpa, counts_toward_progress, grading_mode, display_order)
values ('ktpm-2024-csc14117', 'ktpm-2024', 'CSC14117', 'ktpm-2024-major-core', 'major-core', 'elective', 5, null, true, true, 'numeric', 102)
on conflict (id) do update set
  program_id = excluded.program_id,
  catalog_course_id = excluded.catalog_course_id,
  group_id = excluded.group_id,
  category = excluded.category,
  kind = excluded.kind,
  suggested_term = excluded.suggested_term,
  notes = excluded.notes,
  counts_toward_gpa = excluded.counts_toward_gpa,
  counts_toward_progress = excluded.counts_toward_progress,
  grading_mode = excluded.grading_mode,
  display_order = excluded.display_order;

insert into public.courses (id, program_id, group_id, category, code, title, credits, lecture_hours, practice_hours, lab_hours, kind, suggested_term, notes, counts_toward_gpa, counts_toward_progress, grading_mode)
values ('ktpm-2024-csc14117', 'ktpm-2024', 'ktpm-2024-major-core', 'major-core', 'CSC14117', 'Nhập môn lập trình kết nối vạn vật', 4, 45, 30, 0, 'elective', 5, null, true, true, 'numeric')
on conflict (id) do update set
  group_id = excluded.group_id,
  category = excluded.category,
  code = excluded.code,
  title = excluded.title,
  credits = excluded.credits,
  lecture_hours = excluded.lecture_hours,
  practice_hours = excluded.practice_hours,
  lab_hours = excluded.lab_hours,
  kind = excluded.kind,
  suggested_term = excluded.suggested_term,
  notes = excluded.notes,
  counts_toward_gpa = excluded.counts_toward_gpa,
  counts_toward_progress = excluded.counts_toward_progress,
  grading_mode = excluded.grading_mode;

insert into public.program_courses (id, program_id, catalog_course_id, group_id, category, kind, suggested_term, notes, counts_toward_gpa, counts_toward_progress, grading_mode, display_order)
values ('ktpm-2024-csc14118', 'ktpm-2024', 'CSC14118', 'ktpm-2024-major-core', 'major-core', 'required', 5, null, true, true, 'numeric', 103)
on conflict (id) do update set
  program_id = excluded.program_id,
  catalog_course_id = excluded.catalog_course_id,
  group_id = excluded.group_id,
  category = excluded.category,
  kind = excluded.kind,
  suggested_term = excluded.suggested_term,
  notes = excluded.notes,
  counts_toward_gpa = excluded.counts_toward_gpa,
  counts_toward_progress = excluded.counts_toward_progress,
  grading_mode = excluded.grading_mode,
  display_order = excluded.display_order;

insert into public.courses (id, program_id, group_id, category, code, title, credits, lecture_hours, practice_hours, lab_hours, kind, suggested_term, notes, counts_toward_gpa, counts_toward_progress, grading_mode)
values ('ktpm-2024-csc14118', 'ktpm-2024', 'ktpm-2024-major-core', 'major-core', 'CSC14118', 'Nhập môn dữ liệu lớn', 4, 4, 9, 0, 'required', 5, null, true, true, 'numeric')
on conflict (id) do update set
  group_id = excluded.group_id,
  category = excluded.category,
  code = excluded.code,
  title = excluded.title,
  credits = excluded.credits,
  lecture_hours = excluded.lecture_hours,
  practice_hours = excluded.practice_hours,
  lab_hours = excluded.lab_hours,
  kind = excluded.kind,
  suggested_term = excluded.suggested_term,
  notes = excluded.notes,
  counts_toward_gpa = excluded.counts_toward_gpa,
  counts_toward_progress = excluded.counts_toward_progress,
  grading_mode = excluded.grading_mode;

insert into public.program_courses (id, program_id, catalog_course_id, group_id, category, kind, suggested_term, notes, counts_toward_gpa, counts_toward_progress, grading_mode, display_order)
values ('ktpm-2024-csc14119', 'ktpm-2024', 'CSC14119', 'ktpm-2024-major-core', 'major-core', 'elective', 5, null, true, true, 'numeric', 104)
on conflict (id) do update set
  program_id = excluded.program_id,
  catalog_course_id = excluded.catalog_course_id,
  group_id = excluded.group_id,
  category = excluded.category,
  kind = excluded.kind,
  suggested_term = excluded.suggested_term,
  notes = excluded.notes,
  counts_toward_gpa = excluded.counts_toward_gpa,
  counts_toward_progress = excluded.counts_toward_progress,
  grading_mode = excluded.grading_mode,
  display_order = excluded.display_order;

insert into public.courses (id, program_id, group_id, category, code, title, credits, lecture_hours, practice_hours, lab_hours, kind, suggested_term, notes, counts_toward_gpa, counts_toward_progress, grading_mode)
values ('ktpm-2024-csc14119', 'ktpm-2024', 'ktpm-2024-major-core', 'major-core', 'CSC14119', 'Nhập môn khoa học dữ liệu', 4, 45, 30, 0, 'elective', 5, null, true, true, 'numeric')
on conflict (id) do update set
  group_id = excluded.group_id,
  category = excluded.category,
  code = excluded.code,
  title = excluded.title,
  credits = excluded.credits,
  lecture_hours = excluded.lecture_hours,
  practice_hours = excluded.practice_hours,
  lab_hours = excluded.lab_hours,
  kind = excluded.kind,
  suggested_term = excluded.suggested_term,
  notes = excluded.notes,
  counts_toward_gpa = excluded.counts_toward_gpa,
  counts_toward_progress = excluded.counts_toward_progress,
  grading_mode = excluded.grading_mode;

insert into public.program_courses (id, program_id, catalog_course_id, group_id, category, kind, suggested_term, notes, counts_toward_gpa, counts_toward_progress, grading_mode, display_order)
values ('ktpm-2024-csc14120', 'ktpm-2024', 'CSC14120', 'ktpm-2024-major-core', 'major-core', 'elective', 5, null, true, true, 'numeric', 105)
on conflict (id) do update set
  program_id = excluded.program_id,
  catalog_course_id = excluded.catalog_course_id,
  group_id = excluded.group_id,
  category = excluded.category,
  kind = excluded.kind,
  suggested_term = excluded.suggested_term,
  notes = excluded.notes,
  counts_toward_gpa = excluded.counts_toward_gpa,
  counts_toward_progress = excluded.counts_toward_progress,
  grading_mode = excluded.grading_mode,
  display_order = excluded.display_order;

insert into public.courses (id, program_id, group_id, category, code, title, credits, lecture_hours, practice_hours, lab_hours, kind, suggested_term, notes, counts_toward_gpa, counts_toward_progress, grading_mode)
values ('ktpm-2024-csc14120', 'ktpm-2024', 'ktpm-2024-major-core', 'major-core', 'CSC14120', 'Lập trình song song', 4, 45, 30, 0, 'elective', 5, null, true, true, 'numeric')
on conflict (id) do update set
  group_id = excluded.group_id,
  category = excluded.category,
  code = excluded.code,
  title = excluded.title,
  credits = excluded.credits,
  lecture_hours = excluded.lecture_hours,
  practice_hours = excluded.practice_hours,
  lab_hours = excluded.lab_hours,
  kind = excluded.kind,
  suggested_term = excluded.suggested_term,
  notes = excluded.notes,
  counts_toward_gpa = excluded.counts_toward_gpa,
  counts_toward_progress = excluded.counts_toward_progress,
  grading_mode = excluded.grading_mode;

insert into public.program_courses (id, program_id, catalog_course_id, group_id, category, kind, suggested_term, notes, counts_toward_gpa, counts_toward_progress, grading_mode, display_order)
values ('ktpm-2024-csc15001', 'ktpm-2024', 'CSC15001', 'ktpm-2024-major-core', 'major-core', 'elective', 5, null, true, true, 'numeric', 106)
on conflict (id) do update set
  program_id = excluded.program_id,
  catalog_course_id = excluded.catalog_course_id,
  group_id = excluded.group_id,
  category = excluded.category,
  kind = excluded.kind,
  suggested_term = excluded.suggested_term,
  notes = excluded.notes,
  counts_toward_gpa = excluded.counts_toward_gpa,
  counts_toward_progress = excluded.counts_toward_progress,
  grading_mode = excluded.grading_mode,
  display_order = excluded.display_order;

insert into public.courses (id, program_id, group_id, category, code, title, credits, lecture_hours, practice_hours, lab_hours, kind, suggested_term, notes, counts_toward_gpa, counts_toward_progress, grading_mode)
values ('ktpm-2024-csc15001', 'ktpm-2024', 'ktpm-2024-major-core', 'major-core', 'CSC15001', 'An ninh máy tính', 4, 45, 30, 0, 'elective', 5, null, true, true, 'numeric')
on conflict (id) do update set
  group_id = excluded.group_id,
  category = excluded.category,
  code = excluded.code,
  title = excluded.title,
  credits = excluded.credits,
  lecture_hours = excluded.lecture_hours,
  practice_hours = excluded.practice_hours,
  lab_hours = excluded.lab_hours,
  kind = excluded.kind,
  suggested_term = excluded.suggested_term,
  notes = excluded.notes,
  counts_toward_gpa = excluded.counts_toward_gpa,
  counts_toward_progress = excluded.counts_toward_progress,
  grading_mode = excluded.grading_mode;

insert into public.program_courses (id, program_id, catalog_course_id, group_id, category, kind, suggested_term, notes, counts_toward_gpa, counts_toward_progress, grading_mode, display_order)
values ('ktpm-2024-csc15002', 'ktpm-2024', 'CSC15002', 'ktpm-2024-major-core', 'major-core', 'elective', 5, null, true, true, 'numeric', 107)
on conflict (id) do update set
  program_id = excluded.program_id,
  catalog_course_id = excluded.catalog_course_id,
  group_id = excluded.group_id,
  category = excluded.category,
  kind = excluded.kind,
  suggested_term = excluded.suggested_term,
  notes = excluded.notes,
  counts_toward_gpa = excluded.counts_toward_gpa,
  counts_toward_progress = excluded.counts_toward_progress,
  grading_mode = excluded.grading_mode,
  display_order = excluded.display_order;

insert into public.courses (id, program_id, group_id, category, code, title, credits, lecture_hours, practice_hours, lab_hours, kind, suggested_term, notes, counts_toward_gpa, counts_toward_progress, grading_mode)
values ('ktpm-2024-csc15002', 'ktpm-2024', 'ktpm-2024-major-core', 'major-core', 'CSC15002', 'Bảo mật cơ sở dữ liệu', 4, 45, 30, 0, 'elective', 5, null, true, true, 'numeric')
on conflict (id) do update set
  group_id = excluded.group_id,
  category = excluded.category,
  code = excluded.code,
  title = excluded.title,
  credits = excluded.credits,
  lecture_hours = excluded.lecture_hours,
  practice_hours = excluded.practice_hours,
  lab_hours = excluded.lab_hours,
  kind = excluded.kind,
  suggested_term = excluded.suggested_term,
  notes = excluded.notes,
  counts_toward_gpa = excluded.counts_toward_gpa,
  counts_toward_progress = excluded.counts_toward_progress,
  grading_mode = excluded.grading_mode;

insert into public.program_courses (id, program_id, catalog_course_id, group_id, category, kind, suggested_term, notes, counts_toward_gpa, counts_toward_progress, grading_mode, display_order)
values ('ktpm-2024-csc15003', 'ktpm-2024', 'CSC15003', 'ktpm-2024-major-core', 'major-core', 'elective', 5, null, true, true, 'numeric', 108)
on conflict (id) do update set
  program_id = excluded.program_id,
  catalog_course_id = excluded.catalog_course_id,
  group_id = excluded.group_id,
  category = excluded.category,
  kind = excluded.kind,
  suggested_term = excluded.suggested_term,
  notes = excluded.notes,
  counts_toward_gpa = excluded.counts_toward_gpa,
  counts_toward_progress = excluded.counts_toward_progress,
  grading_mode = excluded.grading_mode,
  display_order = excluded.display_order;

insert into public.courses (id, program_id, group_id, category, code, title, credits, lecture_hours, practice_hours, lab_hours, kind, suggested_term, notes, counts_toward_gpa, counts_toward_progress, grading_mode)
values ('ktpm-2024-csc15003', 'ktpm-2024', 'ktpm-2024-major-core', 'major-core', 'CSC15003', 'Mã hóa ứng dụng', 4, 45, 30, 0, 'elective', 5, null, true, true, 'numeric')
on conflict (id) do update set
  group_id = excluded.group_id,
  category = excluded.category,
  code = excluded.code,
  title = excluded.title,
  credits = excluded.credits,
  lecture_hours = excluded.lecture_hours,
  practice_hours = excluded.practice_hours,
  lab_hours = excluded.lab_hours,
  kind = excluded.kind,
  suggested_term = excluded.suggested_term,
  notes = excluded.notes,
  counts_toward_gpa = excluded.counts_toward_gpa,
  counts_toward_progress = excluded.counts_toward_progress,
  grading_mode = excluded.grading_mode;

insert into public.program_courses (id, program_id, catalog_course_id, group_id, category, kind, suggested_term, notes, counts_toward_gpa, counts_toward_progress, grading_mode, display_order)
values ('ktpm-2024-csc15004', 'ktpm-2024', 'CSC15004', 'ktpm-2024-major-core', 'major-core', 'elective', 5, null, true, true, 'numeric', 109)
on conflict (id) do update set
  program_id = excluded.program_id,
  catalog_course_id = excluded.catalog_course_id,
  group_id = excluded.group_id,
  category = excluded.category,
  kind = excluded.kind,
  suggested_term = excluded.suggested_term,
  notes = excluded.notes,
  counts_toward_gpa = excluded.counts_toward_gpa,
  counts_toward_progress = excluded.counts_toward_progress,
  grading_mode = excluded.grading_mode,
  display_order = excluded.display_order;

insert into public.courses (id, program_id, group_id, category, code, title, credits, lecture_hours, practice_hours, lab_hours, kind, suggested_term, notes, counts_toward_gpa, counts_toward_progress, grading_mode)
values ('ktpm-2024-csc15004', 'ktpm-2024', 'ktpm-2024-major-core', 'major-core', 'CSC15004', 'Học thống kê', 4, 45, 30, 0, 'elective', 5, null, true, true, 'numeric')
on conflict (id) do update set
  group_id = excluded.group_id,
  category = excluded.category,
  code = excluded.code,
  title = excluded.title,
  credits = excluded.credits,
  lecture_hours = excluded.lecture_hours,
  practice_hours = excluded.practice_hours,
  lab_hours = excluded.lab_hours,
  kind = excluded.kind,
  suggested_term = excluded.suggested_term,
  notes = excluded.notes,
  counts_toward_gpa = excluded.counts_toward_gpa,
  counts_toward_progress = excluded.counts_toward_progress,
  grading_mode = excluded.grading_mode;

insert into public.program_courses (id, program_id, catalog_course_id, group_id, category, kind, suggested_term, notes, counts_toward_gpa, counts_toward_progress, grading_mode, display_order)
values ('ktpm-2024-csc15005', 'ktpm-2024', 'CSC15005', 'ktpm-2024-major-core', 'major-core', 'required', 5, null, true, true, 'numeric', 110)
on conflict (id) do update set
  program_id = excluded.program_id,
  catalog_course_id = excluded.catalog_course_id,
  group_id = excluded.group_id,
  category = excluded.category,
  kind = excluded.kind,
  suggested_term = excluded.suggested_term,
  notes = excluded.notes,
  counts_toward_gpa = excluded.counts_toward_gpa,
  counts_toward_progress = excluded.counts_toward_progress,
  grading_mode = excluded.grading_mode,
  display_order = excluded.display_order;

insert into public.courses (id, program_id, group_id, category, code, title, credits, lecture_hours, practice_hours, lab_hours, kind, suggested_term, notes, counts_toward_gpa, counts_toward_progress, grading_mode)
values ('ktpm-2024-csc15005', 'ktpm-2024', 'ktpm-2024-major-core', 'major-core', 'CSC15005', 'Nhập môn mã hóa - mật mã', 4, 4, 10, 0, 'required', 5, null, true, true, 'numeric')
on conflict (id) do update set
  group_id = excluded.group_id,
  category = excluded.category,
  code = excluded.code,
  title = excluded.title,
  credits = excluded.credits,
  lecture_hours = excluded.lecture_hours,
  practice_hours = excluded.practice_hours,
  lab_hours = excluded.lab_hours,
  kind = excluded.kind,
  suggested_term = excluded.suggested_term,
  notes = excluded.notes,
  counts_toward_gpa = excluded.counts_toward_gpa,
  counts_toward_progress = excluded.counts_toward_progress,
  grading_mode = excluded.grading_mode;

insert into public.program_courses (id, program_id, catalog_course_id, group_id, category, kind, suggested_term, notes, counts_toward_gpa, counts_toward_progress, grading_mode, display_order)
values ('ktpm-2024-csc15006', 'ktpm-2024', 'CSC15006', 'ktpm-2024-major-core', 'major-core', 'required', 5, null, true, true, 'numeric', 111)
on conflict (id) do update set
  program_id = excluded.program_id,
  catalog_course_id = excluded.catalog_course_id,
  group_id = excluded.group_id,
  category = excluded.category,
  kind = excluded.kind,
  suggested_term = excluded.suggested_term,
  notes = excluded.notes,
  counts_toward_gpa = excluded.counts_toward_gpa,
  counts_toward_progress = excluded.counts_toward_progress,
  grading_mode = excluded.grading_mode,
  display_order = excluded.display_order;

insert into public.courses (id, program_id, group_id, category, code, title, credits, lecture_hours, practice_hours, lab_hours, kind, suggested_term, notes, counts_toward_gpa, counts_toward_progress, grading_mode)
values ('ktpm-2024-csc15006', 'ktpm-2024', 'ktpm-2024-major-core', 'major-core', 'CSC15006', 'Nhập môn xử lý ngôn ngữ tự nhiên', 4, 4, 11, 0, 'required', 5, null, true, true, 'numeric')
on conflict (id) do update set
  group_id = excluded.group_id,
  category = excluded.category,
  code = excluded.code,
  title = excluded.title,
  credits = excluded.credits,
  lecture_hours = excluded.lecture_hours,
  practice_hours = excluded.practice_hours,
  lab_hours = excluded.lab_hours,
  kind = excluded.kind,
  suggested_term = excluded.suggested_term,
  notes = excluded.notes,
  counts_toward_gpa = excluded.counts_toward_gpa,
  counts_toward_progress = excluded.counts_toward_progress,
  grading_mode = excluded.grading_mode;

insert into public.program_courses (id, program_id, catalog_course_id, group_id, category, kind, suggested_term, notes, counts_toward_gpa, counts_toward_progress, grading_mode, display_order)
values ('ktpm-2024-csc15007', 'ktpm-2024', 'CSC15007', 'ktpm-2024-major-core', 'major-core', 'elective', 5, null, true, true, 'numeric', 112)
on conflict (id) do update set
  program_id = excluded.program_id,
  catalog_course_id = excluded.catalog_course_id,
  group_id = excluded.group_id,
  category = excluded.category,
  kind = excluded.kind,
  suggested_term = excluded.suggested_term,
  notes = excluded.notes,
  counts_toward_gpa = excluded.counts_toward_gpa,
  counts_toward_progress = excluded.counts_toward_progress,
  grading_mode = excluded.grading_mode,
  display_order = excluded.display_order;

insert into public.courses (id, program_id, group_id, category, code, title, credits, lecture_hours, practice_hours, lab_hours, kind, suggested_term, notes, counts_toward_gpa, counts_toward_progress, grading_mode)
values ('ktpm-2024-csc15007', 'ktpm-2024', 'ktpm-2024-major-core', 'major-core', 'CSC15007', 'Thống kê máy tính và ứng dụng', 4, 45, 30, 0, 'elective', 5, null, true, true, 'numeric')
on conflict (id) do update set
  group_id = excluded.group_id,
  category = excluded.category,
  code = excluded.code,
  title = excluded.title,
  credits = excluded.credits,
  lecture_hours = excluded.lecture_hours,
  practice_hours = excluded.practice_hours,
  lab_hours = excluded.lab_hours,
  kind = excluded.kind,
  suggested_term = excluded.suggested_term,
  notes = excluded.notes,
  counts_toward_gpa = excluded.counts_toward_gpa,
  counts_toward_progress = excluded.counts_toward_progress,
  grading_mode = excluded.grading_mode;

insert into public.program_courses (id, program_id, catalog_course_id, group_id, category, kind, suggested_term, notes, counts_toward_gpa, counts_toward_progress, grading_mode, display_order)
values ('ktpm-2024-csc15009', 'ktpm-2024', 'CSC15009', 'ktpm-2024-major-core', 'major-core', 'elective', 5, null, true, true, 'numeric', 113)
on conflict (id) do update set
  program_id = excluded.program_id,
  catalog_course_id = excluded.catalog_course_id,
  group_id = excluded.group_id,
  category = excluded.category,
  kind = excluded.kind,
  suggested_term = excluded.suggested_term,
  notes = excluded.notes,
  counts_toward_gpa = excluded.counts_toward_gpa,
  counts_toward_progress = excluded.counts_toward_progress,
  grading_mode = excluded.grading_mode,
  display_order = excluded.display_order;

insert into public.courses (id, program_id, group_id, category, code, title, credits, lecture_hours, practice_hours, lab_hours, kind, suggested_term, notes, counts_toward_gpa, counts_toward_progress, grading_mode)
values ('ktpm-2024-csc15009', 'ktpm-2024', 'ktpm-2024-major-core', 'major-core', 'CSC15009', 'Xử lý tín hiệu số', 4, 45, 30, 0, 'elective', 5, null, true, true, 'numeric')
on conflict (id) do update set
  group_id = excluded.group_id,
  category = excluded.category,
  code = excluded.code,
  title = excluded.title,
  credits = excluded.credits,
  lecture_hours = excluded.lecture_hours,
  practice_hours = excluded.practice_hours,
  lab_hours = excluded.lab_hours,
  kind = excluded.kind,
  suggested_term = excluded.suggested_term,
  notes = excluded.notes,
  counts_toward_gpa = excluded.counts_toward_gpa,
  counts_toward_progress = excluded.counts_toward_progress,
  grading_mode = excluded.grading_mode;

insert into public.program_courses (id, program_id, catalog_course_id, group_id, category, kind, suggested_term, notes, counts_toward_gpa, counts_toward_progress, grading_mode, display_order)
values ('ktpm-2024-csc15010', 'ktpm-2024', 'CSC15010', 'ktpm-2024-major-core', 'major-core', 'required', 5, null, true, true, 'numeric', 114)
on conflict (id) do update set
  program_id = excluded.program_id,
  catalog_course_id = excluded.catalog_course_id,
  group_id = excluded.group_id,
  category = excluded.category,
  kind = excluded.kind,
  suggested_term = excluded.suggested_term,
  notes = excluded.notes,
  counts_toward_gpa = excluded.counts_toward_gpa,
  counts_toward_progress = excluded.counts_toward_progress,
  grading_mode = excluded.grading_mode,
  display_order = excluded.display_order;

insert into public.courses (id, program_id, group_id, category, code, title, credits, lecture_hours, practice_hours, lab_hours, kind, suggested_term, notes, counts_toward_gpa, counts_toward_progress, grading_mode)
values ('ktpm-2024-csc15010', 'ktpm-2024', 'ktpm-2024-major-core', 'major-core', 'CSC15010', 'Blockchain và ứng dụng', 4, 4, 12, 0, 'required', 5, null, true, true, 'numeric')
on conflict (id) do update set
  group_id = excluded.group_id,
  category = excluded.category,
  code = excluded.code,
  title = excluded.title,
  credits = excluded.credits,
  lecture_hours = excluded.lecture_hours,
  practice_hours = excluded.practice_hours,
  lab_hours = excluded.lab_hours,
  kind = excluded.kind,
  suggested_term = excluded.suggested_term,
  notes = excluded.notes,
  counts_toward_gpa = excluded.counts_toward_gpa,
  counts_toward_progress = excluded.counts_toward_progress,
  grading_mode = excluded.grading_mode;

insert into public.program_courses (id, program_id, catalog_course_id, group_id, category, kind, suggested_term, notes, counts_toward_gpa, counts_toward_progress, grading_mode, display_order)
values ('ktpm-2024-csc15011', 'ktpm-2024', 'CSC15011', 'ktpm-2024-major-core', 'major-core', 'elective', 5, null, true, true, 'numeric', 115)
on conflict (id) do update set
  program_id = excluded.program_id,
  catalog_course_id = excluded.catalog_course_id,
  group_id = excluded.group_id,
  category = excluded.category,
  kind = excluded.kind,
  suggested_term = excluded.suggested_term,
  notes = excluded.notes,
  counts_toward_gpa = excluded.counts_toward_gpa,
  counts_toward_progress = excluded.counts_toward_progress,
  grading_mode = excluded.grading_mode,
  display_order = excluded.display_order;

insert into public.courses (id, program_id, group_id, category, code, title, credits, lecture_hours, practice_hours, lab_hours, kind, suggested_term, notes, counts_toward_gpa, counts_toward_progress, grading_mode)
values ('ktpm-2024-csc15011', 'ktpm-2024', 'ktpm-2024-major-core', 'major-core', 'CSC15011', 'Nhập môn ngôn ngữ học thống kê và ứng dụng', 4, 45, 30, 0, 'elective', 5, null, true, true, 'numeric')
on conflict (id) do update set
  group_id = excluded.group_id,
  category = excluded.category,
  code = excluded.code,
  title = excluded.title,
  credits = excluded.credits,
  lecture_hours = excluded.lecture_hours,
  practice_hours = excluded.practice_hours,
  lab_hours = excluded.lab_hours,
  kind = excluded.kind,
  suggested_term = excluded.suggested_term,
  notes = excluded.notes,
  counts_toward_gpa = excluded.counts_toward_gpa,
  counts_toward_progress = excluded.counts_toward_progress,
  grading_mode = excluded.grading_mode;

insert into public.program_courses (id, program_id, catalog_course_id, group_id, category, kind, suggested_term, notes, counts_toward_gpa, counts_toward_progress, grading_mode, display_order)
values ('ktpm-2024-csc15012', 'ktpm-2024', 'CSC15012', 'ktpm-2024-major-core', 'major-core', 'elective', 5, null, true, true, 'numeric', 116)
on conflict (id) do update set
  program_id = excluded.program_id,
  catalog_course_id = excluded.catalog_course_id,
  group_id = excluded.group_id,
  category = excluded.category,
  kind = excluded.kind,
  suggested_term = excluded.suggested_term,
  notes = excluded.notes,
  counts_toward_gpa = excluded.counts_toward_gpa,
  counts_toward_progress = excluded.counts_toward_progress,
  grading_mode = excluded.grading_mode,
  display_order = excluded.display_order;

insert into public.courses (id, program_id, group_id, category, code, title, credits, lecture_hours, practice_hours, lab_hours, kind, suggested_term, notes, counts_toward_gpa, counts_toward_progress, grading_mode)
values ('ktpm-2024-csc15012', 'ktpm-2024', 'ktpm-2024-major-core', 'major-core', 'CSC15012', 'Ứng dụng xử lý ngôn ngữ tự nhiên trong doanh nghiệp', 4, 45, 30, 0, 'elective', 5, null, true, true, 'numeric')
on conflict (id) do update set
  group_id = excluded.group_id,
  category = excluded.category,
  code = excluded.code,
  title = excluded.title,
  credits = excluded.credits,
  lecture_hours = excluded.lecture_hours,
  practice_hours = excluded.practice_hours,
  lab_hours = excluded.lab_hours,
  kind = excluded.kind,
  suggested_term = excluded.suggested_term,
  notes = excluded.notes,
  counts_toward_gpa = excluded.counts_toward_gpa,
  counts_toward_progress = excluded.counts_toward_progress,
  grading_mode = excluded.grading_mode;

insert into public.program_courses (id, program_id, catalog_course_id, group_id, category, kind, suggested_term, notes, counts_toward_gpa, counts_toward_progress, grading_mode, display_order)
values ('ktpm-2024-csc15102', 'ktpm-2024', 'CSC15102', 'ktpm-2024-major-core', 'major-core', 'required', 5, null, true, true, 'numeric', 117)
on conflict (id) do update set
  program_id = excluded.program_id,
  catalog_course_id = excluded.catalog_course_id,
  group_id = excluded.group_id,
  category = excluded.category,
  kind = excluded.kind,
  suggested_term = excluded.suggested_term,
  notes = excluded.notes,
  counts_toward_gpa = excluded.counts_toward_gpa,
  counts_toward_progress = excluded.counts_toward_progress,
  grading_mode = excluded.grading_mode,
  display_order = excluded.display_order;

insert into public.courses (id, program_id, group_id, category, code, title, credits, lecture_hours, practice_hours, lab_hours, kind, suggested_term, notes, counts_toward_gpa, counts_toward_progress, grading_mode)
values ('ktpm-2024-csc15102', 'ktpm-2024', 'ktpm-2024-major-core', 'major-core', 'CSC15102', 'Phân tích mạng xã hội', 4, 4, 13, 0, 'required', 5, null, true, true, 'numeric')
on conflict (id) do update set
  group_id = excluded.group_id,
  category = excluded.category,
  code = excluded.code,
  title = excluded.title,
  credits = excluded.credits,
  lecture_hours = excluded.lecture_hours,
  practice_hours = excluded.practice_hours,
  lab_hours = excluded.lab_hours,
  kind = excluded.kind,
  suggested_term = excluded.suggested_term,
  notes = excluded.notes,
  counts_toward_gpa = excluded.counts_toward_gpa,
  counts_toward_progress = excluded.counts_toward_progress,
  grading_mode = excluded.grading_mode;

insert into public.program_courses (id, program_id, catalog_course_id, group_id, category, kind, suggested_term, notes, counts_toward_gpa, counts_toward_progress, grading_mode, display_order)
values ('ktpm-2024-csc15105', 'ktpm-2024', 'CSC15105', 'ktpm-2024-major-core', 'major-core', 'required', 5, null, true, true, 'numeric', 118)
on conflict (id) do update set
  program_id = excluded.program_id,
  catalog_course_id = excluded.catalog_course_id,
  group_id = excluded.group_id,
  category = excluded.category,
  kind = excluded.kind,
  suggested_term = excluded.suggested_term,
  notes = excluded.notes,
  counts_toward_gpa = excluded.counts_toward_gpa,
  counts_toward_progress = excluded.counts_toward_progress,
  grading_mode = excluded.grading_mode,
  display_order = excluded.display_order;

insert into public.courses (id, program_id, group_id, category, code, title, credits, lecture_hours, practice_hours, lab_hours, kind, suggested_term, notes, counts_toward_gpa, counts_toward_progress, grading_mode)
values ('ktpm-2024-csc15105', 'ktpm-2024', 'ktpm-2024-major-core', 'major-core', 'CSC15105', 'Khai thác dữ liệu văn bản và ứng dụng', 4, 4, 14, 0, 'required', 5, null, true, true, 'numeric')
on conflict (id) do update set
  group_id = excluded.group_id,
  category = excluded.category,
  code = excluded.code,
  title = excluded.title,
  credits = excluded.credits,
  lecture_hours = excluded.lecture_hours,
  practice_hours = excluded.practice_hours,
  lab_hours = excluded.lab_hours,
  kind = excluded.kind,
  suggested_term = excluded.suggested_term,
  notes = excluded.notes,
  counts_toward_gpa = excluded.counts_toward_gpa,
  counts_toward_progress = excluded.counts_toward_progress,
  grading_mode = excluded.grading_mode;

insert into public.program_courses (id, program_id, catalog_course_id, group_id, category, kind, suggested_term, notes, counts_toward_gpa, counts_toward_progress, grading_mode, display_order)
values ('ktpm-2024-csc15107', 'ktpm-2024', 'CSC15107', 'ktpm-2024-major-core', 'major-core', 'required', 5, null, true, true, 'numeric', 119)
on conflict (id) do update set
  program_id = excluded.program_id,
  catalog_course_id = excluded.catalog_course_id,
  group_id = excluded.group_id,
  category = excluded.category,
  kind = excluded.kind,
  suggested_term = excluded.suggested_term,
  notes = excluded.notes,
  counts_toward_gpa = excluded.counts_toward_gpa,
  counts_toward_progress = excluded.counts_toward_progress,
  grading_mode = excluded.grading_mode,
  display_order = excluded.display_order;

insert into public.courses (id, program_id, group_id, category, code, title, credits, lecture_hours, practice_hours, lab_hours, kind, suggested_term, notes, counts_toward_gpa, counts_toward_progress, grading_mode)
values ('ktpm-2024-csc15107', 'ktpm-2024', 'ktpm-2024-major-core', 'major-core', 'CSC15107', 'Phân tích dữ liệu bảo toàn tính riêng tư', 4, 4, 15, 0, 'required', 5, null, true, true, 'numeric')
on conflict (id) do update set
  group_id = excluded.group_id,
  category = excluded.category,
  code = excluded.code,
  title = excluded.title,
  credits = excluded.credits,
  lecture_hours = excluded.lecture_hours,
  practice_hours = excluded.practice_hours,
  lab_hours = excluded.lab_hours,
  kind = excluded.kind,
  suggested_term = excluded.suggested_term,
  notes = excluded.notes,
  counts_toward_gpa = excluded.counts_toward_gpa,
  counts_toward_progress = excluded.counts_toward_progress,
  grading_mode = excluded.grading_mode;

insert into public.program_courses (id, program_id, catalog_course_id, group_id, category, kind, suggested_term, notes, counts_toward_gpa, counts_toward_progress, grading_mode, display_order)
values ('ktpm-2024-csc15108', 'ktpm-2024', 'CSC15108', 'ktpm-2024-major-core', 'major-core', 'elective', 5, null, true, true, 'numeric', 120)
on conflict (id) do update set
  program_id = excluded.program_id,
  catalog_course_id = excluded.catalog_course_id,
  group_id = excluded.group_id,
  category = excluded.category,
  kind = excluded.kind,
  suggested_term = excluded.suggested_term,
  notes = excluded.notes,
  counts_toward_gpa = excluded.counts_toward_gpa,
  counts_toward_progress = excluded.counts_toward_progress,
  grading_mode = excluded.grading_mode,
  display_order = excluded.display_order;

insert into public.courses (id, program_id, group_id, category, code, title, credits, lecture_hours, practice_hours, lab_hours, kind, suggested_term, notes, counts_toward_gpa, counts_toward_progress, grading_mode)
values ('ktpm-2024-csc15108', 'ktpm-2024', 'ktpm-2024-major-core', 'major-core', 'CSC15108', 'Pháp chứng cho dữ liệu số', 4, 45, 30, 0, 'elective', 5, null, true, true, 'numeric')
on conflict (id) do update set
  group_id = excluded.group_id,
  category = excluded.category,
  code = excluded.code,
  title = excluded.title,
  credits = excluded.credits,
  lecture_hours = excluded.lecture_hours,
  practice_hours = excluded.practice_hours,
  lab_hours = excluded.lab_hours,
  kind = excluded.kind,
  suggested_term = excluded.suggested_term,
  notes = excluded.notes,
  counts_toward_gpa = excluded.counts_toward_gpa,
  counts_toward_progress = excluded.counts_toward_progress,
  grading_mode = excluded.grading_mode;

insert into public.program_courses (id, program_id, catalog_course_id, group_id, category, kind, suggested_term, notes, counts_toward_gpa, counts_toward_progress, grading_mode, display_order)
values ('ktpm-2024-csc15109', 'ktpm-2024', 'CSC15109', 'ktpm-2024-major-core', 'major-core', 'elective', 5, null, true, true, 'numeric', 121)
on conflict (id) do update set
  program_id = excluded.program_id,
  catalog_course_id = excluded.catalog_course_id,
  group_id = excluded.group_id,
  category = excluded.category,
  kind = excluded.kind,
  suggested_term = excluded.suggested_term,
  notes = excluded.notes,
  counts_toward_gpa = excluded.counts_toward_gpa,
  counts_toward_progress = excluded.counts_toward_progress,
  grading_mode = excluded.grading_mode,
  display_order = excluded.display_order;

insert into public.courses (id, program_id, group_id, category, code, title, credits, lecture_hours, practice_hours, lab_hours, kind, suggested_term, notes, counts_toward_gpa, counts_toward_progress, grading_mode)
values ('ktpm-2024-csc15109', 'ktpm-2024', 'ktpm-2024-major-core', 'major-core', 'CSC15109', 'Nhập môn tính toán lượng tử', 4, 45, 30, 0, 'elective', 5, null, true, true, 'numeric')
on conflict (id) do update set
  group_id = excluded.group_id,
  category = excluded.category,
  code = excluded.code,
  title = excluded.title,
  credits = excluded.credits,
  lecture_hours = excluded.lecture_hours,
  practice_hours = excluded.practice_hours,
  lab_hours = excluded.lab_hours,
  kind = excluded.kind,
  suggested_term = excluded.suggested_term,
  notes = excluded.notes,
  counts_toward_gpa = excluded.counts_toward_gpa,
  counts_toward_progress = excluded.counts_toward_progress,
  grading_mode = excluded.grading_mode;

insert into public.program_courses (id, program_id, catalog_course_id, group_id, category, kind, suggested_term, notes, counts_toward_gpa, counts_toward_progress, grading_mode, display_order)
values ('ktpm-2024-csc16001', 'ktpm-2024', 'CSC16001', 'ktpm-2024-major-core', 'major-core', 'elective', 5, null, true, true, 'numeric', 122)
on conflict (id) do update set
  program_id = excluded.program_id,
  catalog_course_id = excluded.catalog_course_id,
  group_id = excluded.group_id,
  category = excluded.category,
  kind = excluded.kind,
  suggested_term = excluded.suggested_term,
  notes = excluded.notes,
  counts_toward_gpa = excluded.counts_toward_gpa,
  counts_toward_progress = excluded.counts_toward_progress,
  grading_mode = excluded.grading_mode,
  display_order = excluded.display_order;

insert into public.courses (id, program_id, group_id, category, code, title, credits, lecture_hours, practice_hours, lab_hours, kind, suggested_term, notes, counts_toward_gpa, counts_toward_progress, grading_mode)
values ('ktpm-2024-csc16001', 'ktpm-2024', 'ktpm-2024-major-core', 'major-core', 'CSC16001', 'Đồ họa máy tính', 4, 45, 30, 0, 'elective', 5, null, true, true, 'numeric')
on conflict (id) do update set
  group_id = excluded.group_id,
  category = excluded.category,
  code = excluded.code,
  title = excluded.title,
  credits = excluded.credits,
  lecture_hours = excluded.lecture_hours,
  practice_hours = excluded.practice_hours,
  lab_hours = excluded.lab_hours,
  kind = excluded.kind,
  suggested_term = excluded.suggested_term,
  notes = excluded.notes,
  counts_toward_gpa = excluded.counts_toward_gpa,
  counts_toward_progress = excluded.counts_toward_progress,
  grading_mode = excluded.grading_mode;

insert into public.program_courses (id, program_id, catalog_course_id, group_id, category, kind, suggested_term, notes, counts_toward_gpa, counts_toward_progress, grading_mode, display_order)
values ('ktpm-2024-csc16002', 'ktpm-2024', 'CSC16002', 'ktpm-2024-major-core', 'major-core', 'required', 5, null, true, true, 'numeric', 123)
on conflict (id) do update set
  program_id = excluded.program_id,
  catalog_course_id = excluded.catalog_course_id,
  group_id = excluded.group_id,
  category = excluded.category,
  kind = excluded.kind,
  suggested_term = excluded.suggested_term,
  notes = excluded.notes,
  counts_toward_gpa = excluded.counts_toward_gpa,
  counts_toward_progress = excluded.counts_toward_progress,
  grading_mode = excluded.grading_mode,
  display_order = excluded.display_order;

insert into public.courses (id, program_id, group_id, category, code, title, credits, lecture_hours, practice_hours, lab_hours, kind, suggested_term, notes, counts_toward_gpa, counts_toward_progress, grading_mode)
values ('ktpm-2024-csc16002', 'ktpm-2024', 'ktpm-2024-major-core', 'major-core', 'CSC16002', 'Phương pháp toán trong phân tích dữ liệu thị giác', 4, 4, 16, 0, 'required', 5, null, true, true, 'numeric')
on conflict (id) do update set
  group_id = excluded.group_id,
  category = excluded.category,
  code = excluded.code,
  title = excluded.title,
  credits = excluded.credits,
  lecture_hours = excluded.lecture_hours,
  practice_hours = excluded.practice_hours,
  lab_hours = excluded.lab_hours,
  kind = excluded.kind,
  suggested_term = excluded.suggested_term,
  notes = excluded.notes,
  counts_toward_gpa = excluded.counts_toward_gpa,
  counts_toward_progress = excluded.counts_toward_progress,
  grading_mode = excluded.grading_mode;

insert into public.program_courses (id, program_id, catalog_course_id, group_id, category, kind, suggested_term, notes, counts_toward_gpa, counts_toward_progress, grading_mode, display_order)
values ('ktpm-2024-csc16004', 'ktpm-2024', 'CSC16004', 'ktpm-2024-major-core', 'major-core', 'required', 5, null, true, true, 'numeric', 124)
on conflict (id) do update set
  program_id = excluded.program_id,
  catalog_course_id = excluded.catalog_course_id,
  group_id = excluded.group_id,
  category = excluded.category,
  kind = excluded.kind,
  suggested_term = excluded.suggested_term,
  notes = excluded.notes,
  counts_toward_gpa = excluded.counts_toward_gpa,
  counts_toward_progress = excluded.counts_toward_progress,
  grading_mode = excluded.grading_mode,
  display_order = excluded.display_order;

insert into public.courses (id, program_id, group_id, category, code, title, credits, lecture_hours, practice_hours, lab_hours, kind, suggested_term, notes, counts_toward_gpa, counts_toward_progress, grading_mode)
values ('ktpm-2024-csc16004', 'ktpm-2024', 'ktpm-2024-major-core', 'major-core', 'CSC16004', 'Thị giác máy tính', 4, 4, 17, 0, 'required', 5, null, true, true, 'numeric')
on conflict (id) do update set
  group_id = excluded.group_id,
  category = excluded.category,
  code = excluded.code,
  title = excluded.title,
  credits = excluded.credits,
  lecture_hours = excluded.lecture_hours,
  practice_hours = excluded.practice_hours,
  lab_hours = excluded.lab_hours,
  kind = excluded.kind,
  suggested_term = excluded.suggested_term,
  notes = excluded.notes,
  counts_toward_gpa = excluded.counts_toward_gpa,
  counts_toward_progress = excluded.counts_toward_progress,
  grading_mode = excluded.grading_mode;

insert into public.program_courses (id, program_id, catalog_course_id, group_id, category, kind, suggested_term, notes, counts_toward_gpa, counts_toward_progress, grading_mode, display_order)
values ('ktpm-2024-csc16005', 'ktpm-2024', 'CSC16005', 'ktpm-2024-major-core', 'major-core', 'required', 5, null, true, true, 'numeric', 125)
on conflict (id) do update set
  program_id = excluded.program_id,
  catalog_course_id = excluded.catalog_course_id,
  group_id = excluded.group_id,
  category = excluded.category,
  kind = excluded.kind,
  suggested_term = excluded.suggested_term,
  notes = excluded.notes,
  counts_toward_gpa = excluded.counts_toward_gpa,
  counts_toward_progress = excluded.counts_toward_progress,
  grading_mode = excluded.grading_mode,
  display_order = excluded.display_order;

insert into public.courses (id, program_id, group_id, category, code, title, credits, lecture_hours, practice_hours, lab_hours, kind, suggested_term, notes, counts_toward_gpa, counts_toward_progress, grading_mode)
values ('ktpm-2024-csc16005', 'ktpm-2024', 'ktpm-2024-major-core', 'major-core', 'CSC16005', 'Xử lý ảnh số và video số', 4, 4, 18, 0, 'required', 5, null, true, true, 'numeric')
on conflict (id) do update set
  group_id = excluded.group_id,
  category = excluded.category,
  code = excluded.code,
  title = excluded.title,
  credits = excluded.credits,
  lecture_hours = excluded.lecture_hours,
  practice_hours = excluded.practice_hours,
  lab_hours = excluded.lab_hours,
  kind = excluded.kind,
  suggested_term = excluded.suggested_term,
  notes = excluded.notes,
  counts_toward_gpa = excluded.counts_toward_gpa,
  counts_toward_progress = excluded.counts_toward_progress,
  grading_mode = excluded.grading_mode;

insert into public.program_courses (id, program_id, catalog_course_id, group_id, category, kind, suggested_term, notes, counts_toward_gpa, counts_toward_progress, grading_mode, display_order)
values ('ktpm-2024-csc16101', 'ktpm-2024', 'CSC16101', 'ktpm-2024-major-core', 'major-core', 'elective', 5, null, true, true, 'numeric', 126)
on conflict (id) do update set
  program_id = excluded.program_id,
  catalog_course_id = excluded.catalog_course_id,
  group_id = excluded.group_id,
  category = excluded.category,
  kind = excluded.kind,
  suggested_term = excluded.suggested_term,
  notes = excluded.notes,
  counts_toward_gpa = excluded.counts_toward_gpa,
  counts_toward_progress = excluded.counts_toward_progress,
  grading_mode = excluded.grading_mode,
  display_order = excluded.display_order;

insert into public.courses (id, program_id, group_id, category, code, title, credits, lecture_hours, practice_hours, lab_hours, kind, suggested_term, notes, counts_toward_gpa, counts_toward_progress, grading_mode)
values ('ktpm-2024-csc16101', 'ktpm-2024', 'ktpm-2024-major-core', 'major-core', 'CSC16101', 'Đồ họa ứng dụng', 4, 45, 30, 0, 'elective', 5, null, true, true, 'numeric')
on conflict (id) do update set
  group_id = excluded.group_id,
  category = excluded.category,
  code = excluded.code,
  title = excluded.title,
  credits = excluded.credits,
  lecture_hours = excluded.lecture_hours,
  practice_hours = excluded.practice_hours,
  lab_hours = excluded.lab_hours,
  kind = excluded.kind,
  suggested_term = excluded.suggested_term,
  notes = excluded.notes,
  counts_toward_gpa = excluded.counts_toward_gpa,
  counts_toward_progress = excluded.counts_toward_progress,
  grading_mode = excluded.grading_mode;

insert into public.program_courses (id, program_id, catalog_course_id, group_id, category, kind, suggested_term, notes, counts_toward_gpa, counts_toward_progress, grading_mode, display_order)
values ('ktpm-2024-csc16102', 'ktpm-2024', 'CSC16102', 'ktpm-2024-major-core', 'major-core', 'elective', 5, null, true, true, 'numeric', 127)
on conflict (id) do update set
  program_id = excluded.program_id,
  catalog_course_id = excluded.catalog_course_id,
  group_id = excluded.group_id,
  category = excluded.category,
  kind = excluded.kind,
  suggested_term = excluded.suggested_term,
  notes = excluded.notes,
  counts_toward_gpa = excluded.counts_toward_gpa,
  counts_toward_progress = excluded.counts_toward_progress,
  grading_mode = excluded.grading_mode,
  display_order = excluded.display_order;

insert into public.courses (id, program_id, group_id, category, code, title, credits, lecture_hours, practice_hours, lab_hours, kind, suggested_term, notes, counts_toward_gpa, counts_toward_progress, grading_mode)
values ('ktpm-2024-csc16102', 'ktpm-2024', 'ktpm-2024-major-core', 'major-core', 'CSC16102', 'Kỹ thuật lập trình xử lý ảnh số và video số', 4, 45, 30, 0, 'elective', 5, null, true, true, 'numeric')
on conflict (id) do update set
  group_id = excluded.group_id,
  category = excluded.category,
  code = excluded.code,
  title = excluded.title,
  credits = excluded.credits,
  lecture_hours = excluded.lecture_hours,
  practice_hours = excluded.practice_hours,
  lab_hours = excluded.lab_hours,
  kind = excluded.kind,
  suggested_term = excluded.suggested_term,
  notes = excluded.notes,
  counts_toward_gpa = excluded.counts_toward_gpa,
  counts_toward_progress = excluded.counts_toward_progress,
  grading_mode = excluded.grading_mode;

insert into public.program_courses (id, program_id, catalog_course_id, group_id, category, kind, suggested_term, notes, counts_toward_gpa, counts_toward_progress, grading_mode, display_order)
values ('ktpm-2024-csc16105', 'ktpm-2024', 'CSC16105', 'ktpm-2024-major-core', 'major-core', 'elective', 5, null, true, true, 'numeric', 128)
on conflict (id) do update set
  program_id = excluded.program_id,
  catalog_course_id = excluded.catalog_course_id,
  group_id = excluded.group_id,
  category = excluded.category,
  kind = excluded.kind,
  suggested_term = excluded.suggested_term,
  notes = excluded.notes,
  counts_toward_gpa = excluded.counts_toward_gpa,
  counts_toward_progress = excluded.counts_toward_progress,
  grading_mode = excluded.grading_mode,
  display_order = excluded.display_order;

insert into public.courses (id, program_id, group_id, category, code, title, credits, lecture_hours, practice_hours, lab_hours, kind, suggested_term, notes, counts_toward_gpa, counts_toward_progress, grading_mode)
values ('ktpm-2024-csc16105', 'ktpm-2024', 'ktpm-2024-major-core', 'major-core', 'CSC16105', 'Truy vấn thông tin thị giác', 4, 45, 30, 0, 'elective', 5, null, true, true, 'numeric')
on conflict (id) do update set
  group_id = excluded.group_id,
  category = excluded.category,
  code = excluded.code,
  title = excluded.title,
  credits = excluded.credits,
  lecture_hours = excluded.lecture_hours,
  practice_hours = excluded.practice_hours,
  lab_hours = excluded.lab_hours,
  kind = excluded.kind,
  suggested_term = excluded.suggested_term,
  notes = excluded.notes,
  counts_toward_gpa = excluded.counts_toward_gpa,
  counts_toward_progress = excluded.counts_toward_progress,
  grading_mode = excluded.grading_mode;

insert into public.program_courses (id, program_id, catalog_course_id, group_id, category, kind, suggested_term, notes, counts_toward_gpa, counts_toward_progress, grading_mode, display_order)
values ('ktpm-2024-csc16106', 'ktpm-2024', 'CSC16106', 'ktpm-2024-major-core', 'major-core', 'elective', 5, null, true, true, 'numeric', 129)
on conflict (id) do update set
  program_id = excluded.program_id,
  catalog_course_id = excluded.catalog_course_id,
  group_id = excluded.group_id,
  category = excluded.category,
  kind = excluded.kind,
  suggested_term = excluded.suggested_term,
  notes = excluded.notes,
  counts_toward_gpa = excluded.counts_toward_gpa,
  counts_toward_progress = excluded.counts_toward_progress,
  grading_mode = excluded.grading_mode,
  display_order = excluded.display_order;

insert into public.courses (id, program_id, group_id, category, code, title, credits, lecture_hours, practice_hours, lab_hours, kind, suggested_term, notes, counts_toward_gpa, counts_toward_progress, grading_mode)
values ('ktpm-2024-csc16106', 'ktpm-2024', 'ktpm-2024-major-core', 'major-core', 'CSC16106', 'Nhập môn lập trình điều khiển thiết bị thông minh', 4, 45, 30, 0, 'elective', 5, null, true, true, 'numeric')
on conflict (id) do update set
  group_id = excluded.group_id,
  category = excluded.category,
  code = excluded.code,
  title = excluded.title,
  credits = excluded.credits,
  lecture_hours = excluded.lecture_hours,
  practice_hours = excluded.practice_hours,
  lab_hours = excluded.lab_hours,
  kind = excluded.kind,
  suggested_term = excluded.suggested_term,
  notes = excluded.notes,
  counts_toward_gpa = excluded.counts_toward_gpa,
  counts_toward_progress = excluded.counts_toward_progress,
  grading_mode = excluded.grading_mode;

insert into public.program_courses (id, program_id, catalog_course_id, group_id, category, kind, suggested_term, notes, counts_toward_gpa, counts_toward_progress, grading_mode, display_order)
values ('ktpm-2024-csc16107', 'ktpm-2024', 'CSC16107', 'ktpm-2024-major-core', 'major-core', 'elective', 5, null, true, true, 'numeric', 130)
on conflict (id) do update set
  program_id = excluded.program_id,
  catalog_course_id = excluded.catalog_course_id,
  group_id = excluded.group_id,
  category = excluded.category,
  kind = excluded.kind,
  suggested_term = excluded.suggested_term,
  notes = excluded.notes,
  counts_toward_gpa = excluded.counts_toward_gpa,
  counts_toward_progress = excluded.counts_toward_progress,
  grading_mode = excluded.grading_mode,
  display_order = excluded.display_order;

insert into public.courses (id, program_id, group_id, category, code, title, credits, lecture_hours, practice_hours, lab_hours, kind, suggested_term, notes, counts_toward_gpa, counts_toward_progress, grading_mode)
values ('ktpm-2024-csc16107', 'ktpm-2024', 'ktpm-2024-major-core', 'major-core', 'CSC16107', 'Ứng dụng thị giác máy tính', 4, 45, 30, 0, 'elective', 5, null, true, true, 'numeric')
on conflict (id) do update set
  group_id = excluded.group_id,
  category = excluded.category,
  code = excluded.code,
  title = excluded.title,
  credits = excluded.credits,
  lecture_hours = excluded.lecture_hours,
  practice_hours = excluded.practice_hours,
  lab_hours = excluded.lab_hours,
  kind = excluded.kind,
  suggested_term = excluded.suggested_term,
  notes = excluded.notes,
  counts_toward_gpa = excluded.counts_toward_gpa,
  counts_toward_progress = excluded.counts_toward_progress,
  grading_mode = excluded.grading_mode;

insert into public.program_courses (id, program_id, catalog_course_id, group_id, category, kind, suggested_term, notes, counts_toward_gpa, counts_toward_progress, grading_mode, display_order)
values ('ktpm-2024-csc16109', 'ktpm-2024', 'CSC16109', 'ktpm-2024-major-core', 'major-core', 'elective', 5, null, true, true, 'numeric', 131)
on conflict (id) do update set
  program_id = excluded.program_id,
  catalog_course_id = excluded.catalog_course_id,
  group_id = excluded.group_id,
  category = excluded.category,
  kind = excluded.kind,
  suggested_term = excluded.suggested_term,
  notes = excluded.notes,
  counts_toward_gpa = excluded.counts_toward_gpa,
  counts_toward_progress = excluded.counts_toward_progress,
  grading_mode = excluded.grading_mode,
  display_order = excluded.display_order;

insert into public.courses (id, program_id, group_id, category, code, title, credits, lecture_hours, practice_hours, lab_hours, kind, suggested_term, notes, counts_toward_gpa, counts_toward_progress, grading_mode)
values ('ktpm-2024-csc16109', 'ktpm-2024', 'ktpm-2024-major-core', 'major-core', 'CSC16109', 'Ứng dụng xử lý ảnh số và video số', 4, 45, 30, 0, 'elective', 5, null, true, true, 'numeric')
on conflict (id) do update set
  group_id = excluded.group_id,
  category = excluded.category,
  code = excluded.code,
  title = excluded.title,
  credits = excluded.credits,
  lecture_hours = excluded.lecture_hours,
  practice_hours = excluded.practice_hours,
  lab_hours = excluded.lab_hours,
  kind = excluded.kind,
  suggested_term = excluded.suggested_term,
  notes = excluded.notes,
  counts_toward_gpa = excluded.counts_toward_gpa,
  counts_toward_progress = excluded.counts_toward_progress,
  grading_mode = excluded.grading_mode;

insert into public.program_courses (id, program_id, catalog_course_id, group_id, category, kind, suggested_term, notes, counts_toward_gpa, counts_toward_progress, grading_mode, display_order)
values ('ktpm-2024-csc16113', 'ktpm-2024', 'CSC16113', 'ktpm-2024-major-core', 'major-core', 'elective', 5, null, true, true, 'numeric', 132)
on conflict (id) do update set
  program_id = excluded.program_id,
  catalog_course_id = excluded.catalog_course_id,
  group_id = excluded.group_id,
  category = excluded.category,
  kind = excluded.kind,
  suggested_term = excluded.suggested_term,
  notes = excluded.notes,
  counts_toward_gpa = excluded.counts_toward_gpa,
  counts_toward_progress = excluded.counts_toward_progress,
  grading_mode = excluded.grading_mode,
  display_order = excluded.display_order;

insert into public.courses (id, program_id, group_id, category, code, title, credits, lecture_hours, practice_hours, lab_hours, kind, suggested_term, notes, counts_toward_gpa, counts_toward_progress, grading_mode)
values ('ktpm-2024-csc16113', 'ktpm-2024', 'ktpm-2024-major-core', 'major-core', 'CSC16113', 'Thị giác máy tính ba chiều', 4, 45, 30, 0, 'elective', 5, null, true, true, 'numeric')
on conflict (id) do update set
  group_id = excluded.group_id,
  category = excluded.category,
  code = excluded.code,
  title = excluded.title,
  credits = excluded.credits,
  lecture_hours = excluded.lecture_hours,
  practice_hours = excluded.practice_hours,
  lab_hours = excluded.lab_hours,
  kind = excluded.kind,
  suggested_term = excluded.suggested_term,
  notes = excluded.notes,
  counts_toward_gpa = excluded.counts_toward_gpa,
  counts_toward_progress = excluded.counts_toward_progress,
  grading_mode = excluded.grading_mode;

insert into public.program_courses (id, program_id, catalog_course_id, group_id, category, kind, suggested_term, notes, counts_toward_gpa, counts_toward_progress, grading_mode, display_order)
values ('ktpm-2024-csc16114', 'ktpm-2024', 'CSC16114', 'ktpm-2024-major-core', 'major-core', 'elective', 5, null, true, true, 'numeric', 133)
on conflict (id) do update set
  program_id = excluded.program_id,
  catalog_course_id = excluded.catalog_course_id,
  group_id = excluded.group_id,
  category = excluded.category,
  kind = excluded.kind,
  suggested_term = excluded.suggested_term,
  notes = excluded.notes,
  counts_toward_gpa = excluded.counts_toward_gpa,
  counts_toward_progress = excluded.counts_toward_progress,
  grading_mode = excluded.grading_mode,
  display_order = excluded.display_order;

insert into public.courses (id, program_id, group_id, category, code, title, credits, lecture_hours, practice_hours, lab_hours, kind, suggested_term, notes, counts_toward_gpa, counts_toward_progress, grading_mode)
values ('ktpm-2024-csc16114', 'ktpm-2024', 'ktpm-2024-major-core', 'major-core', 'CSC16114', 'Học sâu trong Thị giác máy tính', 4, 45, 30, 0, 'elective', 5, null, true, true, 'numeric')
on conflict (id) do update set
  group_id = excluded.group_id,
  category = excluded.category,
  code = excluded.code,
  title = excluded.title,
  credits = excluded.credits,
  lecture_hours = excluded.lecture_hours,
  practice_hours = excluded.practice_hours,
  lab_hours = excluded.lab_hours,
  kind = excluded.kind,
  suggested_term = excluded.suggested_term,
  notes = excluded.notes,
  counts_toward_gpa = excluded.counts_toward_gpa,
  counts_toward_progress = excluded.counts_toward_progress,
  grading_mode = excluded.grading_mode;

insert into public.program_courses (id, program_id, catalog_course_id, group_id, category, kind, suggested_term, notes, counts_toward_gpa, counts_toward_progress, grading_mode, display_order)
values ('ktpm-2024-csc17001', 'ktpm-2024', 'CSC17001', 'ktpm-2024-major-core', 'major-core', 'required', 5, null, true, true, 'numeric', 134)
on conflict (id) do update set
  program_id = excluded.program_id,
  catalog_course_id = excluded.catalog_course_id,
  group_id = excluded.group_id,
  category = excluded.category,
  kind = excluded.kind,
  suggested_term = excluded.suggested_term,
  notes = excluded.notes,
  counts_toward_gpa = excluded.counts_toward_gpa,
  counts_toward_progress = excluded.counts_toward_progress,
  grading_mode = excluded.grading_mode,
  display_order = excluded.display_order;

insert into public.courses (id, program_id, group_id, category, code, title, credits, lecture_hours, practice_hours, lab_hours, kind, suggested_term, notes, counts_toward_gpa, counts_toward_progress, grading_mode)
values ('ktpm-2024-csc17001', 'ktpm-2024', 'ktpm-2024-major-core', 'major-core', 'CSC17001', 'Phân tích dữ liệu thông minh', 4, 4, 0, 0, 'required', 5, null, true, true, 'numeric')
on conflict (id) do update set
  group_id = excluded.group_id,
  category = excluded.category,
  code = excluded.code,
  title = excluded.title,
  credits = excluded.credits,
  lecture_hours = excluded.lecture_hours,
  practice_hours = excluded.practice_hours,
  lab_hours = excluded.lab_hours,
  kind = excluded.kind,
  suggested_term = excluded.suggested_term,
  notes = excluded.notes,
  counts_toward_gpa = excluded.counts_toward_gpa,
  counts_toward_progress = excluded.counts_toward_progress,
  grading_mode = excluded.grading_mode;

insert into public.program_courses (id, program_id, catalog_course_id, group_id, category, kind, suggested_term, notes, counts_toward_gpa, counts_toward_progress, grading_mode, display_order)
values ('ktpm-2024-csc17101', 'ktpm-2024', 'CSC17101', 'ktpm-2024-major-core', 'major-core', 'elective', 5, null, true, true, 'numeric', 135)
on conflict (id) do update set
  program_id = excluded.program_id,
  catalog_course_id = excluded.catalog_course_id,
  group_id = excluded.group_id,
  category = excluded.category,
  kind = excluded.kind,
  suggested_term = excluded.suggested_term,
  notes = excluded.notes,
  counts_toward_gpa = excluded.counts_toward_gpa,
  counts_toward_progress = excluded.counts_toward_progress,
  grading_mode = excluded.grading_mode,
  display_order = excluded.display_order;

insert into public.courses (id, program_id, group_id, category, code, title, credits, lecture_hours, practice_hours, lab_hours, kind, suggested_term, notes, counts_toward_gpa, counts_toward_progress, grading_mode)
values ('ktpm-2024-csc17101', 'ktpm-2024', 'ktpm-2024-major-core', 'major-core', 'CSC17101', 'Hệ thống tư vấn', 4, 45, 30, 0, 'elective', 5, null, true, true, 'numeric')
on conflict (id) do update set
  group_id = excluded.group_id,
  category = excluded.category,
  code = excluded.code,
  title = excluded.title,
  credits = excluded.credits,
  lecture_hours = excluded.lecture_hours,
  practice_hours = excluded.practice_hours,
  lab_hours = excluded.lab_hours,
  kind = excluded.kind,
  suggested_term = excluded.suggested_term,
  notes = excluded.notes,
  counts_toward_gpa = excluded.counts_toward_gpa,
  counts_toward_progress = excluded.counts_toward_progress,
  grading_mode = excluded.grading_mode;

insert into public.program_courses (id, program_id, catalog_course_id, group_id, category, kind, suggested_term, notes, counts_toward_gpa, counts_toward_progress, grading_mode, display_order)
values ('ktpm-2024-csc17102', 'ktpm-2024', 'CSC17102', 'ktpm-2024-major-core', 'major-core', 'elective', 5, null, true, true, 'numeric', 136)
on conflict (id) do update set
  program_id = excluded.program_id,
  catalog_course_id = excluded.catalog_course_id,
  group_id = excluded.group_id,
  category = excluded.category,
  kind = excluded.kind,
  suggested_term = excluded.suggested_term,
  notes = excluded.notes,
  counts_toward_gpa = excluded.counts_toward_gpa,
  counts_toward_progress = excluded.counts_toward_progress,
  grading_mode = excluded.grading_mode,
  display_order = excluded.display_order;

insert into public.courses (id, program_id, group_id, category, code, title, credits, lecture_hours, practice_hours, lab_hours, kind, suggested_term, notes, counts_toward_gpa, counts_toward_progress, grading_mode)
values ('ktpm-2024-csc17102', 'ktpm-2024', 'ktpm-2024-major-core', 'major-core', 'CSC17102', 'Học sâu cho khoa học dữ liệu', 4, 45, 30, 0, 'elective', 5, null, true, true, 'numeric')
on conflict (id) do update set
  group_id = excluded.group_id,
  category = excluded.category,
  code = excluded.code,
  title = excluded.title,
  credits = excluded.credits,
  lecture_hours = excluded.lecture_hours,
  practice_hours = excluded.practice_hours,
  lab_hours = excluded.lab_hours,
  kind = excluded.kind,
  suggested_term = excluded.suggested_term,
  notes = excluded.notes,
  counts_toward_gpa = excluded.counts_toward_gpa,
  counts_toward_progress = excluded.counts_toward_progress,
  grading_mode = excluded.grading_mode;

insert into public.program_courses (id, program_id, catalog_course_id, group_id, category, kind, suggested_term, notes, counts_toward_gpa, counts_toward_progress, grading_mode, display_order)
values ('ktpm-2024-csc17103', 'ktpm-2024', 'CSC17103', 'ktpm-2024-major-core', 'major-core', 'required', 5, null, true, true, 'numeric', 137)
on conflict (id) do update set
  program_id = excluded.program_id,
  catalog_course_id = excluded.catalog_course_id,
  group_id = excluded.group_id,
  category = excluded.category,
  kind = excluded.kind,
  suggested_term = excluded.suggested_term,
  notes = excluded.notes,
  counts_toward_gpa = excluded.counts_toward_gpa,
  counts_toward_progress = excluded.counts_toward_progress,
  grading_mode = excluded.grading_mode,
  display_order = excluded.display_order;

insert into public.courses (id, program_id, group_id, category, code, title, credits, lecture_hours, practice_hours, lab_hours, kind, suggested_term, notes, counts_toward_gpa, counts_toward_progress, grading_mode)
values ('ktpm-2024-csc17103', 'ktpm-2024', 'ktpm-2024-major-core', 'major-core', 'CSC17103', 'Khai thác dữ liệu đồ thị', 4, 4, 20, 0, 'required', 5, null, true, true, 'numeric')
on conflict (id) do update set
  group_id = excluded.group_id,
  category = excluded.category,
  code = excluded.code,
  title = excluded.title,
  credits = excluded.credits,
  lecture_hours = excluded.lecture_hours,
  practice_hours = excluded.practice_hours,
  lab_hours = excluded.lab_hours,
  kind = excluded.kind,
  suggested_term = excluded.suggested_term,
  notes = excluded.notes,
  counts_toward_gpa = excluded.counts_toward_gpa,
  counts_toward_progress = excluded.counts_toward_progress,
  grading_mode = excluded.grading_mode;

insert into public.program_courses (id, program_id, catalog_course_id, group_id, category, kind, suggested_term, notes, counts_toward_gpa, counts_toward_progress, grading_mode, display_order)
values ('ktpm-2024-csc17104', 'ktpm-2024', 'CSC17104', 'ktpm-2024-major-core', 'major-core', 'elective', 5, null, true, true, 'numeric', 138)
on conflict (id) do update set
  program_id = excluded.program_id,
  catalog_course_id = excluded.catalog_course_id,
  group_id = excluded.group_id,
  category = excluded.category,
  kind = excluded.kind,
  suggested_term = excluded.suggested_term,
  notes = excluded.notes,
  counts_toward_gpa = excluded.counts_toward_gpa,
  counts_toward_progress = excluded.counts_toward_progress,
  grading_mode = excluded.grading_mode,
  display_order = excluded.display_order;

insert into public.courses (id, program_id, group_id, category, code, title, credits, lecture_hours, practice_hours, lab_hours, kind, suggested_term, notes, counts_toward_gpa, counts_toward_progress, grading_mode)
values ('ktpm-2024-csc17104', 'ktpm-2024', 'ktpm-2024-major-core', 'major-core', 'CSC17104', 'Lập trình cho khoa học dữ liệu', 4, 45, 30, 0, 'elective', 5, null, true, true, 'numeric')
on conflict (id) do update set
  group_id = excluded.group_id,
  category = excluded.category,
  code = excluded.code,
  title = excluded.title,
  credits = excluded.credits,
  lecture_hours = excluded.lecture_hours,
  practice_hours = excluded.practice_hours,
  lab_hours = excluded.lab_hours,
  kind = excluded.kind,
  suggested_term = excluded.suggested_term,
  notes = excluded.notes,
  counts_toward_gpa = excluded.counts_toward_gpa,
  counts_toward_progress = excluded.counts_toward_progress,
  grading_mode = excluded.grading_mode;

insert into public.program_courses (id, program_id, catalog_course_id, group_id, category, kind, suggested_term, notes, counts_toward_gpa, counts_toward_progress, grading_mode, display_order)
values ('ktpm-2024-csc17106', 'ktpm-2024', 'CSC17106', 'ktpm-2024-major-core', 'major-core', 'elective', 5, null, true, true, 'numeric', 139)
on conflict (id) do update set
  program_id = excluded.program_id,
  catalog_course_id = excluded.catalog_course_id,
  group_id = excluded.group_id,
  category = excluded.category,
  kind = excluded.kind,
  suggested_term = excluded.suggested_term,
  notes = excluded.notes,
  counts_toward_gpa = excluded.counts_toward_gpa,
  counts_toward_progress = excluded.counts_toward_progress,
  grading_mode = excluded.grading_mode,
  display_order = excluded.display_order;

insert into public.courses (id, program_id, group_id, category, code, title, credits, lecture_hours, practice_hours, lab_hours, kind, suggested_term, notes, counts_toward_gpa, counts_toward_progress, grading_mode)
values ('ktpm-2024-csc17106', 'ktpm-2024', 'ktpm-2024-major-core', 'major-core', 'CSC17106', 'Xử lý phân tích dữ liệu trực tuyến', 4, 45, 30, 0, 'elective', 5, null, true, true, 'numeric')
on conflict (id) do update set
  group_id = excluded.group_id,
  category = excluded.category,
  code = excluded.code,
  title = excluded.title,
  credits = excluded.credits,
  lecture_hours = excluded.lecture_hours,
  practice_hours = excluded.practice_hours,
  lab_hours = excluded.lab_hours,
  kind = excluded.kind,
  suggested_term = excluded.suggested_term,
  notes = excluded.notes,
  counts_toward_gpa = excluded.counts_toward_gpa,
  counts_toward_progress = excluded.counts_toward_progress,
  grading_mode = excluded.grading_mode;

insert into public.program_courses (id, program_id, catalog_course_id, group_id, category, kind, suggested_term, notes, counts_toward_gpa, counts_toward_progress, grading_mode, display_order)
values ('ktpm-2024-csc17107', 'ktpm-2024', 'CSC17107', 'ktpm-2024-major-core', 'major-core', 'required', 5, null, true, true, 'numeric', 140)
on conflict (id) do update set
  program_id = excluded.program_id,
  catalog_course_id = excluded.catalog_course_id,
  group_id = excluded.group_id,
  category = excluded.category,
  kind = excluded.kind,
  suggested_term = excluded.suggested_term,
  notes = excluded.notes,
  counts_toward_gpa = excluded.counts_toward_gpa,
  counts_toward_progress = excluded.counts_toward_progress,
  grading_mode = excluded.grading_mode,
  display_order = excluded.display_order;

insert into public.courses (id, program_id, group_id, category, code, title, credits, lecture_hours, practice_hours, lab_hours, kind, suggested_term, notes, counts_toward_gpa, counts_toward_progress, grading_mode)
values ('ktpm-2024-csc17107', 'ktpm-2024', 'ktpm-2024-major-core', 'major-core', 'CSC17107', 'Ứng dụng phân tích dữ liệu thông minh', 4, 4, 21, 0, 'required', 5, null, true, true, 'numeric')
on conflict (id) do update set
  group_id = excluded.group_id,
  category = excluded.category,
  code = excluded.code,
  title = excluded.title,
  credits = excluded.credits,
  lecture_hours = excluded.lecture_hours,
  practice_hours = excluded.practice_hours,
  lab_hours = excluded.lab_hours,
  kind = excluded.kind,
  suggested_term = excluded.suggested_term,
  notes = excluded.notes,
  counts_toward_gpa = excluded.counts_toward_gpa,
  counts_toward_progress = excluded.counts_toward_progress,
  grading_mode = excluded.grading_mode;

insert into public.program_courses (id, program_id, catalog_course_id, group_id, category, kind, suggested_term, notes, counts_toward_gpa, counts_toward_progress, grading_mode, display_order)
values ('ktpm-2024-csc18001', 'ktpm-2024', 'CSC18001', 'ktpm-2024-major-core', 'major-core', 'required', 5, null, true, true, 'numeric', 141)
on conflict (id) do update set
  program_id = excluded.program_id,
  catalog_course_id = excluded.catalog_course_id,
  group_id = excluded.group_id,
  category = excluded.category,
  kind = excluded.kind,
  suggested_term = excluded.suggested_term,
  notes = excluded.notes,
  counts_toward_gpa = excluded.counts_toward_gpa,
  counts_toward_progress = excluded.counts_toward_progress,
  grading_mode = excluded.grading_mode,
  display_order = excluded.display_order;

insert into public.courses (id, program_id, group_id, category, code, title, credits, lecture_hours, practice_hours, lab_hours, kind, suggested_term, notes, counts_toward_gpa, counts_toward_progress, grading_mode)
values ('ktpm-2024-csc18001', 'ktpm-2024', 'ktpm-2024-major-core', 'major-core', 'CSC18001', 'Nhập môn học sâu', 4, 4, 0, 0, 'required', 5, null, true, true, 'numeric')
on conflict (id) do update set
  group_id = excluded.group_id,
  category = excluded.category,
  code = excluded.code,
  title = excluded.title,
  credits = excluded.credits,
  lecture_hours = excluded.lecture_hours,
  practice_hours = excluded.practice_hours,
  lab_hours = excluded.lab_hours,
  kind = excluded.kind,
  suggested_term = excluded.suggested_term,
  notes = excluded.notes,
  counts_toward_gpa = excluded.counts_toward_gpa,
  counts_toward_progress = excluded.counts_toward_progress,
  grading_mode = excluded.grading_mode;

insert into public.program_courses (id, program_id, catalog_course_id, group_id, category, kind, suggested_term, notes, counts_toward_gpa, counts_toward_progress, grading_mode, display_order)
values ('ktpm-2024-csc18101', 'ktpm-2024', 'CSC18101', 'ktpm-2024-major-core', 'major-core', 'elective', 5, null, true, true, 'numeric', 142)
on conflict (id) do update set
  program_id = excluded.program_id,
  catalog_course_id = excluded.catalog_course_id,
  group_id = excluded.group_id,
  category = excluded.category,
  kind = excluded.kind,
  suggested_term = excluded.suggested_term,
  notes = excluded.notes,
  counts_toward_gpa = excluded.counts_toward_gpa,
  counts_toward_progress = excluded.counts_toward_progress,
  grading_mode = excluded.grading_mode,
  display_order = excluded.display_order;

insert into public.courses (id, program_id, group_id, category, code, title, credits, lecture_hours, practice_hours, lab_hours, kind, suggested_term, notes, counts_toward_gpa, counts_toward_progress, grading_mode)
values ('ktpm-2024-csc18101', 'ktpm-2024', 'ktpm-2024-major-core', 'major-core', 'CSC18101', 'Trí tuệ nhân tạo cho an ninh thông tin', 4, 45, 30, 0, 'elective', 5, null, true, true, 'numeric')
on conflict (id) do update set
  group_id = excluded.group_id,
  category = excluded.category,
  code = excluded.code,
  title = excluded.title,
  credits = excluded.credits,
  lecture_hours = excluded.lecture_hours,
  practice_hours = excluded.practice_hours,
  lab_hours = excluded.lab_hours,
  kind = excluded.kind,
  suggested_term = excluded.suggested_term,
  notes = excluded.notes,
  counts_toward_gpa = excluded.counts_toward_gpa,
  counts_toward_progress = excluded.counts_toward_progress,
  grading_mode = excluded.grading_mode;

insert into public.program_courses (id, program_id, catalog_course_id, group_id, category, kind, suggested_term, notes, counts_toward_gpa, counts_toward_progress, grading_mode, display_order)
values ('ktpm-2024-csc18102', 'ktpm-2024', 'CSC18102', 'ktpm-2024-major-core', 'major-core', 'elective', 5, null, true, true, 'numeric', 143)
on conflict (id) do update set
  program_id = excluded.program_id,
  catalog_course_id = excluded.catalog_course_id,
  group_id = excluded.group_id,
  category = excluded.category,
  kind = excluded.kind,
  suggested_term = excluded.suggested_term,
  notes = excluded.notes,
  counts_toward_gpa = excluded.counts_toward_gpa,
  counts_toward_progress = excluded.counts_toward_progress,
  grading_mode = excluded.grading_mode,
  display_order = excluded.display_order;

insert into public.courses (id, program_id, group_id, category, code, title, credits, lecture_hours, practice_hours, lab_hours, kind, suggested_term, notes, counts_toward_gpa, counts_toward_progress, grading_mode)
values ('ktpm-2024-csc18102', 'ktpm-2024', 'ktpm-2024-major-core', 'major-core', 'CSC18102', 'Phương pháp toán cho tối ưu hóa', 4, 45, 30, 0, 'elective', 5, null, true, true, 'numeric')
on conflict (id) do update set
  group_id = excluded.group_id,
  category = excluded.category,
  code = excluded.code,
  title = excluded.title,
  credits = excluded.credits,
  lecture_hours = excluded.lecture_hours,
  practice_hours = excluded.practice_hours,
  lab_hours = excluded.lab_hours,
  kind = excluded.kind,
  suggested_term = excluded.suggested_term,
  notes = excluded.notes,
  counts_toward_gpa = excluded.counts_toward_gpa,
  counts_toward_progress = excluded.counts_toward_progress,
  grading_mode = excluded.grading_mode;

insert into public.program_courses (id, program_id, catalog_course_id, group_id, category, kind, suggested_term, notes, counts_toward_gpa, counts_toward_progress, grading_mode, display_order)
values ('ktpm-2024-csc18103', 'ktpm-2024', 'CSC18103', 'ktpm-2024-major-core', 'major-core', 'elective', 5, null, true, true, 'numeric', 144)
on conflict (id) do update set
  program_id = excluded.program_id,
  catalog_course_id = excluded.catalog_course_id,
  group_id = excluded.group_id,
  category = excluded.category,
  kind = excluded.kind,
  suggested_term = excluded.suggested_term,
  notes = excluded.notes,
  counts_toward_gpa = excluded.counts_toward_gpa,
  counts_toward_progress = excluded.counts_toward_progress,
  grading_mode = excluded.grading_mode,
  display_order = excluded.display_order;

insert into public.courses (id, program_id, group_id, category, code, title, credits, lecture_hours, practice_hours, lab_hours, kind, suggested_term, notes, counts_toward_gpa, counts_toward_progress, grading_mode)
values ('ktpm-2024-csc18103', 'ktpm-2024', 'ktpm-2024-major-core', 'major-core', 'CSC18103', 'Trí tuệ bầy đàn', 4, 45, 30, 0, 'elective', 5, null, true, true, 'numeric')
on conflict (id) do update set
  group_id = excluded.group_id,
  category = excluded.category,
  code = excluded.code,
  title = excluded.title,
  credits = excluded.credits,
  lecture_hours = excluded.lecture_hours,
  practice_hours = excluded.practice_hours,
  lab_hours = excluded.lab_hours,
  kind = excluded.kind,
  suggested_term = excluded.suggested_term,
  notes = excluded.notes,
  counts_toward_gpa = excluded.counts_toward_gpa,
  counts_toward_progress = excluded.counts_toward_progress,
  grading_mode = excluded.grading_mode;

insert into public.program_courses (id, program_id, catalog_course_id, group_id, category, kind, suggested_term, notes, counts_toward_gpa, counts_toward_progress, grading_mode, display_order)
values ('ktpm-2024-csc18104', 'ktpm-2024', 'CSC18104', 'ktpm-2024-major-core', 'major-core', 'elective', 5, null, true, true, 'numeric', 145)
on conflict (id) do update set
  program_id = excluded.program_id,
  catalog_course_id = excluded.catalog_course_id,
  group_id = excluded.group_id,
  category = excluded.category,
  kind = excluded.kind,
  suggested_term = excluded.suggested_term,
  notes = excluded.notes,
  counts_toward_gpa = excluded.counts_toward_gpa,
  counts_toward_progress = excluded.counts_toward_progress,
  grading_mode = excluded.grading_mode,
  display_order = excluded.display_order;

insert into public.courses (id, program_id, group_id, category, code, title, credits, lecture_hours, practice_hours, lab_hours, kind, suggested_term, notes, counts_toward_gpa, counts_toward_progress, grading_mode)
values ('ktpm-2024-csc18104', 'ktpm-2024', 'ktpm-2024-major-core', 'major-core', 'CSC18104', 'Nhập môn hệ thống đa tác nhân', 4, 45, 30, 0, 'elective', 5, null, true, true, 'numeric')
on conflict (id) do update set
  group_id = excluded.group_id,
  category = excluded.category,
  code = excluded.code,
  title = excluded.title,
  credits = excluded.credits,
  lecture_hours = excluded.lecture_hours,
  practice_hours = excluded.practice_hours,
  lab_hours = excluded.lab_hours,
  kind = excluded.kind,
  suggested_term = excluded.suggested_term,
  notes = excluded.notes,
  counts_toward_gpa = excluded.counts_toward_gpa,
  counts_toward_progress = excluded.counts_toward_progress,
  grading_mode = excluded.grading_mode;

insert into public.program_courses (id, program_id, catalog_course_id, group_id, category, kind, suggested_term, notes, counts_toward_gpa, counts_toward_progress, grading_mode, display_order)
values ('ktpm-2024-baa00003', 'ktpm-2024', 'BAA00003', 'ktpm-2024-general-education', 'general-education', 'required', 8, null, true, true, 'numeric', 146)
on conflict (id) do update set
  program_id = excluded.program_id,
  catalog_course_id = excluded.catalog_course_id,
  group_id = excluded.group_id,
  category = excluded.category,
  kind = excluded.kind,
  suggested_term = excluded.suggested_term,
  notes = excluded.notes,
  counts_toward_gpa = excluded.counts_toward_gpa,
  counts_toward_progress = excluded.counts_toward_progress,
  grading_mode = excluded.grading_mode,
  display_order = excluded.display_order;

insert into public.courses (id, program_id, group_id, category, code, title, credits, lecture_hours, practice_hours, lab_hours, kind, suggested_term, notes, counts_toward_gpa, counts_toward_progress, grading_mode)
values ('ktpm-2024-baa00003', 'ktpm-2024', 'ktpm-2024-general-education', 'general-education', 'BAA00003', 'Tư tưởng Hồ Chí Minh', 2, 30, 0, 0, 'required', 8, null, true, true, 'numeric')
on conflict (id) do update set
  group_id = excluded.group_id,
  category = excluded.category,
  code = excluded.code,
  title = excluded.title,
  credits = excluded.credits,
  lecture_hours = excluded.lecture_hours,
  practice_hours = excluded.practice_hours,
  lab_hours = excluded.lab_hours,
  kind = excluded.kind,
  suggested_term = excluded.suggested_term,
  notes = excluded.notes,
  counts_toward_gpa = excluded.counts_toward_gpa,
  counts_toward_progress = excluded.counts_toward_progress,
  grading_mode = excluded.grading_mode;

insert into public.program_courses (id, program_id, catalog_course_id, group_id, category, kind, suggested_term, notes, counts_toward_gpa, counts_toward_progress, grading_mode, display_order)
values ('ktpm-2024-csc10204', 'ktpm-2024', 'CSC10204', 'ktpm-2024-graduation', 'graduation', 'graduation', 8, null, true, true, 'numeric', 147)
on conflict (id) do update set
  program_id = excluded.program_id,
  catalog_course_id = excluded.catalog_course_id,
  group_id = excluded.group_id,
  category = excluded.category,
  kind = excluded.kind,
  suggested_term = excluded.suggested_term,
  notes = excluded.notes,
  counts_toward_gpa = excluded.counts_toward_gpa,
  counts_toward_progress = excluded.counts_toward_progress,
  grading_mode = excluded.grading_mode,
  display_order = excluded.display_order;

insert into public.courses (id, program_id, group_id, category, code, title, credits, lecture_hours, practice_hours, lab_hours, kind, suggested_term, notes, counts_toward_gpa, counts_toward_progress, grading_mode)
values ('ktpm-2024-csc10204', 'ktpm-2024', 'ktpm-2024-graduation', 'graduation', 'CSC10204', 'Thực tập dự án tốt nghiệp', 6, 0, 0, 180, 'graduation', 8, null, true, true, 'numeric')
on conflict (id) do update set
  group_id = excluded.group_id,
  category = excluded.category,
  code = excluded.code,
  title = excluded.title,
  credits = excluded.credits,
  lecture_hours = excluded.lecture_hours,
  practice_hours = excluded.practice_hours,
  lab_hours = excluded.lab_hours,
  kind = excluded.kind,
  suggested_term = excluded.suggested_term,
  notes = excluded.notes,
  counts_toward_gpa = excluded.counts_toward_gpa,
  counts_toward_progress = excluded.counts_toward_progress,
  grading_mode = excluded.grading_mode;

insert into public.program_courses (id, program_id, catalog_course_id, group_id, category, kind, suggested_term, notes, counts_toward_gpa, counts_toward_progress, grading_mode, display_order)
values ('ktpm-2024-csc10251', 'ktpm-2024', 'CSC10251', 'ktpm-2024-graduation', 'graduation', 'graduation', 8, null, true, true, 'numeric', 148)
on conflict (id) do update set
  program_id = excluded.program_id,
  catalog_course_id = excluded.catalog_course_id,
  group_id = excluded.group_id,
  category = excluded.category,
  kind = excluded.kind,
  suggested_term = excluded.suggested_term,
  notes = excluded.notes,
  counts_toward_gpa = excluded.counts_toward_gpa,
  counts_toward_progress = excluded.counts_toward_progress,
  grading_mode = excluded.grading_mode,
  display_order = excluded.display_order;

insert into public.courses (id, program_id, group_id, category, code, title, credits, lecture_hours, practice_hours, lab_hours, kind, suggested_term, notes, counts_toward_gpa, counts_toward_progress, grading_mode)
values ('ktpm-2024-csc10251', 'ktpm-2024', 'ktpm-2024-graduation', 'graduation', 'CSC10251', 'Khóa luận tốt nghiệp', 10, 0, 0, 300, 'graduation', 8, null, true, true, 'numeric')
on conflict (id) do update set
  group_id = excluded.group_id,
  category = excluded.category,
  code = excluded.code,
  title = excluded.title,
  credits = excluded.credits,
  lecture_hours = excluded.lecture_hours,
  practice_hours = excluded.practice_hours,
  lab_hours = excluded.lab_hours,
  kind = excluded.kind,
  suggested_term = excluded.suggested_term,
  notes = excluded.notes,
  counts_toward_gpa = excluded.counts_toward_gpa,
  counts_toward_progress = excluded.counts_toward_progress,
  grading_mode = excluded.grading_mode;

insert into public.program_courses (id, program_id, catalog_course_id, group_id, category, kind, suggested_term, notes, counts_toward_gpa, counts_toward_progress, grading_mode, display_order)
values ('ktpm-2024-csc10252', 'ktpm-2024', 'CSC10252', 'ktpm-2024-graduation', 'graduation', 'graduation', 8, null, true, true, 'numeric', 149)
on conflict (id) do update set
  program_id = excluded.program_id,
  catalog_course_id = excluded.catalog_course_id,
  group_id = excluded.group_id,
  category = excluded.category,
  kind = excluded.kind,
  suggested_term = excluded.suggested_term,
  notes = excluded.notes,
  counts_toward_gpa = excluded.counts_toward_gpa,
  counts_toward_progress = excluded.counts_toward_progress,
  grading_mode = excluded.grading_mode,
  display_order = excluded.display_order;

insert into public.courses (id, program_id, group_id, category, code, title, credits, lecture_hours, practice_hours, lab_hours, kind, suggested_term, notes, counts_toward_gpa, counts_toward_progress, grading_mode)
values ('ktpm-2024-csc10252', 'ktpm-2024', 'ktpm-2024-graduation', 'graduation', 'CSC10252', 'Thực tập tốt nghiệp', 10, 0, 0, 300, 'graduation', 8, null, true, true, 'numeric')
on conflict (id) do update set
  group_id = excluded.group_id,
  category = excluded.category,
  code = excluded.code,
  title = excluded.title,
  credits = excluded.credits,
  lecture_hours = excluded.lecture_hours,
  practice_hours = excluded.practice_hours,
  lab_hours = excluded.lab_hours,
  kind = excluded.kind,
  suggested_term = excluded.suggested_term,
  notes = excluded.notes,
  counts_toward_gpa = excluded.counts_toward_gpa,
  counts_toward_progress = excluded.counts_toward_progress,
  grading_mode = excluded.grading_mode;

insert into public.program_courses (id, program_id, catalog_course_id, group_id, category, kind, suggested_term, notes, counts_toward_gpa, counts_toward_progress, grading_mode, display_order)
values ('ktpm-2024-csc13101', 'ktpm-2024', 'CSC13101', 'ktpm-2024-major-core', 'major-core', 'elective', 8, null, true, true, 'numeric', 150)
on conflict (id) do update set
  program_id = excluded.program_id,
  catalog_course_id = excluded.catalog_course_id,
  group_id = excluded.group_id,
  category = excluded.category,
  kind = excluded.kind,
  suggested_term = excluded.suggested_term,
  notes = excluded.notes,
  counts_toward_gpa = excluded.counts_toward_gpa,
  counts_toward_progress = excluded.counts_toward_progress,
  grading_mode = excluded.grading_mode,
  display_order = excluded.display_order;

insert into public.courses (id, program_id, group_id, category, code, title, credits, lecture_hours, practice_hours, lab_hours, kind, suggested_term, notes, counts_toward_gpa, counts_toward_progress, grading_mode)
values ('ktpm-2024-csc13101', 'ktpm-2024', 'ktpm-2024-major-core', 'major-core', 'CSC13101', 'Các chủ đề nâng cao trong Công nghệ phần mềm', 4, 45, 30, 0, 'elective', 8, null, true, true, 'numeric')
on conflict (id) do update set
  group_id = excluded.group_id,
  category = excluded.category,
  code = excluded.code,
  title = excluded.title,
  credits = excluded.credits,
  lecture_hours = excluded.lecture_hours,
  practice_hours = excluded.practice_hours,
  lab_hours = excluded.lab_hours,
  kind = excluded.kind,
  suggested_term = excluded.suggested_term,
  notes = excluded.notes,
  counts_toward_gpa = excluded.counts_toward_gpa,
  counts_toward_progress = excluded.counts_toward_progress,
  grading_mode = excluded.grading_mode;

insert into public.program_courses (id, program_id, catalog_course_id, group_id, category, kind, suggested_term, notes, counts_toward_gpa, counts_toward_progress, grading_mode, display_order)
values ('ktpm-2024-csc13117', 'ktpm-2024', 'CSC13117', 'ktpm-2024-major-core', 'major-core', 'elective', 8, null, true, true, 'numeric', 151)
on conflict (id) do update set
  program_id = excluded.program_id,
  catalog_course_id = excluded.catalog_course_id,
  group_id = excluded.group_id,
  category = excluded.category,
  kind = excluded.kind,
  suggested_term = excluded.suggested_term,
  notes = excluded.notes,
  counts_toward_gpa = excluded.counts_toward_gpa,
  counts_toward_progress = excluded.counts_toward_progress,
  grading_mode = excluded.grading_mode,
  display_order = excluded.display_order;

insert into public.courses (id, program_id, group_id, category, code, title, credits, lecture_hours, practice_hours, lab_hours, kind, suggested_term, notes, counts_toward_gpa, counts_toward_progress, grading_mode)
values ('ktpm-2024-csc13117', 'ktpm-2024', 'ktpm-2024-major-core', 'major-core', 'CSC13117', 'Phát triển game nâng cao', 4, 45, 30, 0, 'elective', 8, null, true, true, 'numeric')
on conflict (id) do update set
  group_id = excluded.group_id,
  category = excluded.category,
  code = excluded.code,
  title = excluded.title,
  credits = excluded.credits,
  lecture_hours = excluded.lecture_hours,
  practice_hours = excluded.practice_hours,
  lab_hours = excluded.lab_hours,
  kind = excluded.kind,
  suggested_term = excluded.suggested_term,
  notes = excluded.notes,
  counts_toward_gpa = excluded.counts_toward_gpa,
  counts_toward_progress = excluded.counts_toward_progress,
  grading_mode = excluded.grading_mode;

insert into public.programs (id, code, name, english_name, degree, duration_years, total_credits, source_note, curriculum_coverage_note)
values ('httt-2024', '7480104', 'Hệ thống thông tin', 'Information Systems', 'Cử nhân Hệ thống thông tin', 4, 138, 'Dữ liệu curriculum được chuẩn hóa từ bộ docs HCMUS khóa tuyển 2024.', 'Bao phủ đầy đủ phần chương trình đào tạo chính của CTĐT HTTT khóa 2024; runtime chỉ dùng dữ liệu seed đã chuẩn hóa, không parse PDF.')
on conflict (id) do update set
  code = excluded.code,
  name = excluded.name,
  english_name = excluded.english_name,
  degree = excluded.degree,
  duration_years = excluded.duration_years,
  total_credits = excluded.total_credits,
  source_note = excluded.source_note,
  curriculum_coverage_note = excluded.curriculum_coverage_note;

insert into public.course_groups (id, program_id, title, category, required_credits, description, display_order)
values ('httt-2024-general-education', 'httt-2024', 'Giáo dục đại cương', 'general-education', 56, 'Khối kiến thức đại cương tính vào tín chỉ tốt nghiệp; không kể Ngoại ngữ, GDTC và GDQPAN.', 1)
on conflict (id) do update set
  title = excluded.title,
  category = excluded.category,
  required_credits = excluded.required_credits,
  description = excluded.description,
  display_order = excluded.display_order;

insert into public.course_groups (id, program_id, title, category, required_credits, description, display_order)
values ('httt-2024-foundation', 'httt-2024', 'Cơ sở ngành', 'foundation', 38, 'Khối kiến thức nền tảng và cơ sở của ngành công nghệ thông tin.', 2)
on conflict (id) do update set
  title = excluded.title,
  category = excluded.category,
  required_credits = excluded.required_credits,
  description = excluded.description,
  display_order = excluded.display_order;

insert into public.course_groups (id, program_id, title, category, required_credits, description, display_order)
values ('httt-2024-major-core', 'httt-2024', 'Ngành chuyên ngành', 'major-core', 16, 'Các học phần chuyên ngành bắt buộc theo định hướng chương trình.', 3)
on conflict (id) do update set
  title = excluded.title,
  category = excluded.category,
  required_credits = excluded.required_credits,
  description = excluded.description,
  display_order = excluded.display_order;

insert into public.course_groups (id, program_id, title, category, required_credits, description, display_order)
values ('httt-2024-major-elective', 'httt-2024', 'Tự chọn chuyên ngành', 'major-elective', 18, 'Các học phần tự chọn ngành, chuyên ngành và học phần mở rộng theo CTĐT.', 4)
on conflict (id) do update set
  title = excluded.title,
  category = excluded.category,
  required_credits = excluded.required_credits,
  description = excluded.description,
  display_order = excluded.display_order;

insert into public.course_groups (id, program_id, title, category, required_credits, description, display_order)
values ('httt-2024-graduation', 'httt-2024', 'Tốt nghiệp', 'graduation', 10, 'Thực tập, đồ án, khóa luận và các học phần tốt nghiệp.', 5)
on conflict (id) do update set
  title = excluded.title,
  category = excluded.category,
  required_credits = excluded.required_credits,
  description = excluded.description,
  display_order = excluded.display_order;

insert into public.program_requirement_sections (id, program_id, title, category, required_credits, elective_credits, free_elective_credits, total_credits, counts_toward_program_total, source_note, display_order)
values ('httt-2024-general-education-requirement', 'httt-2024', 'Giáo dục đại cương (I)', 'general-education', 42, 14, 0, 56, true, 'Theo bảng tổng hợp CTĐT khóa 2024; không kể Ngoại ngữ, GDTC và GDQPAN.', 1)
on conflict (id) do update set
  title = excluded.title,
  category = excluded.category,
  required_credits = excluded.required_credits,
  elective_credits = excluded.elective_credits,
  free_elective_credits = excluded.free_elective_credits,
  total_credits = excluded.total_credits,
  counts_toward_program_total = excluded.counts_toward_program_total,
  source_note = excluded.source_note,
  display_order = excluded.display_order;

insert into public.program_requirement_sections (id, program_id, title, category, required_credits, elective_credits, free_elective_credits, total_credits, counts_toward_program_total, source_note, display_order)
values ('httt-2024-foundation-requirement', 'httt-2024', 'Cơ sở ngành (2)', 'foundation', 38, 0, 0, 38, true, 'Theo bảng tổng hợp CTĐT khóa 2024.', 2)
on conflict (id) do update set
  title = excluded.title,
  category = excluded.category,
  required_credits = excluded.required_credits,
  elective_credits = excluded.elective_credits,
  free_elective_credits = excluded.free_elective_credits,
  total_credits = excluded.total_credits,
  counts_toward_program_total = excluded.counts_toward_program_total,
  source_note = excluded.source_note,
  display_order = excluded.display_order;

insert into public.program_requirement_sections (id, program_id, title, category, required_credits, elective_credits, free_elective_credits, total_credits, counts_toward_program_total, source_note, display_order)
values ('httt-2024-major-requirement', 'httt-2024', 'Chuyên ngành (3)', 'major', 16, 8, 10, 34, true, 'Theo bảng tổng hợp CTĐT khóa 2024; app hiện hiển thị tổng, chưa khóa hướng chuyên ngành.', 3)
on conflict (id) do update set
  title = excluded.title,
  category = excluded.category,
  required_credits = excluded.required_credits,
  elective_credits = excluded.elective_credits,
  free_elective_credits = excluded.free_elective_credits,
  total_credits = excluded.total_credits,
  counts_toward_program_total = excluded.counts_toward_program_total,
  source_note = excluded.source_note,
  display_order = excluded.display_order;

insert into public.program_requirement_sections (id, program_id, title, category, required_credits, elective_credits, free_elective_credits, total_credits, counts_toward_program_total, source_note, display_order)
values ('httt-2024-graduation-requirement', 'httt-2024', 'Tốt nghiệp (4)', 'graduation', 0, 10, 0, 10, true, 'Theo bảng tổng hợp CTĐT khóa 2024.', 4)
on conflict (id) do update set
  title = excluded.title,
  category = excluded.category,
  required_credits = excluded.required_credits,
  elective_credits = excluded.elective_credits,
  free_elective_credits = excluded.free_elective_credits,
  total_credits = excluded.total_credits,
  counts_toward_program_total = excluded.counts_toward_program_total,
  source_note = excluded.source_note,
  display_order = excluded.display_order;

insert into public.program_courses (id, program_id, catalog_course_id, group_id, category, kind, suggested_term, notes, counts_toward_gpa, counts_toward_progress, grading_mode, display_order)
values ('httt-2024-add00031', 'httt-2024', 'ADD00031', 'httt-2024-general-education', 'general-education', 'required', 1, null, false, false, 'numeric_or_pass_fail', 1)
on conflict (id) do update set
  program_id = excluded.program_id,
  catalog_course_id = excluded.catalog_course_id,
  group_id = excluded.group_id,
  category = excluded.category,
  kind = excluded.kind,
  suggested_term = excluded.suggested_term,
  notes = excluded.notes,
  counts_toward_gpa = excluded.counts_toward_gpa,
  counts_toward_progress = excluded.counts_toward_progress,
  grading_mode = excluded.grading_mode,
  display_order = excluded.display_order;

insert into public.courses (id, program_id, group_id, category, code, title, credits, lecture_hours, practice_hours, lab_hours, kind, suggested_term, notes, counts_toward_gpa, counts_toward_progress, grading_mode)
values ('httt-2024-add00031', 'httt-2024', 'httt-2024-general-education', 'general-education', 'ADD00031', 'Anh văn 1', 3, 30, 30, 0, 'required', 1, null, false, false, 'numeric_or_pass_fail')
on conflict (id) do update set
  group_id = excluded.group_id,
  category = excluded.category,
  code = excluded.code,
  title = excluded.title,
  credits = excluded.credits,
  lecture_hours = excluded.lecture_hours,
  practice_hours = excluded.practice_hours,
  lab_hours = excluded.lab_hours,
  kind = excluded.kind,
  suggested_term = excluded.suggested_term,
  notes = excluded.notes,
  counts_toward_gpa = excluded.counts_toward_gpa,
  counts_toward_progress = excluded.counts_toward_progress,
  grading_mode = excluded.grading_mode;

insert into public.program_courses (id, program_id, catalog_course_id, group_id, category, kind, suggested_term, notes, counts_toward_gpa, counts_toward_progress, grading_mode, display_order)
values ('httt-2024-add00032', 'httt-2024', 'ADD00032', 'httt-2024-general-education', 'general-education', 'required', 1, null, false, false, 'numeric_or_pass_fail', 2)
on conflict (id) do update set
  program_id = excluded.program_id,
  catalog_course_id = excluded.catalog_course_id,
  group_id = excluded.group_id,
  category = excluded.category,
  kind = excluded.kind,
  suggested_term = excluded.suggested_term,
  notes = excluded.notes,
  counts_toward_gpa = excluded.counts_toward_gpa,
  counts_toward_progress = excluded.counts_toward_progress,
  grading_mode = excluded.grading_mode,
  display_order = excluded.display_order;

insert into public.courses (id, program_id, group_id, category, code, title, credits, lecture_hours, practice_hours, lab_hours, kind, suggested_term, notes, counts_toward_gpa, counts_toward_progress, grading_mode)
values ('httt-2024-add00032', 'httt-2024', 'httt-2024-general-education', 'general-education', 'ADD00032', 'Anh văn 2', 3, 30, 30, 0, 'required', 1, null, false, false, 'numeric_or_pass_fail')
on conflict (id) do update set
  group_id = excluded.group_id,
  category = excluded.category,
  code = excluded.code,
  title = excluded.title,
  credits = excluded.credits,
  lecture_hours = excluded.lecture_hours,
  practice_hours = excluded.practice_hours,
  lab_hours = excluded.lab_hours,
  kind = excluded.kind,
  suggested_term = excluded.suggested_term,
  notes = excluded.notes,
  counts_toward_gpa = excluded.counts_toward_gpa,
  counts_toward_progress = excluded.counts_toward_progress,
  grading_mode = excluded.grading_mode;

insert into public.program_courses (id, program_id, catalog_course_id, group_id, category, kind, suggested_term, notes, counts_toward_gpa, counts_toward_progress, grading_mode, display_order)
values ('httt-2024-add00033', 'httt-2024', 'ADD00033', 'httt-2024-general-education', 'general-education', 'required', 1, null, false, false, 'numeric_or_pass_fail', 3)
on conflict (id) do update set
  program_id = excluded.program_id,
  catalog_course_id = excluded.catalog_course_id,
  group_id = excluded.group_id,
  category = excluded.category,
  kind = excluded.kind,
  suggested_term = excluded.suggested_term,
  notes = excluded.notes,
  counts_toward_gpa = excluded.counts_toward_gpa,
  counts_toward_progress = excluded.counts_toward_progress,
  grading_mode = excluded.grading_mode,
  display_order = excluded.display_order;

insert into public.courses (id, program_id, group_id, category, code, title, credits, lecture_hours, practice_hours, lab_hours, kind, suggested_term, notes, counts_toward_gpa, counts_toward_progress, grading_mode)
values ('httt-2024-add00033', 'httt-2024', 'httt-2024-general-education', 'general-education', 'ADD00033', 'Anh văn 3', 3, 30, 30, 0, 'required', 1, null, false, false, 'numeric_or_pass_fail')
on conflict (id) do update set
  group_id = excluded.group_id,
  category = excluded.category,
  code = excluded.code,
  title = excluded.title,
  credits = excluded.credits,
  lecture_hours = excluded.lecture_hours,
  practice_hours = excluded.practice_hours,
  lab_hours = excluded.lab_hours,
  kind = excluded.kind,
  suggested_term = excluded.suggested_term,
  notes = excluded.notes,
  counts_toward_gpa = excluded.counts_toward_gpa,
  counts_toward_progress = excluded.counts_toward_progress,
  grading_mode = excluded.grading_mode;

insert into public.program_courses (id, program_id, catalog_course_id, group_id, category, kind, suggested_term, notes, counts_toward_gpa, counts_toward_progress, grading_mode, display_order)
values ('httt-2024-baa00004', 'httt-2024', 'BAA00004', 'httt-2024-general-education', 'general-education', 'required', 1, null, true, true, 'numeric', 4)
on conflict (id) do update set
  program_id = excluded.program_id,
  catalog_course_id = excluded.catalog_course_id,
  group_id = excluded.group_id,
  category = excluded.category,
  kind = excluded.kind,
  suggested_term = excluded.suggested_term,
  notes = excluded.notes,
  counts_toward_gpa = excluded.counts_toward_gpa,
  counts_toward_progress = excluded.counts_toward_progress,
  grading_mode = excluded.grading_mode,
  display_order = excluded.display_order;

insert into public.courses (id, program_id, group_id, category, code, title, credits, lecture_hours, practice_hours, lab_hours, kind, suggested_term, notes, counts_toward_gpa, counts_toward_progress, grading_mode)
values ('httt-2024-baa00004', 'httt-2024', 'httt-2024-general-education', 'general-education', 'BAA00004', 'Pháp luật đại cương', 3, 45, 0, 0, 'required', 1, null, true, true, 'numeric')
on conflict (id) do update set
  group_id = excluded.group_id,
  category = excluded.category,
  code = excluded.code,
  title = excluded.title,
  credits = excluded.credits,
  lecture_hours = excluded.lecture_hours,
  practice_hours = excluded.practice_hours,
  lab_hours = excluded.lab_hours,
  kind = excluded.kind,
  suggested_term = excluded.suggested_term,
  notes = excluded.notes,
  counts_toward_gpa = excluded.counts_toward_gpa,
  counts_toward_progress = excluded.counts_toward_progress,
  grading_mode = excluded.grading_mode;

insert into public.program_courses (id, program_id, catalog_course_id, group_id, category, kind, suggested_term, notes, counts_toward_gpa, counts_toward_progress, grading_mode, display_order)
values ('httt-2024-baa00021', 'httt-2024', 'BAA00021', 'httt-2024-general-education', 'general-education', 'required', 1, null, false, false, 'numeric_or_pass_fail', 5)
on conflict (id) do update set
  program_id = excluded.program_id,
  catalog_course_id = excluded.catalog_course_id,
  group_id = excluded.group_id,
  category = excluded.category,
  kind = excluded.kind,
  suggested_term = excluded.suggested_term,
  notes = excluded.notes,
  counts_toward_gpa = excluded.counts_toward_gpa,
  counts_toward_progress = excluded.counts_toward_progress,
  grading_mode = excluded.grading_mode,
  display_order = excluded.display_order;

insert into public.courses (id, program_id, group_id, category, code, title, credits, lecture_hours, practice_hours, lab_hours, kind, suggested_term, notes, counts_toward_gpa, counts_toward_progress, grading_mode)
values ('httt-2024-baa00021', 'httt-2024', 'httt-2024-general-education', 'general-education', 'BAA00021', 'Thể dục 1', 2, 15, 30, 0, 'required', 1, null, false, false, 'numeric_or_pass_fail')
on conflict (id) do update set
  group_id = excluded.group_id,
  category = excluded.category,
  code = excluded.code,
  title = excluded.title,
  credits = excluded.credits,
  lecture_hours = excluded.lecture_hours,
  practice_hours = excluded.practice_hours,
  lab_hours = excluded.lab_hours,
  kind = excluded.kind,
  suggested_term = excluded.suggested_term,
  notes = excluded.notes,
  counts_toward_gpa = excluded.counts_toward_gpa,
  counts_toward_progress = excluded.counts_toward_progress,
  grading_mode = excluded.grading_mode;

insert into public.program_courses (id, program_id, catalog_course_id, group_id, category, kind, suggested_term, notes, counts_toward_gpa, counts_toward_progress, grading_mode, display_order)
values ('httt-2024-baa00022', 'httt-2024', 'BAA00022', 'httt-2024-general-education', 'general-education', 'required', 1, null, false, false, 'numeric_or_pass_fail', 6)
on conflict (id) do update set
  program_id = excluded.program_id,
  catalog_course_id = excluded.catalog_course_id,
  group_id = excluded.group_id,
  category = excluded.category,
  kind = excluded.kind,
  suggested_term = excluded.suggested_term,
  notes = excluded.notes,
  counts_toward_gpa = excluded.counts_toward_gpa,
  counts_toward_progress = excluded.counts_toward_progress,
  grading_mode = excluded.grading_mode,
  display_order = excluded.display_order;

insert into public.courses (id, program_id, group_id, category, code, title, credits, lecture_hours, practice_hours, lab_hours, kind, suggested_term, notes, counts_toward_gpa, counts_toward_progress, grading_mode)
values ('httt-2024-baa00022', 'httt-2024', 'httt-2024-general-education', 'general-education', 'BAA00022', 'Thể dục 2', 2, 15, 30, 0, 'required', 1, null, false, false, 'numeric_or_pass_fail')
on conflict (id) do update set
  group_id = excluded.group_id,
  category = excluded.category,
  code = excluded.code,
  title = excluded.title,
  credits = excluded.credits,
  lecture_hours = excluded.lecture_hours,
  practice_hours = excluded.practice_hours,
  lab_hours = excluded.lab_hours,
  kind = excluded.kind,
  suggested_term = excluded.suggested_term,
  notes = excluded.notes,
  counts_toward_gpa = excluded.counts_toward_gpa,
  counts_toward_progress = excluded.counts_toward_progress,
  grading_mode = excluded.grading_mode;

insert into public.program_courses (id, program_id, catalog_course_id, group_id, category, kind, suggested_term, notes, counts_toward_gpa, counts_toward_progress, grading_mode, display_order)
values ('httt-2024-baa00103', 'httt-2024', 'BAA00103', 'httt-2024-general-education', 'general-education', 'required', 1, null, true, true, 'numeric', 7)
on conflict (id) do update set
  program_id = excluded.program_id,
  catalog_course_id = excluded.catalog_course_id,
  group_id = excluded.group_id,
  category = excluded.category,
  kind = excluded.kind,
  suggested_term = excluded.suggested_term,
  notes = excluded.notes,
  counts_toward_gpa = excluded.counts_toward_gpa,
  counts_toward_progress = excluded.counts_toward_progress,
  grading_mode = excluded.grading_mode,
  display_order = excluded.display_order;

insert into public.courses (id, program_id, group_id, category, code, title, credits, lecture_hours, practice_hours, lab_hours, kind, suggested_term, notes, counts_toward_gpa, counts_toward_progress, grading_mode)
values ('httt-2024-baa00103', 'httt-2024', 'httt-2024-general-education', 'general-education', 'BAA00103', 'Chủ nghĩa xã hội khoa học', 2, 30, 0, 0, 'required', 1, null, true, true, 'numeric')
on conflict (id) do update set
  group_id = excluded.group_id,
  category = excluded.category,
  code = excluded.code,
  title = excluded.title,
  credits = excluded.credits,
  lecture_hours = excluded.lecture_hours,
  practice_hours = excluded.practice_hours,
  lab_hours = excluded.lab_hours,
  kind = excluded.kind,
  suggested_term = excluded.suggested_term,
  notes = excluded.notes,
  counts_toward_gpa = excluded.counts_toward_gpa,
  counts_toward_progress = excluded.counts_toward_progress,
  grading_mode = excluded.grading_mode;

insert into public.program_courses (id, program_id, catalog_course_id, group_id, category, kind, suggested_term, notes, counts_toward_gpa, counts_toward_progress, grading_mode, display_order)
values ('httt-2024-baa00104', 'httt-2024', 'BAA00104', 'httt-2024-general-education', 'general-education', 'required', 1, null, true, true, 'numeric', 8)
on conflict (id) do update set
  program_id = excluded.program_id,
  catalog_course_id = excluded.catalog_course_id,
  group_id = excluded.group_id,
  category = excluded.category,
  kind = excluded.kind,
  suggested_term = excluded.suggested_term,
  notes = excluded.notes,
  counts_toward_gpa = excluded.counts_toward_gpa,
  counts_toward_progress = excluded.counts_toward_progress,
  grading_mode = excluded.grading_mode,
  display_order = excluded.display_order;

insert into public.courses (id, program_id, group_id, category, code, title, credits, lecture_hours, practice_hours, lab_hours, kind, suggested_term, notes, counts_toward_gpa, counts_toward_progress, grading_mode)
values ('httt-2024-baa00104', 'httt-2024', 'httt-2024-general-education', 'general-education', 'BAA00104', 'Lịch sử Đảng Cộng sản Việt Nam', 2, 30, 0, 0, 'required', 1, null, true, true, 'numeric')
on conflict (id) do update set
  group_id = excluded.group_id,
  category = excluded.category,
  code = excluded.code,
  title = excluded.title,
  credits = excluded.credits,
  lecture_hours = excluded.lecture_hours,
  practice_hours = excluded.practice_hours,
  lab_hours = excluded.lab_hours,
  kind = excluded.kind,
  suggested_term = excluded.suggested_term,
  notes = excluded.notes,
  counts_toward_gpa = excluded.counts_toward_gpa,
  counts_toward_progress = excluded.counts_toward_progress,
  grading_mode = excluded.grading_mode;

insert into public.program_courses (id, program_id, catalog_course_id, group_id, category, kind, suggested_term, notes, counts_toward_gpa, counts_toward_progress, grading_mode, display_order)
values ('httt-2024-bio00001', 'httt-2024', 'BIO00001', 'httt-2024-general-education', 'general-education', 'elective', 1, null, true, true, 'numeric', 9)
on conflict (id) do update set
  program_id = excluded.program_id,
  catalog_course_id = excluded.catalog_course_id,
  group_id = excluded.group_id,
  category = excluded.category,
  kind = excluded.kind,
  suggested_term = excluded.suggested_term,
  notes = excluded.notes,
  counts_toward_gpa = excluded.counts_toward_gpa,
  counts_toward_progress = excluded.counts_toward_progress,
  grading_mode = excluded.grading_mode,
  display_order = excluded.display_order;

insert into public.courses (id, program_id, group_id, category, code, title, credits, lecture_hours, practice_hours, lab_hours, kind, suggested_term, notes, counts_toward_gpa, counts_toward_progress, grading_mode)
values ('httt-2024-bio00001', 'httt-2024', 'httt-2024-general-education', 'general-education', 'BIO00001', 'Sinh đại cương 1', 3, 45, 0, 0, 'elective', 1, null, true, true, 'numeric')
on conflict (id) do update set
  group_id = excluded.group_id,
  category = excluded.category,
  code = excluded.code,
  title = excluded.title,
  credits = excluded.credits,
  lecture_hours = excluded.lecture_hours,
  practice_hours = excluded.practice_hours,
  lab_hours = excluded.lab_hours,
  kind = excluded.kind,
  suggested_term = excluded.suggested_term,
  notes = excluded.notes,
  counts_toward_gpa = excluded.counts_toward_gpa,
  counts_toward_progress = excluded.counts_toward_progress,
  grading_mode = excluded.grading_mode;

insert into public.program_courses (id, program_id, catalog_course_id, group_id, category, kind, suggested_term, notes, counts_toward_gpa, counts_toward_progress, grading_mode, display_order)
values ('httt-2024-bio00002', 'httt-2024', 'BIO00002', 'httt-2024-general-education', 'general-education', 'elective', 1, null, true, true, 'numeric', 10)
on conflict (id) do update set
  program_id = excluded.program_id,
  catalog_course_id = excluded.catalog_course_id,
  group_id = excluded.group_id,
  category = excluded.category,
  kind = excluded.kind,
  suggested_term = excluded.suggested_term,
  notes = excluded.notes,
  counts_toward_gpa = excluded.counts_toward_gpa,
  counts_toward_progress = excluded.counts_toward_progress,
  grading_mode = excluded.grading_mode,
  display_order = excluded.display_order;

insert into public.courses (id, program_id, group_id, category, code, title, credits, lecture_hours, practice_hours, lab_hours, kind, suggested_term, notes, counts_toward_gpa, counts_toward_progress, grading_mode)
values ('httt-2024-bio00002', 'httt-2024', 'httt-2024-general-education', 'general-education', 'BIO00002', 'Sinh đại cương 2', 3, 45, 0, 0, 'elective', 1, null, true, true, 'numeric')
on conflict (id) do update set
  group_id = excluded.group_id,
  category = excluded.category,
  code = excluded.code,
  title = excluded.title,
  credits = excluded.credits,
  lecture_hours = excluded.lecture_hours,
  practice_hours = excluded.practice_hours,
  lab_hours = excluded.lab_hours,
  kind = excluded.kind,
  suggested_term = excluded.suggested_term,
  notes = excluded.notes,
  counts_toward_gpa = excluded.counts_toward_gpa,
  counts_toward_progress = excluded.counts_toward_progress,
  grading_mode = excluded.grading_mode;

insert into public.program_courses (id, program_id, catalog_course_id, group_id, category, kind, suggested_term, notes, counts_toward_gpa, counts_toward_progress, grading_mode, display_order)
values ('httt-2024-bio00081', 'httt-2024', 'BIO00081', 'httt-2024-general-education', 'general-education', 'elective', 1, null, true, true, 'numeric', 11)
on conflict (id) do update set
  program_id = excluded.program_id,
  catalog_course_id = excluded.catalog_course_id,
  group_id = excluded.group_id,
  category = excluded.category,
  kind = excluded.kind,
  suggested_term = excluded.suggested_term,
  notes = excluded.notes,
  counts_toward_gpa = excluded.counts_toward_gpa,
  counts_toward_progress = excluded.counts_toward_progress,
  grading_mode = excluded.grading_mode,
  display_order = excluded.display_order;

insert into public.courses (id, program_id, group_id, category, code, title, credits, lecture_hours, practice_hours, lab_hours, kind, suggested_term, notes, counts_toward_gpa, counts_toward_progress, grading_mode)
values ('httt-2024-bio00081', 'httt-2024', 'httt-2024-general-education', 'general-education', 'BIO00081', 'Thực tập Sinh đại cương 1', 1, 0, 30, 0, 'elective', 1, null, true, true, 'numeric')
on conflict (id) do update set
  group_id = excluded.group_id,
  category = excluded.category,
  code = excluded.code,
  title = excluded.title,
  credits = excluded.credits,
  lecture_hours = excluded.lecture_hours,
  practice_hours = excluded.practice_hours,
  lab_hours = excluded.lab_hours,
  kind = excluded.kind,
  suggested_term = excluded.suggested_term,
  notes = excluded.notes,
  counts_toward_gpa = excluded.counts_toward_gpa,
  counts_toward_progress = excluded.counts_toward_progress,
  grading_mode = excluded.grading_mode;

insert into public.program_courses (id, program_id, catalog_course_id, group_id, category, kind, suggested_term, notes, counts_toward_gpa, counts_toward_progress, grading_mode, display_order)
values ('httt-2024-bio00082', 'httt-2024', 'BIO00082', 'httt-2024-general-education', 'general-education', 'elective', 1, null, true, true, 'numeric', 12)
on conflict (id) do update set
  program_id = excluded.program_id,
  catalog_course_id = excluded.catalog_course_id,
  group_id = excluded.group_id,
  category = excluded.category,
  kind = excluded.kind,
  suggested_term = excluded.suggested_term,
  notes = excluded.notes,
  counts_toward_gpa = excluded.counts_toward_gpa,
  counts_toward_progress = excluded.counts_toward_progress,
  grading_mode = excluded.grading_mode,
  display_order = excluded.display_order;

insert into public.courses (id, program_id, group_id, category, code, title, credits, lecture_hours, practice_hours, lab_hours, kind, suggested_term, notes, counts_toward_gpa, counts_toward_progress, grading_mode)
values ('httt-2024-bio00082', 'httt-2024', 'httt-2024-general-education', 'general-education', 'BIO00082', 'Thực tập Sinh đại cương 2', 1, 0, 30, 0, 'elective', 1, null, true, true, 'numeric')
on conflict (id) do update set
  group_id = excluded.group_id,
  category = excluded.category,
  code = excluded.code,
  title = excluded.title,
  credits = excluded.credits,
  lecture_hours = excluded.lecture_hours,
  practice_hours = excluded.practice_hours,
  lab_hours = excluded.lab_hours,
  kind = excluded.kind,
  suggested_term = excluded.suggested_term,
  notes = excluded.notes,
  counts_toward_gpa = excluded.counts_toward_gpa,
  counts_toward_progress = excluded.counts_toward_progress,
  grading_mode = excluded.grading_mode;

insert into public.program_courses (id, program_id, catalog_course_id, group_id, category, kind, suggested_term, notes, counts_toward_gpa, counts_toward_progress, grading_mode, display_order)
values ('httt-2024-che00001', 'httt-2024', 'CHE00001', 'httt-2024-general-education', 'general-education', 'elective', 1, null, true, true, 'numeric', 13)
on conflict (id) do update set
  program_id = excluded.program_id,
  catalog_course_id = excluded.catalog_course_id,
  group_id = excluded.group_id,
  category = excluded.category,
  kind = excluded.kind,
  suggested_term = excluded.suggested_term,
  notes = excluded.notes,
  counts_toward_gpa = excluded.counts_toward_gpa,
  counts_toward_progress = excluded.counts_toward_progress,
  grading_mode = excluded.grading_mode,
  display_order = excluded.display_order;

insert into public.courses (id, program_id, group_id, category, code, title, credits, lecture_hours, practice_hours, lab_hours, kind, suggested_term, notes, counts_toward_gpa, counts_toward_progress, grading_mode)
values ('httt-2024-che00001', 'httt-2024', 'httt-2024-general-education', 'general-education', 'CHE00001', 'Hóa đại cương 1', 3, 30, 0, 30, 'elective', 1, null, true, true, 'numeric')
on conflict (id) do update set
  group_id = excluded.group_id,
  category = excluded.category,
  code = excluded.code,
  title = excluded.title,
  credits = excluded.credits,
  lecture_hours = excluded.lecture_hours,
  practice_hours = excluded.practice_hours,
  lab_hours = excluded.lab_hours,
  kind = excluded.kind,
  suggested_term = excluded.suggested_term,
  notes = excluded.notes,
  counts_toward_gpa = excluded.counts_toward_gpa,
  counts_toward_progress = excluded.counts_toward_progress,
  grading_mode = excluded.grading_mode;

insert into public.program_courses (id, program_id, catalog_course_id, group_id, category, kind, suggested_term, notes, counts_toward_gpa, counts_toward_progress, grading_mode, display_order)
values ('httt-2024-che00002', 'httt-2024', 'CHE00002', 'httt-2024-general-education', 'general-education', 'elective', 1, null, true, true, 'numeric', 14)
on conflict (id) do update set
  program_id = excluded.program_id,
  catalog_course_id = excluded.catalog_course_id,
  group_id = excluded.group_id,
  category = excluded.category,
  kind = excluded.kind,
  suggested_term = excluded.suggested_term,
  notes = excluded.notes,
  counts_toward_gpa = excluded.counts_toward_gpa,
  counts_toward_progress = excluded.counts_toward_progress,
  grading_mode = excluded.grading_mode,
  display_order = excluded.display_order;

insert into public.courses (id, program_id, group_id, category, code, title, credits, lecture_hours, practice_hours, lab_hours, kind, suggested_term, notes, counts_toward_gpa, counts_toward_progress, grading_mode)
values ('httt-2024-che00002', 'httt-2024', 'httt-2024-general-education', 'general-education', 'CHE00002', 'Hóa đại cương 2', 3, 30, 0, 30, 'elective', 1, null, true, true, 'numeric')
on conflict (id) do update set
  group_id = excluded.group_id,
  category = excluded.category,
  code = excluded.code,
  title = excluded.title,
  credits = excluded.credits,
  lecture_hours = excluded.lecture_hours,
  practice_hours = excluded.practice_hours,
  lab_hours = excluded.lab_hours,
  kind = excluded.kind,
  suggested_term = excluded.suggested_term,
  notes = excluded.notes,
  counts_toward_gpa = excluded.counts_toward_gpa,
  counts_toward_progress = excluded.counts_toward_progress,
  grading_mode = excluded.grading_mode;

insert into public.program_courses (id, program_id, catalog_course_id, group_id, category, kind, suggested_term, notes, counts_toward_gpa, counts_toward_progress, grading_mode, display_order)
values ('httt-2024-che00081', 'httt-2024', 'CHE00081', 'httt-2024-general-education', 'general-education', 'elective', 1, null, true, true, 'numeric', 15)
on conflict (id) do update set
  program_id = excluded.program_id,
  catalog_course_id = excluded.catalog_course_id,
  group_id = excluded.group_id,
  category = excluded.category,
  kind = excluded.kind,
  suggested_term = excluded.suggested_term,
  notes = excluded.notes,
  counts_toward_gpa = excluded.counts_toward_gpa,
  counts_toward_progress = excluded.counts_toward_progress,
  grading_mode = excluded.grading_mode,
  display_order = excluded.display_order;

insert into public.courses (id, program_id, group_id, category, code, title, credits, lecture_hours, practice_hours, lab_hours, kind, suggested_term, notes, counts_toward_gpa, counts_toward_progress, grading_mode)
values ('httt-2024-che00081', 'httt-2024', 'httt-2024-general-education', 'general-education', 'CHE00081', 'Thực hành Hóa đại cương 1', 2, 0, 60, 0, 'elective', 1, null, true, true, 'numeric')
on conflict (id) do update set
  group_id = excluded.group_id,
  category = excluded.category,
  code = excluded.code,
  title = excluded.title,
  credits = excluded.credits,
  lecture_hours = excluded.lecture_hours,
  practice_hours = excluded.practice_hours,
  lab_hours = excluded.lab_hours,
  kind = excluded.kind,
  suggested_term = excluded.suggested_term,
  notes = excluded.notes,
  counts_toward_gpa = excluded.counts_toward_gpa,
  counts_toward_progress = excluded.counts_toward_progress,
  grading_mode = excluded.grading_mode;

insert into public.program_courses (id, program_id, catalog_course_id, group_id, category, kind, suggested_term, notes, counts_toward_gpa, counts_toward_progress, grading_mode, display_order)
values ('httt-2024-che00082', 'httt-2024', 'CHE00082', 'httt-2024-general-education', 'general-education', 'elective', 1, null, true, true, 'numeric', 16)
on conflict (id) do update set
  program_id = excluded.program_id,
  catalog_course_id = excluded.catalog_course_id,
  group_id = excluded.group_id,
  category = excluded.category,
  kind = excluded.kind,
  suggested_term = excluded.suggested_term,
  notes = excluded.notes,
  counts_toward_gpa = excluded.counts_toward_gpa,
  counts_toward_progress = excluded.counts_toward_progress,
  grading_mode = excluded.grading_mode,
  display_order = excluded.display_order;

insert into public.courses (id, program_id, group_id, category, code, title, credits, lecture_hours, practice_hours, lab_hours, kind, suggested_term, notes, counts_toward_gpa, counts_toward_progress, grading_mode)
values ('httt-2024-che00082', 'httt-2024', 'httt-2024-general-education', 'general-education', 'CHE00082', 'Thực hành Hóa đại cương 2', 2, 0, 60, 0, 'elective', 1, null, true, true, 'numeric')
on conflict (id) do update set
  group_id = excluded.group_id,
  category = excluded.category,
  code = excluded.code,
  title = excluded.title,
  credits = excluded.credits,
  lecture_hours = excluded.lecture_hours,
  practice_hours = excluded.practice_hours,
  lab_hours = excluded.lab_hours,
  kind = excluded.kind,
  suggested_term = excluded.suggested_term,
  notes = excluded.notes,
  counts_toward_gpa = excluded.counts_toward_gpa,
  counts_toward_progress = excluded.counts_toward_progress,
  grading_mode = excluded.grading_mode;

insert into public.program_courses (id, program_id, catalog_course_id, group_id, category, kind, suggested_term, notes, counts_toward_gpa, counts_toward_progress, grading_mode, display_order)
values ('httt-2024-env00001', 'httt-2024', 'ENV00001', 'httt-2024-general-education', 'general-education', 'elective', 1, null, true, true, 'numeric', 17)
on conflict (id) do update set
  program_id = excluded.program_id,
  catalog_course_id = excluded.catalog_course_id,
  group_id = excluded.group_id,
  category = excluded.category,
  kind = excluded.kind,
  suggested_term = excluded.suggested_term,
  notes = excluded.notes,
  counts_toward_gpa = excluded.counts_toward_gpa,
  counts_toward_progress = excluded.counts_toward_progress,
  grading_mode = excluded.grading_mode,
  display_order = excluded.display_order;

insert into public.courses (id, program_id, group_id, category, code, title, credits, lecture_hours, practice_hours, lab_hours, kind, suggested_term, notes, counts_toward_gpa, counts_toward_progress, grading_mode)
values ('httt-2024-env00001', 'httt-2024', 'httt-2024-general-education', 'general-education', 'ENV00001', 'Môi trường đại cương', 2, 30, 0, 0, 'elective', 1, null, true, true, 'numeric')
on conflict (id) do update set
  group_id = excluded.group_id,
  category = excluded.category,
  code = excluded.code,
  title = excluded.title,
  credits = excluded.credits,
  lecture_hours = excluded.lecture_hours,
  practice_hours = excluded.practice_hours,
  lab_hours = excluded.lab_hours,
  kind = excluded.kind,
  suggested_term = excluded.suggested_term,
  notes = excluded.notes,
  counts_toward_gpa = excluded.counts_toward_gpa,
  counts_toward_progress = excluded.counts_toward_progress,
  grading_mode = excluded.grading_mode;

insert into public.program_courses (id, program_id, catalog_course_id, group_id, category, kind, suggested_term, notes, counts_toward_gpa, counts_toward_progress, grading_mode, display_order)
values ('httt-2024-env00003', 'httt-2024', 'ENV00003', 'httt-2024-general-education', 'general-education', 'elective', 1, null, true, true, 'numeric', 18)
on conflict (id) do update set
  program_id = excluded.program_id,
  catalog_course_id = excluded.catalog_course_id,
  group_id = excluded.group_id,
  category = excluded.category,
  kind = excluded.kind,
  suggested_term = excluded.suggested_term,
  notes = excluded.notes,
  counts_toward_gpa = excluded.counts_toward_gpa,
  counts_toward_progress = excluded.counts_toward_progress,
  grading_mode = excluded.grading_mode,
  display_order = excluded.display_order;

insert into public.courses (id, program_id, group_id, category, code, title, credits, lecture_hours, practice_hours, lab_hours, kind, suggested_term, notes, counts_toward_gpa, counts_toward_progress, grading_mode)
values ('httt-2024-env00003', 'httt-2024', 'httt-2024-general-education', 'general-education', 'ENV00003', 'Con người và môi trường', 2, 30, 0, 0, 'elective', 1, null, true, true, 'numeric')
on conflict (id) do update set
  group_id = excluded.group_id,
  category = excluded.category,
  code = excluded.code,
  title = excluded.title,
  credits = excluded.credits,
  lecture_hours = excluded.lecture_hours,
  practice_hours = excluded.practice_hours,
  lab_hours = excluded.lab_hours,
  kind = excluded.kind,
  suggested_term = excluded.suggested_term,
  notes = excluded.notes,
  counts_toward_gpa = excluded.counts_toward_gpa,
  counts_toward_progress = excluded.counts_toward_progress,
  grading_mode = excluded.grading_mode;

insert into public.program_courses (id, program_id, catalog_course_id, group_id, category, kind, suggested_term, notes, counts_toward_gpa, counts_toward_progress, grading_mode, display_order)
values ('httt-2024-geo00002', 'httt-2024', 'GEO00002', 'httt-2024-general-education', 'general-education', 'elective', 1, null, true, true, 'numeric', 19)
on conflict (id) do update set
  program_id = excluded.program_id,
  catalog_course_id = excluded.catalog_course_id,
  group_id = excluded.group_id,
  category = excluded.category,
  kind = excluded.kind,
  suggested_term = excluded.suggested_term,
  notes = excluded.notes,
  counts_toward_gpa = excluded.counts_toward_gpa,
  counts_toward_progress = excluded.counts_toward_progress,
  grading_mode = excluded.grading_mode,
  display_order = excluded.display_order;

insert into public.courses (id, program_id, group_id, category, code, title, credits, lecture_hours, practice_hours, lab_hours, kind, suggested_term, notes, counts_toward_gpa, counts_toward_progress, grading_mode)
values ('httt-2024-geo00002', 'httt-2024', 'httt-2024-general-education', 'general-education', 'GEO00002', 'Khoa học Trái đất', 2, 30, 0, 0, 'elective', 1, null, true, true, 'numeric')
on conflict (id) do update set
  group_id = excluded.group_id,
  category = excluded.category,
  code = excluded.code,
  title = excluded.title,
  credits = excluded.credits,
  lecture_hours = excluded.lecture_hours,
  practice_hours = excluded.practice_hours,
  lab_hours = excluded.lab_hours,
  kind = excluded.kind,
  suggested_term = excluded.suggested_term,
  notes = excluded.notes,
  counts_toward_gpa = excluded.counts_toward_gpa,
  counts_toward_progress = excluded.counts_toward_progress,
  grading_mode = excluded.grading_mode;

insert into public.program_courses (id, program_id, catalog_course_id, group_id, category, kind, suggested_term, notes, counts_toward_gpa, counts_toward_progress, grading_mode, display_order)
values ('httt-2024-mth00021', 'httt-2024', 'MTH00021', 'httt-2024-general-education', 'general-education', 'required', 1, null, true, true, 'numeric', 20)
on conflict (id) do update set
  program_id = excluded.program_id,
  catalog_course_id = excluded.catalog_course_id,
  group_id = excluded.group_id,
  category = excluded.category,
  kind = excluded.kind,
  suggested_term = excluded.suggested_term,
  notes = excluded.notes,
  counts_toward_gpa = excluded.counts_toward_gpa,
  counts_toward_progress = excluded.counts_toward_progress,
  grading_mode = excluded.grading_mode,
  display_order = excluded.display_order;

insert into public.courses (id, program_id, group_id, category, code, title, credits, lecture_hours, practice_hours, lab_hours, kind, suggested_term, notes, counts_toward_gpa, counts_toward_progress, grading_mode)
values ('httt-2024-mth00021', 'httt-2024', 'httt-2024-general-education', 'general-education', 'MTH00021', 'Vi tích phân 1', 4, 45, 30, 0, 'required', 1, null, true, true, 'numeric')
on conflict (id) do update set
  group_id = excluded.group_id,
  category = excluded.category,
  code = excluded.code,
  title = excluded.title,
  credits = excluded.credits,
  lecture_hours = excluded.lecture_hours,
  practice_hours = excluded.practice_hours,
  lab_hours = excluded.lab_hours,
  kind = excluded.kind,
  suggested_term = excluded.suggested_term,
  notes = excluded.notes,
  counts_toward_gpa = excluded.counts_toward_gpa,
  counts_toward_progress = excluded.counts_toward_progress,
  grading_mode = excluded.grading_mode;

insert into public.program_courses (id, program_id, catalog_course_id, group_id, category, kind, suggested_term, notes, counts_toward_gpa, counts_toward_progress, grading_mode, display_order)
values ('httt-2024-mth00022', 'httt-2024', 'MTH00022', 'httt-2024-general-education', 'general-education', 'required', 1, null, true, true, 'numeric', 21)
on conflict (id) do update set
  program_id = excluded.program_id,
  catalog_course_id = excluded.catalog_course_id,
  group_id = excluded.group_id,
  category = excluded.category,
  kind = excluded.kind,
  suggested_term = excluded.suggested_term,
  notes = excluded.notes,
  counts_toward_gpa = excluded.counts_toward_gpa,
  counts_toward_progress = excluded.counts_toward_progress,
  grading_mode = excluded.grading_mode,
  display_order = excluded.display_order;

insert into public.courses (id, program_id, group_id, category, code, title, credits, lecture_hours, practice_hours, lab_hours, kind, suggested_term, notes, counts_toward_gpa, counts_toward_progress, grading_mode)
values ('httt-2024-mth00022', 'httt-2024', 'httt-2024-general-education', 'general-education', 'MTH00022', 'Vi tích phân 2', 4, 45, 30, 0, 'required', 1, null, true, true, 'numeric')
on conflict (id) do update set
  group_id = excluded.group_id,
  category = excluded.category,
  code = excluded.code,
  title = excluded.title,
  credits = excluded.credits,
  lecture_hours = excluded.lecture_hours,
  practice_hours = excluded.practice_hours,
  lab_hours = excluded.lab_hours,
  kind = excluded.kind,
  suggested_term = excluded.suggested_term,
  notes = excluded.notes,
  counts_toward_gpa = excluded.counts_toward_gpa,
  counts_toward_progress = excluded.counts_toward_progress,
  grading_mode = excluded.grading_mode;

insert into public.program_courses (id, program_id, catalog_course_id, group_id, category, kind, suggested_term, notes, counts_toward_gpa, counts_toward_progress, grading_mode, display_order)
values ('httt-2024-mth00035', 'httt-2024', 'MTH00035', 'httt-2024-general-education', 'general-education', 'required', 1, null, true, true, 'numeric', 22)
on conflict (id) do update set
  program_id = excluded.program_id,
  catalog_course_id = excluded.catalog_course_id,
  group_id = excluded.group_id,
  category = excluded.category,
  kind = excluded.kind,
  suggested_term = excluded.suggested_term,
  notes = excluded.notes,
  counts_toward_gpa = excluded.counts_toward_gpa,
  counts_toward_progress = excluded.counts_toward_progress,
  grading_mode = excluded.grading_mode,
  display_order = excluded.display_order;

insert into public.courses (id, program_id, group_id, category, code, title, credits, lecture_hours, practice_hours, lab_hours, kind, suggested_term, notes, counts_toward_gpa, counts_toward_progress, grading_mode)
values ('httt-2024-mth00035', 'httt-2024', 'httt-2024-general-education', 'general-education', 'MTH00035', 'Đại số tuyến tính', 4, 45, 30, 0, 'required', 1, null, true, true, 'numeric')
on conflict (id) do update set
  group_id = excluded.group_id,
  category = excluded.category,
  code = excluded.code,
  title = excluded.title,
  credits = excluded.credits,
  lecture_hours = excluded.lecture_hours,
  practice_hours = excluded.practice_hours,
  lab_hours = excluded.lab_hours,
  kind = excluded.kind,
  suggested_term = excluded.suggested_term,
  notes = excluded.notes,
  counts_toward_gpa = excluded.counts_toward_gpa,
  counts_toward_progress = excluded.counts_toward_progress,
  grading_mode = excluded.grading_mode;

insert into public.program_courses (id, program_id, catalog_course_id, group_id, category, kind, suggested_term, notes, counts_toward_gpa, counts_toward_progress, grading_mode, display_order)
values ('httt-2024-mth00044', 'httt-2024', 'MTH00044', 'httt-2024-general-education', 'general-education', 'required', 1, null, true, true, 'numeric', 23)
on conflict (id) do update set
  program_id = excluded.program_id,
  catalog_course_id = excluded.catalog_course_id,
  group_id = excluded.group_id,
  category = excluded.category,
  kind = excluded.kind,
  suggested_term = excluded.suggested_term,
  notes = excluded.notes,
  counts_toward_gpa = excluded.counts_toward_gpa,
  counts_toward_progress = excluded.counts_toward_progress,
  grading_mode = excluded.grading_mode,
  display_order = excluded.display_order;

insert into public.courses (id, program_id, group_id, category, code, title, credits, lecture_hours, practice_hours, lab_hours, kind, suggested_term, notes, counts_toward_gpa, counts_toward_progress, grading_mode)
values ('httt-2024-mth00044', 'httt-2024', 'httt-2024-general-education', 'general-education', 'MTH00044', 'Xác suất thống kê', 4, 45, 30, 0, 'required', 1, null, true, true, 'numeric')
on conflict (id) do update set
  group_id = excluded.group_id,
  category = excluded.category,
  code = excluded.code,
  title = excluded.title,
  credits = excluded.credits,
  lecture_hours = excluded.lecture_hours,
  practice_hours = excluded.practice_hours,
  lab_hours = excluded.lab_hours,
  kind = excluded.kind,
  suggested_term = excluded.suggested_term,
  notes = excluded.notes,
  counts_toward_gpa = excluded.counts_toward_gpa,
  counts_toward_progress = excluded.counts_toward_progress,
  grading_mode = excluded.grading_mode;

insert into public.program_courses (id, program_id, catalog_course_id, group_id, category, kind, suggested_term, notes, counts_toward_gpa, counts_toward_progress, grading_mode, display_order)
values ('httt-2024-mth00045', 'httt-2024', 'MTH00045', 'httt-2024-general-education', 'general-education', 'required', 1, null, true, true, 'numeric', 24)
on conflict (id) do update set
  program_id = excluded.program_id,
  catalog_course_id = excluded.catalog_course_id,
  group_id = excluded.group_id,
  category = excluded.category,
  kind = excluded.kind,
  suggested_term = excluded.suggested_term,
  notes = excluded.notes,
  counts_toward_gpa = excluded.counts_toward_gpa,
  counts_toward_progress = excluded.counts_toward_progress,
  grading_mode = excluded.grading_mode,
  display_order = excluded.display_order;

insert into public.courses (id, program_id, group_id, category, code, title, credits, lecture_hours, practice_hours, lab_hours, kind, suggested_term, notes, counts_toward_gpa, counts_toward_progress, grading_mode)
values ('httt-2024-mth00045', 'httt-2024', 'httt-2024-general-education', 'general-education', 'MTH00045', 'Toán rời rạc', 4, 45, 30, 0, 'required', 1, null, true, true, 'numeric')
on conflict (id) do update set
  group_id = excluded.group_id,
  category = excluded.category,
  code = excluded.code,
  title = excluded.title,
  credits = excluded.credits,
  lecture_hours = excluded.lecture_hours,
  practice_hours = excluded.practice_hours,
  lab_hours = excluded.lab_hours,
  kind = excluded.kind,
  suggested_term = excluded.suggested_term,
  notes = excluded.notes,
  counts_toward_gpa = excluded.counts_toward_gpa,
  counts_toward_progress = excluded.counts_toward_progress,
  grading_mode = excluded.grading_mode;

insert into public.program_courses (id, program_id, catalog_course_id, group_id, category, kind, suggested_term, notes, counts_toward_gpa, counts_toward_progress, grading_mode, display_order)
values ('httt-2024-mth00050', 'httt-2024', 'MTH00050', 'httt-2024-general-education', 'general-education', 'required', 1, null, true, true, 'numeric', 25)
on conflict (id) do update set
  program_id = excluded.program_id,
  catalog_course_id = excluded.catalog_course_id,
  group_id = excluded.group_id,
  category = excluded.category,
  kind = excluded.kind,
  suggested_term = excluded.suggested_term,
  notes = excluded.notes,
  counts_toward_gpa = excluded.counts_toward_gpa,
  counts_toward_progress = excluded.counts_toward_progress,
  grading_mode = excluded.grading_mode,
  display_order = excluded.display_order;

insert into public.courses (id, program_id, group_id, category, code, title, credits, lecture_hours, practice_hours, lab_hours, kind, suggested_term, notes, counts_toward_gpa, counts_toward_progress, grading_mode)
values ('httt-2024-mth00050', 'httt-2024', 'httt-2024-general-education', 'general-education', 'MTH00050', 'Toán học tổ hợp', 4, 45, 30, 0, 'required', 1, null, true, true, 'numeric')
on conflict (id) do update set
  group_id = excluded.group_id,
  category = excluded.category,
  code = excluded.code,
  title = excluded.title,
  credits = excluded.credits,
  lecture_hours = excluded.lecture_hours,
  practice_hours = excluded.practice_hours,
  lab_hours = excluded.lab_hours,
  kind = excluded.kind,
  suggested_term = excluded.suggested_term,
  notes = excluded.notes,
  counts_toward_gpa = excluded.counts_toward_gpa,
  counts_toward_progress = excluded.counts_toward_progress,
  grading_mode = excluded.grading_mode;

insert into public.program_courses (id, program_id, catalog_course_id, group_id, category, kind, suggested_term, notes, counts_toward_gpa, counts_toward_progress, grading_mode, display_order)
values ('httt-2024-phy00001', 'httt-2024', 'PHY00001', 'httt-2024-general-education', 'general-education', 'elective', 1, null, true, true, 'numeric', 26)
on conflict (id) do update set
  program_id = excluded.program_id,
  catalog_course_id = excluded.catalog_course_id,
  group_id = excluded.group_id,
  category = excluded.category,
  kind = excluded.kind,
  suggested_term = excluded.suggested_term,
  notes = excluded.notes,
  counts_toward_gpa = excluded.counts_toward_gpa,
  counts_toward_progress = excluded.counts_toward_progress,
  grading_mode = excluded.grading_mode,
  display_order = excluded.display_order;

insert into public.courses (id, program_id, group_id, category, code, title, credits, lecture_hours, practice_hours, lab_hours, kind, suggested_term, notes, counts_toward_gpa, counts_toward_progress, grading_mode)
values ('httt-2024-phy00001', 'httt-2024', 'httt-2024-general-education', 'general-education', 'PHY00001', 'Vật lý đại cương 1 (Cơ - Nhiệt)', 3, 45, 0, 0, 'elective', 1, null, true, true, 'numeric')
on conflict (id) do update set
  group_id = excluded.group_id,
  category = excluded.category,
  code = excluded.code,
  title = excluded.title,
  credits = excluded.credits,
  lecture_hours = excluded.lecture_hours,
  practice_hours = excluded.practice_hours,
  lab_hours = excluded.lab_hours,
  kind = excluded.kind,
  suggested_term = excluded.suggested_term,
  notes = excluded.notes,
  counts_toward_gpa = excluded.counts_toward_gpa,
  counts_toward_progress = excluded.counts_toward_progress,
  grading_mode = excluded.grading_mode;

insert into public.program_courses (id, program_id, catalog_course_id, group_id, category, kind, suggested_term, notes, counts_toward_gpa, counts_toward_progress, grading_mode, display_order)
values ('httt-2024-phy00081', 'httt-2024', 'PHY00081', 'httt-2024-general-education', 'general-education', 'elective', 1, null, true, true, 'numeric', 27)
on conflict (id) do update set
  program_id = excluded.program_id,
  catalog_course_id = excluded.catalog_course_id,
  group_id = excluded.group_id,
  category = excluded.category,
  kind = excluded.kind,
  suggested_term = excluded.suggested_term,
  notes = excluded.notes,
  counts_toward_gpa = excluded.counts_toward_gpa,
  counts_toward_progress = excluded.counts_toward_progress,
  grading_mode = excluded.grading_mode,
  display_order = excluded.display_order;

insert into public.courses (id, program_id, group_id, category, code, title, credits, lecture_hours, practice_hours, lab_hours, kind, suggested_term, notes, counts_toward_gpa, counts_toward_progress, grading_mode)
values ('httt-2024-phy00081', 'httt-2024', 'httt-2024-general-education', 'general-education', 'PHY00081', 'Thực hành Vật lý đại cương', 2, 0, 60, 0, 'elective', 1, null, true, true, 'numeric')
on conflict (id) do update set
  group_id = excluded.group_id,
  category = excluded.category,
  code = excluded.code,
  title = excluded.title,
  credits = excluded.credits,
  lecture_hours = excluded.lecture_hours,
  practice_hours = excluded.practice_hours,
  lab_hours = excluded.lab_hours,
  kind = excluded.kind,
  suggested_term = excluded.suggested_term,
  notes = excluded.notes,
  counts_toward_gpa = excluded.counts_toward_gpa,
  counts_toward_progress = excluded.counts_toward_progress,
  grading_mode = excluded.grading_mode;

insert into public.program_courses (id, program_id, catalog_course_id, group_id, category, kind, suggested_term, notes, counts_toward_gpa, counts_toward_progress, grading_mode, display_order)
values ('httt-2024-csc00004', 'httt-2024', 'CSC00004', 'httt-2024-foundation', 'foundation', 'required', 2, null, true, true, 'numeric', 28)
on conflict (id) do update set
  program_id = excluded.program_id,
  catalog_course_id = excluded.catalog_course_id,
  group_id = excluded.group_id,
  category = excluded.category,
  kind = excluded.kind,
  suggested_term = excluded.suggested_term,
  notes = excluded.notes,
  counts_toward_gpa = excluded.counts_toward_gpa,
  counts_toward_progress = excluded.counts_toward_progress,
  grading_mode = excluded.grading_mode,
  display_order = excluded.display_order;

insert into public.courses (id, program_id, group_id, category, code, title, credits, lecture_hours, practice_hours, lab_hours, kind, suggested_term, notes, counts_toward_gpa, counts_toward_progress, grading_mode)
values ('httt-2024-csc00004', 'httt-2024', 'httt-2024-foundation', 'foundation', 'CSC00004', 'Nhập môn công nghệ thông tin', 4, 45, 30, 0, 'required', 2, null, true, true, 'numeric')
on conflict (id) do update set
  group_id = excluded.group_id,
  category = excluded.category,
  code = excluded.code,
  title = excluded.title,
  credits = excluded.credits,
  lecture_hours = excluded.lecture_hours,
  practice_hours = excluded.practice_hours,
  lab_hours = excluded.lab_hours,
  kind = excluded.kind,
  suggested_term = excluded.suggested_term,
  notes = excluded.notes,
  counts_toward_gpa = excluded.counts_toward_gpa,
  counts_toward_progress = excluded.counts_toward_progress,
  grading_mode = excluded.grading_mode;

insert into public.program_courses (id, program_id, catalog_course_id, group_id, category, kind, suggested_term, notes, counts_toward_gpa, counts_toward_progress, grading_mode, display_order)
values ('httt-2024-csc10003', 'httt-2024', 'CSC10003', 'httt-2024-foundation', 'foundation', 'required', 2, null, true, true, 'numeric', 29)
on conflict (id) do update set
  program_id = excluded.program_id,
  catalog_course_id = excluded.catalog_course_id,
  group_id = excluded.group_id,
  category = excluded.category,
  kind = excluded.kind,
  suggested_term = excluded.suggested_term,
  notes = excluded.notes,
  counts_toward_gpa = excluded.counts_toward_gpa,
  counts_toward_progress = excluded.counts_toward_progress,
  grading_mode = excluded.grading_mode,
  display_order = excluded.display_order;

insert into public.courses (id, program_id, group_id, category, code, title, credits, lecture_hours, practice_hours, lab_hours, kind, suggested_term, notes, counts_toward_gpa, counts_toward_progress, grading_mode)
values ('httt-2024-csc10003', 'httt-2024', 'httt-2024-foundation', 'foundation', 'CSC10003', 'Phương pháp lập trình hướng đối tượng', 4, 0, 0, 0, 'required', 2, null, true, true, 'numeric')
on conflict (id) do update set
  group_id = excluded.group_id,
  category = excluded.category,
  code = excluded.code,
  title = excluded.title,
  credits = excluded.credits,
  lecture_hours = excluded.lecture_hours,
  practice_hours = excluded.practice_hours,
  lab_hours = excluded.lab_hours,
  kind = excluded.kind,
  suggested_term = excluded.suggested_term,
  notes = excluded.notes,
  counts_toward_gpa = excluded.counts_toward_gpa,
  counts_toward_progress = excluded.counts_toward_progress,
  grading_mode = excluded.grading_mode;

insert into public.program_courses (id, program_id, catalog_course_id, group_id, category, kind, suggested_term, notes, counts_toward_gpa, counts_toward_progress, grading_mode, display_order)
values ('httt-2024-csc10004', 'httt-2024', 'CSC10004', 'httt-2024-foundation', 'foundation', 'required', 2, null, true, true, 'numeric', 30)
on conflict (id) do update set
  program_id = excluded.program_id,
  catalog_course_id = excluded.catalog_course_id,
  group_id = excluded.group_id,
  category = excluded.category,
  kind = excluded.kind,
  suggested_term = excluded.suggested_term,
  notes = excluded.notes,
  counts_toward_gpa = excluded.counts_toward_gpa,
  counts_toward_progress = excluded.counts_toward_progress,
  grading_mode = excluded.grading_mode,
  display_order = excluded.display_order;

insert into public.courses (id, program_id, group_id, category, code, title, credits, lecture_hours, practice_hours, lab_hours, kind, suggested_term, notes, counts_toward_gpa, counts_toward_progress, grading_mode)
values ('httt-2024-csc10004', 'httt-2024', 'httt-2024-foundation', 'foundation', 'CSC10004', 'Cấu trúc dữ liệu và giải thuật', 4, 45, 30, 0, 'required', 2, null, true, true, 'numeric')
on conflict (id) do update set
  group_id = excluded.group_id,
  category = excluded.category,
  code = excluded.code,
  title = excluded.title,
  credits = excluded.credits,
  lecture_hours = excluded.lecture_hours,
  practice_hours = excluded.practice_hours,
  lab_hours = excluded.lab_hours,
  kind = excluded.kind,
  suggested_term = excluded.suggested_term,
  notes = excluded.notes,
  counts_toward_gpa = excluded.counts_toward_gpa,
  counts_toward_progress = excluded.counts_toward_progress,
  grading_mode = excluded.grading_mode;

insert into public.program_courses (id, program_id, catalog_course_id, group_id, category, kind, suggested_term, notes, counts_toward_gpa, counts_toward_progress, grading_mode, display_order)
values ('httt-2024-csc10007', 'httt-2024', 'CSC10007', 'httt-2024-foundation', 'foundation', 'required', 2, null, true, true, 'numeric', 31)
on conflict (id) do update set
  program_id = excluded.program_id,
  catalog_course_id = excluded.catalog_course_id,
  group_id = excluded.group_id,
  category = excluded.category,
  kind = excluded.kind,
  suggested_term = excluded.suggested_term,
  notes = excluded.notes,
  counts_toward_gpa = excluded.counts_toward_gpa,
  counts_toward_progress = excluded.counts_toward_progress,
  grading_mode = excluded.grading_mode,
  display_order = excluded.display_order;

insert into public.courses (id, program_id, group_id, category, code, title, credits, lecture_hours, practice_hours, lab_hours, kind, suggested_term, notes, counts_toward_gpa, counts_toward_progress, grading_mode)
values ('httt-2024-csc10007', 'httt-2024', 'httt-2024-foundation', 'foundation', 'CSC10007', 'Hệ điều hành', 4, 45, 30, 0, 'required', 2, null, true, true, 'numeric')
on conflict (id) do update set
  group_id = excluded.group_id,
  category = excluded.category,
  code = excluded.code,
  title = excluded.title,
  credits = excluded.credits,
  lecture_hours = excluded.lecture_hours,
  practice_hours = excluded.practice_hours,
  lab_hours = excluded.lab_hours,
  kind = excluded.kind,
  suggested_term = excluded.suggested_term,
  notes = excluded.notes,
  counts_toward_gpa = excluded.counts_toward_gpa,
  counts_toward_progress = excluded.counts_toward_progress,
  grading_mode = excluded.grading_mode;

insert into public.program_courses (id, program_id, catalog_course_id, group_id, category, kind, suggested_term, notes, counts_toward_gpa, counts_toward_progress, grading_mode, display_order)
values ('httt-2024-csc10008', 'httt-2024', 'CSC10008', 'httt-2024-foundation', 'foundation', 'required', 2, null, true, true, 'numeric', 32)
on conflict (id) do update set
  program_id = excluded.program_id,
  catalog_course_id = excluded.catalog_course_id,
  group_id = excluded.group_id,
  category = excluded.category,
  kind = excluded.kind,
  suggested_term = excluded.suggested_term,
  notes = excluded.notes,
  counts_toward_gpa = excluded.counts_toward_gpa,
  counts_toward_progress = excluded.counts_toward_progress,
  grading_mode = excluded.grading_mode,
  display_order = excluded.display_order;

insert into public.courses (id, program_id, group_id, category, code, title, credits, lecture_hours, practice_hours, lab_hours, kind, suggested_term, notes, counts_toward_gpa, counts_toward_progress, grading_mode)
values ('httt-2024-csc10008', 'httt-2024', 'httt-2024-foundation', 'foundation', 'CSC10008', 'Mạng máy tính', 4, 45, 30, 0, 'required', 2, null, true, true, 'numeric')
on conflict (id) do update set
  group_id = excluded.group_id,
  category = excluded.category,
  code = excluded.code,
  title = excluded.title,
  credits = excluded.credits,
  lecture_hours = excluded.lecture_hours,
  practice_hours = excluded.practice_hours,
  lab_hours = excluded.lab_hours,
  kind = excluded.kind,
  suggested_term = excluded.suggested_term,
  notes = excluded.notes,
  counts_toward_gpa = excluded.counts_toward_gpa,
  counts_toward_progress = excluded.counts_toward_progress,
  grading_mode = excluded.grading_mode;

insert into public.program_courses (id, program_id, catalog_course_id, group_id, category, kind, suggested_term, notes, counts_toward_gpa, counts_toward_progress, grading_mode, display_order)
values ('httt-2024-csc10012', 'httt-2024', 'CSC10012', 'httt-2024-foundation', 'foundation', 'required', 2, null, true, true, 'numeric', 33)
on conflict (id) do update set
  program_id = excluded.program_id,
  catalog_course_id = excluded.catalog_course_id,
  group_id = excluded.group_id,
  category = excluded.category,
  kind = excluded.kind,
  suggested_term = excluded.suggested_term,
  notes = excluded.notes,
  counts_toward_gpa = excluded.counts_toward_gpa,
  counts_toward_progress = excluded.counts_toward_progress,
  grading_mode = excluded.grading_mode,
  display_order = excluded.display_order;

insert into public.courses (id, program_id, group_id, category, code, title, credits, lecture_hours, practice_hours, lab_hours, kind, suggested_term, notes, counts_toward_gpa, counts_toward_progress, grading_mode)
values ('httt-2024-csc10012', 'httt-2024', 'httt-2024-foundation', 'foundation', 'CSC10012', 'Cơ sở lập trình', 4, 45, 30, 0, 'required', 2, null, true, true, 'numeric')
on conflict (id) do update set
  group_id = excluded.group_id,
  category = excluded.category,
  code = excluded.code,
  title = excluded.title,
  credits = excluded.credits,
  lecture_hours = excluded.lecture_hours,
  practice_hours = excluded.practice_hours,
  lab_hours = excluded.lab_hours,
  kind = excluded.kind,
  suggested_term = excluded.suggested_term,
  notes = excluded.notes,
  counts_toward_gpa = excluded.counts_toward_gpa,
  counts_toward_progress = excluded.counts_toward_progress,
  grading_mode = excluded.grading_mode;

insert into public.program_courses (id, program_id, catalog_course_id, group_id, category, kind, suggested_term, notes, counts_toward_gpa, counts_toward_progress, grading_mode, display_order)
values ('httt-2024-add00034', 'httt-2024', 'ADD00034', 'httt-2024-general-education', 'general-education', 'elective', 4, null, false, false, 'numeric_or_pass_fail', 34)
on conflict (id) do update set
  program_id = excluded.program_id,
  catalog_course_id = excluded.catalog_course_id,
  group_id = excluded.group_id,
  category = excluded.category,
  kind = excluded.kind,
  suggested_term = excluded.suggested_term,
  notes = excluded.notes,
  counts_toward_gpa = excluded.counts_toward_gpa,
  counts_toward_progress = excluded.counts_toward_progress,
  grading_mode = excluded.grading_mode,
  display_order = excluded.display_order;

insert into public.courses (id, program_id, group_id, category, code, title, credits, lecture_hours, practice_hours, lab_hours, kind, suggested_term, notes, counts_toward_gpa, counts_toward_progress, grading_mode)
values ('httt-2024-add00034', 'httt-2024', 'httt-2024-general-education', 'general-education', 'ADD00034', 'Anh văn 4', 3, 30, 30, 0, 'elective', 4, null, false, false, 'numeric_or_pass_fail')
on conflict (id) do update set
  group_id = excluded.group_id,
  category = excluded.category,
  code = excluded.code,
  title = excluded.title,
  credits = excluded.credits,
  lecture_hours = excluded.lecture_hours,
  practice_hours = excluded.practice_hours,
  lab_hours = excluded.lab_hours,
  kind = excluded.kind,
  suggested_term = excluded.suggested_term,
  notes = excluded.notes,
  counts_toward_gpa = excluded.counts_toward_gpa,
  counts_toward_progress = excluded.counts_toward_progress,
  grading_mode = excluded.grading_mode;

insert into public.program_courses (id, program_id, catalog_course_id, group_id, category, kind, suggested_term, notes, counts_toward_gpa, counts_toward_progress, grading_mode, display_order)
values ('httt-2024-baa00005', 'httt-2024', 'BAA00005', 'httt-2024-general-education', 'general-education', 'elective', 4, null, true, true, 'numeric', 35)
on conflict (id) do update set
  program_id = excluded.program_id,
  catalog_course_id = excluded.catalog_course_id,
  group_id = excluded.group_id,
  category = excluded.category,
  kind = excluded.kind,
  suggested_term = excluded.suggested_term,
  notes = excluded.notes,
  counts_toward_gpa = excluded.counts_toward_gpa,
  counts_toward_progress = excluded.counts_toward_progress,
  grading_mode = excluded.grading_mode,
  display_order = excluded.display_order;

insert into public.courses (id, program_id, group_id, category, code, title, credits, lecture_hours, practice_hours, lab_hours, kind, suggested_term, notes, counts_toward_gpa, counts_toward_progress, grading_mode)
values ('httt-2024-baa00005', 'httt-2024', 'httt-2024-general-education', 'general-education', 'BAA00005', 'Kinh tế đại cương', 2, 30, 0, 0, 'elective', 4, null, true, true, 'numeric')
on conflict (id) do update set
  group_id = excluded.group_id,
  category = excluded.category,
  code = excluded.code,
  title = excluded.title,
  credits = excluded.credits,
  lecture_hours = excluded.lecture_hours,
  practice_hours = excluded.practice_hours,
  lab_hours = excluded.lab_hours,
  kind = excluded.kind,
  suggested_term = excluded.suggested_term,
  notes = excluded.notes,
  counts_toward_gpa = excluded.counts_toward_gpa,
  counts_toward_progress = excluded.counts_toward_progress,
  grading_mode = excluded.grading_mode;

insert into public.program_courses (id, program_id, catalog_course_id, group_id, category, kind, suggested_term, notes, counts_toward_gpa, counts_toward_progress, grading_mode, display_order)
values ('httt-2024-baa00006', 'httt-2024', 'BAA00006', 'httt-2024-general-education', 'general-education', 'elective', 4, null, true, true, 'numeric', 36)
on conflict (id) do update set
  program_id = excluded.program_id,
  catalog_course_id = excluded.catalog_course_id,
  group_id = excluded.group_id,
  category = excluded.category,
  kind = excluded.kind,
  suggested_term = excluded.suggested_term,
  notes = excluded.notes,
  counts_toward_gpa = excluded.counts_toward_gpa,
  counts_toward_progress = excluded.counts_toward_progress,
  grading_mode = excluded.grading_mode,
  display_order = excluded.display_order;

insert into public.courses (id, program_id, group_id, category, code, title, credits, lecture_hours, practice_hours, lab_hours, kind, suggested_term, notes, counts_toward_gpa, counts_toward_progress, grading_mode)
values ('httt-2024-baa00006', 'httt-2024', 'httt-2024-general-education', 'general-education', 'BAA00006', 'Tâm lý đại cương', 2, 30, 0, 0, 'elective', 4, null, true, true, 'numeric')
on conflict (id) do update set
  group_id = excluded.group_id,
  category = excluded.category,
  code = excluded.code,
  title = excluded.title,
  credits = excluded.credits,
  lecture_hours = excluded.lecture_hours,
  practice_hours = excluded.practice_hours,
  lab_hours = excluded.lab_hours,
  kind = excluded.kind,
  suggested_term = excluded.suggested_term,
  notes = excluded.notes,
  counts_toward_gpa = excluded.counts_toward_gpa,
  counts_toward_progress = excluded.counts_toward_progress,
  grading_mode = excluded.grading_mode;

insert into public.program_courses (id, program_id, catalog_course_id, group_id, category, kind, suggested_term, notes, counts_toward_gpa, counts_toward_progress, grading_mode, display_order)
values ('httt-2024-baa00007', 'httt-2024', 'BAA00007', 'httt-2024-general-education', 'general-education', 'elective', 4, null, true, true, 'numeric', 37)
on conflict (id) do update set
  program_id = excluded.program_id,
  catalog_course_id = excluded.catalog_course_id,
  group_id = excluded.group_id,
  category = excluded.category,
  kind = excluded.kind,
  suggested_term = excluded.suggested_term,
  notes = excluded.notes,
  counts_toward_gpa = excluded.counts_toward_gpa,
  counts_toward_progress = excluded.counts_toward_progress,
  grading_mode = excluded.grading_mode,
  display_order = excluded.display_order;

insert into public.courses (id, program_id, group_id, category, code, title, credits, lecture_hours, practice_hours, lab_hours, kind, suggested_term, notes, counts_toward_gpa, counts_toward_progress, grading_mode)
values ('httt-2024-baa00007', 'httt-2024', 'httt-2024-general-education', 'general-education', 'BAA00007', 'Phương pháp luận sáng tạo', 2, 30, 0, 0, 'elective', 4, null, true, true, 'numeric')
on conflict (id) do update set
  group_id = excluded.group_id,
  category = excluded.category,
  code = excluded.code,
  title = excluded.title,
  credits = excluded.credits,
  lecture_hours = excluded.lecture_hours,
  practice_hours = excluded.practice_hours,
  lab_hours = excluded.lab_hours,
  kind = excluded.kind,
  suggested_term = excluded.suggested_term,
  notes = excluded.notes,
  counts_toward_gpa = excluded.counts_toward_gpa,
  counts_toward_progress = excluded.counts_toward_progress,
  grading_mode = excluded.grading_mode;

insert into public.program_courses (id, program_id, catalog_course_id, group_id, category, kind, suggested_term, notes, counts_toward_gpa, counts_toward_progress, grading_mode, display_order)
values ('httt-2024-baa00101', 'httt-2024', 'BAA00101', 'httt-2024-general-education', 'general-education', 'required', 4, null, true, true, 'numeric', 38)
on conflict (id) do update set
  program_id = excluded.program_id,
  catalog_course_id = excluded.catalog_course_id,
  group_id = excluded.group_id,
  category = excluded.category,
  kind = excluded.kind,
  suggested_term = excluded.suggested_term,
  notes = excluded.notes,
  counts_toward_gpa = excluded.counts_toward_gpa,
  counts_toward_progress = excluded.counts_toward_progress,
  grading_mode = excluded.grading_mode,
  display_order = excluded.display_order;

insert into public.courses (id, program_id, group_id, category, code, title, credits, lecture_hours, practice_hours, lab_hours, kind, suggested_term, notes, counts_toward_gpa, counts_toward_progress, grading_mode)
values ('httt-2024-baa00101', 'httt-2024', 'httt-2024-general-education', 'general-education', 'BAA00101', 'Triết học Mác - Lênin', 3, 45, 0, 0, 'required', 4, null, true, true, 'numeric')
on conflict (id) do update set
  group_id = excluded.group_id,
  category = excluded.category,
  code = excluded.code,
  title = excluded.title,
  credits = excluded.credits,
  lecture_hours = excluded.lecture_hours,
  practice_hours = excluded.practice_hours,
  lab_hours = excluded.lab_hours,
  kind = excluded.kind,
  suggested_term = excluded.suggested_term,
  notes = excluded.notes,
  counts_toward_gpa = excluded.counts_toward_gpa,
  counts_toward_progress = excluded.counts_toward_progress,
  grading_mode = excluded.grading_mode;

insert into public.program_courses (id, program_id, catalog_course_id, group_id, category, kind, suggested_term, notes, counts_toward_gpa, counts_toward_progress, grading_mode, display_order)
values ('httt-2024-baa00102', 'httt-2024', 'BAA00102', 'httt-2024-general-education', 'general-education', 'required', 4, null, true, true, 'numeric', 39)
on conflict (id) do update set
  program_id = excluded.program_id,
  catalog_course_id = excluded.catalog_course_id,
  group_id = excluded.group_id,
  category = excluded.category,
  kind = excluded.kind,
  suggested_term = excluded.suggested_term,
  notes = excluded.notes,
  counts_toward_gpa = excluded.counts_toward_gpa,
  counts_toward_progress = excluded.counts_toward_progress,
  grading_mode = excluded.grading_mode,
  display_order = excluded.display_order;

insert into public.courses (id, program_id, group_id, category, code, title, credits, lecture_hours, practice_hours, lab_hours, kind, suggested_term, notes, counts_toward_gpa, counts_toward_progress, grading_mode)
values ('httt-2024-baa00102', 'httt-2024', 'httt-2024-general-education', 'general-education', 'BAA00102', 'Kinh tế chính trị Mác - Lênin', 2, 30, 0, 0, 'required', 4, null, true, true, 'numeric')
on conflict (id) do update set
  group_id = excluded.group_id,
  category = excluded.category,
  code = excluded.code,
  title = excluded.title,
  credits = excluded.credits,
  lecture_hours = excluded.lecture_hours,
  practice_hours = excluded.practice_hours,
  lab_hours = excluded.lab_hours,
  kind = excluded.kind,
  suggested_term = excluded.suggested_term,
  notes = excluded.notes,
  counts_toward_gpa = excluded.counts_toward_gpa,
  counts_toward_progress = excluded.counts_toward_progress,
  grading_mode = excluded.grading_mode;

insert into public.program_courses (id, program_id, catalog_course_id, group_id, category, kind, suggested_term, notes, counts_toward_gpa, counts_toward_progress, grading_mode, display_order)
values ('httt-2024-csc10006', 'httt-2024', 'CSC10006', 'httt-2024-foundation', 'foundation', 'required', 4, null, true, true, 'numeric', 40)
on conflict (id) do update set
  program_id = excluded.program_id,
  catalog_course_id = excluded.catalog_course_id,
  group_id = excluded.group_id,
  category = excluded.category,
  kind = excluded.kind,
  suggested_term = excluded.suggested_term,
  notes = excluded.notes,
  counts_toward_gpa = excluded.counts_toward_gpa,
  counts_toward_progress = excluded.counts_toward_progress,
  grading_mode = excluded.grading_mode,
  display_order = excluded.display_order;

insert into public.courses (id, program_id, group_id, category, code, title, credits, lecture_hours, practice_hours, lab_hours, kind, suggested_term, notes, counts_toward_gpa, counts_toward_progress, grading_mode)
values ('httt-2024-csc10006', 'httt-2024', 'httt-2024-foundation', 'foundation', 'CSC10006', 'Cơ sở dữ liệu', 4, 4, 2, 0, 'required', 4, null, true, true, 'numeric')
on conflict (id) do update set
  group_id = excluded.group_id,
  category = excluded.category,
  code = excluded.code,
  title = excluded.title,
  credits = excluded.credits,
  lecture_hours = excluded.lecture_hours,
  practice_hours = excluded.practice_hours,
  lab_hours = excluded.lab_hours,
  kind = excluded.kind,
  suggested_term = excluded.suggested_term,
  notes = excluded.notes,
  counts_toward_gpa = excluded.counts_toward_gpa,
  counts_toward_progress = excluded.counts_toward_progress,
  grading_mode = excluded.grading_mode;

insert into public.program_courses (id, program_id, catalog_course_id, group_id, category, kind, suggested_term, notes, counts_toward_gpa, counts_toward_progress, grading_mode, display_order)
values ('httt-2024-csc10009', 'httt-2024', 'CSC10009', 'httt-2024-foundation', 'foundation', 'required', 4, null, true, true, 'numeric', 41)
on conflict (id) do update set
  program_id = excluded.program_id,
  catalog_course_id = excluded.catalog_course_id,
  group_id = excluded.group_id,
  category = excluded.category,
  kind = excluded.kind,
  suggested_term = excluded.suggested_term,
  notes = excluded.notes,
  counts_toward_gpa = excluded.counts_toward_gpa,
  counts_toward_progress = excluded.counts_toward_progress,
  grading_mode = excluded.grading_mode,
  display_order = excluded.display_order;

insert into public.courses (id, program_id, group_id, category, code, title, credits, lecture_hours, practice_hours, lab_hours, kind, suggested_term, notes, counts_toward_gpa, counts_toward_progress, grading_mode)
values ('httt-2024-csc10009', 'httt-2024', 'httt-2024-foundation', 'foundation', 'CSC10009', 'Hệ thống máy tính', 2, 30, 0, 0, 'required', 4, null, true, true, 'numeric')
on conflict (id) do update set
  group_id = excluded.group_id,
  category = excluded.category,
  code = excluded.code,
  title = excluded.title,
  credits = excluded.credits,
  lecture_hours = excluded.lecture_hours,
  practice_hours = excluded.practice_hours,
  lab_hours = excluded.lab_hours,
  kind = excluded.kind,
  suggested_term = excluded.suggested_term,
  notes = excluded.notes,
  counts_toward_gpa = excluded.counts_toward_gpa,
  counts_toward_progress = excluded.counts_toward_progress,
  grading_mode = excluded.grading_mode;

insert into public.program_courses (id, program_id, catalog_course_id, group_id, category, kind, suggested_term, notes, counts_toward_gpa, counts_toward_progress, grading_mode, display_order)
values ('httt-2024-csc10014', 'httt-2024', 'CSC10014', 'httt-2024-foundation', 'foundation', 'required', 4, null, true, true, 'numeric', 42)
on conflict (id) do update set
  program_id = excluded.program_id,
  catalog_course_id = excluded.catalog_course_id,
  group_id = excluded.group_id,
  category = excluded.category,
  kind = excluded.kind,
  suggested_term = excluded.suggested_term,
  notes = excluded.notes,
  counts_toward_gpa = excluded.counts_toward_gpa,
  counts_toward_progress = excluded.counts_toward_progress,
  grading_mode = excluded.grading_mode,
  display_order = excluded.display_order;

insert into public.courses (id, program_id, group_id, category, code, title, credits, lecture_hours, practice_hours, lab_hours, kind, suggested_term, notes, counts_toward_gpa, counts_toward_progress, grading_mode)
values ('httt-2024-csc10014', 'httt-2024', 'httt-2024-foundation', 'foundation', 'CSC10014', 'Tư duy tính toán', 4, 45, 30, 0, 'required', 4, null, true, true, 'numeric')
on conflict (id) do update set
  group_id = excluded.group_id,
  category = excluded.category,
  code = excluded.code,
  title = excluded.title,
  credits = excluded.credits,
  lecture_hours = excluded.lecture_hours,
  practice_hours = excluded.practice_hours,
  lab_hours = excluded.lab_hours,
  kind = excluded.kind,
  suggested_term = excluded.suggested_term,
  notes = excluded.notes,
  counts_toward_gpa = excluded.counts_toward_gpa,
  counts_toward_progress = excluded.counts_toward_progress,
  grading_mode = excluded.grading_mode;

insert into public.program_courses (id, program_id, catalog_course_id, group_id, category, kind, suggested_term, notes, counts_toward_gpa, counts_toward_progress, grading_mode, display_order)
values ('httt-2024-csc10121', 'httt-2024', 'CSC10121', 'httt-2024-major-core', 'major-core', 'elective', 4, null, true, true, 'numeric', 43)
on conflict (id) do update set
  program_id = excluded.program_id,
  catalog_course_id = excluded.catalog_course_id,
  group_id = excluded.group_id,
  category = excluded.category,
  kind = excluded.kind,
  suggested_term = excluded.suggested_term,
  notes = excluded.notes,
  counts_toward_gpa = excluded.counts_toward_gpa,
  counts_toward_progress = excluded.counts_toward_progress,
  grading_mode = excluded.grading_mode,
  display_order = excluded.display_order;

insert into public.courses (id, program_id, group_id, category, code, title, credits, lecture_hours, practice_hours, lab_hours, kind, suggested_term, notes, counts_toward_gpa, counts_toward_progress, grading_mode)
values ('httt-2024-csc10121', 'httt-2024', 'httt-2024-major-core', 'major-core', 'CSC10121', 'Kỹ năng mềm', 3, 30, 30, 0, 'elective', 4, null, true, true, 'numeric')
on conflict (id) do update set
  group_id = excluded.group_id,
  category = excluded.category,
  code = excluded.code,
  title = excluded.title,
  credits = excluded.credits,
  lecture_hours = excluded.lecture_hours,
  practice_hours = excluded.practice_hours,
  lab_hours = excluded.lab_hours,
  kind = excluded.kind,
  suggested_term = excluded.suggested_term,
  notes = excluded.notes,
  counts_toward_gpa = excluded.counts_toward_gpa,
  counts_toward_progress = excluded.counts_toward_progress,
  grading_mode = excluded.grading_mode;

insert into public.program_courses (id, program_id, catalog_course_id, group_id, category, kind, suggested_term, notes, counts_toward_gpa, counts_toward_progress, grading_mode, display_order)
values ('httt-2024-mth00051', 'httt-2024', 'MTH00051', 'httt-2024-general-education', 'general-education', 'elective', 4, null, true, true, 'numeric', 44)
on conflict (id) do update set
  program_id = excluded.program_id,
  catalog_course_id = excluded.catalog_course_id,
  group_id = excluded.group_id,
  category = excluded.category,
  kind = excluded.kind,
  suggested_term = excluded.suggested_term,
  notes = excluded.notes,
  counts_toward_gpa = excluded.counts_toward_gpa,
  counts_toward_progress = excluded.counts_toward_progress,
  grading_mode = excluded.grading_mode,
  display_order = excluded.display_order;

insert into public.courses (id, program_id, group_id, category, code, title, credits, lecture_hours, practice_hours, lab_hours, kind, suggested_term, notes, counts_toward_gpa, counts_toward_progress, grading_mode)
values ('httt-2024-mth00051', 'httt-2024', 'httt-2024-general-education', 'general-education', 'MTH00051', 'Toán ứng dụng và thống kê', 4, 45, 30, 0, 'elective', 4, null, true, true, 'numeric')
on conflict (id) do update set
  group_id = excluded.group_id,
  category = excluded.category,
  code = excluded.code,
  title = excluded.title,
  credits = excluded.credits,
  lecture_hours = excluded.lecture_hours,
  practice_hours = excluded.practice_hours,
  lab_hours = excluded.lab_hours,
  kind = excluded.kind,
  suggested_term = excluded.suggested_term,
  notes = excluded.notes,
  counts_toward_gpa = excluded.counts_toward_gpa,
  counts_toward_progress = excluded.counts_toward_progress,
  grading_mode = excluded.grading_mode;

insert into public.program_courses (id, program_id, catalog_course_id, group_id, category, kind, suggested_term, notes, counts_toward_gpa, counts_toward_progress, grading_mode, display_order)
values ('httt-2024-mth00052', 'httt-2024', 'MTH00052', 'httt-2024-general-education', 'general-education', 'elective', 4, null, true, true, 'numeric', 45)
on conflict (id) do update set
  program_id = excluded.program_id,
  catalog_course_id = excluded.catalog_course_id,
  group_id = excluded.group_id,
  category = excluded.category,
  kind = excluded.kind,
  suggested_term = excluded.suggested_term,
  notes = excluded.notes,
  counts_toward_gpa = excluded.counts_toward_gpa,
  counts_toward_progress = excluded.counts_toward_progress,
  grading_mode = excluded.grading_mode,
  display_order = excluded.display_order;

insert into public.courses (id, program_id, group_id, category, code, title, credits, lecture_hours, practice_hours, lab_hours, kind, suggested_term, notes, counts_toward_gpa, counts_toward_progress, grading_mode)
values ('httt-2024-mth00052', 'httt-2024', 'httt-2024-general-education', 'general-education', 'MTH00052', 'Phương pháp tính', 4, 45, 30, 0, 'elective', 4, null, true, true, 'numeric')
on conflict (id) do update set
  group_id = excluded.group_id,
  category = excluded.category,
  code = excluded.code,
  title = excluded.title,
  credits = excluded.credits,
  lecture_hours = excluded.lecture_hours,
  practice_hours = excluded.practice_hours,
  lab_hours = excluded.lab_hours,
  kind = excluded.kind,
  suggested_term = excluded.suggested_term,
  notes = excluded.notes,
  counts_toward_gpa = excluded.counts_toward_gpa,
  counts_toward_progress = excluded.counts_toward_progress,
  grading_mode = excluded.grading_mode;

insert into public.program_courses (id, program_id, catalog_course_id, group_id, category, kind, suggested_term, notes, counts_toward_gpa, counts_toward_progress, grading_mode, display_order)
values ('httt-2024-mth00053', 'httt-2024', 'MTH00053', 'httt-2024-general-education', 'general-education', 'elective', 4, null, true, true, 'numeric', 46)
on conflict (id) do update set
  program_id = excluded.program_id,
  catalog_course_id = excluded.catalog_course_id,
  group_id = excluded.group_id,
  category = excluded.category,
  kind = excluded.kind,
  suggested_term = excluded.suggested_term,
  notes = excluded.notes,
  counts_toward_gpa = excluded.counts_toward_gpa,
  counts_toward_progress = excluded.counts_toward_progress,
  grading_mode = excluded.grading_mode,
  display_order = excluded.display_order;

insert into public.courses (id, program_id, group_id, category, code, title, credits, lecture_hours, practice_hours, lab_hours, kind, suggested_term, notes, counts_toward_gpa, counts_toward_progress, grading_mode)
values ('httt-2024-mth00053', 'httt-2024', 'httt-2024-general-education', 'general-education', 'MTH00053', 'Lý thuyết số', 4, 45, 30, 0, 'elective', 4, null, true, true, 'numeric')
on conflict (id) do update set
  group_id = excluded.group_id,
  category = excluded.category,
  code = excluded.code,
  title = excluded.title,
  credits = excluded.credits,
  lecture_hours = excluded.lecture_hours,
  practice_hours = excluded.practice_hours,
  lab_hours = excluded.lab_hours,
  kind = excluded.kind,
  suggested_term = excluded.suggested_term,
  notes = excluded.notes,
  counts_toward_gpa = excluded.counts_toward_gpa,
  counts_toward_progress = excluded.counts_toward_progress,
  grading_mode = excluded.grading_mode;

insert into public.program_courses (id, program_id, catalog_course_id, group_id, category, kind, suggested_term, notes, counts_toward_gpa, counts_toward_progress, grading_mode, display_order)
values ('httt-2024-csc10102', 'httt-2024', 'CSC10102', 'httt-2024-major-core', 'major-core', 'elective', 5, null, true, true, 'numeric', 47)
on conflict (id) do update set
  program_id = excluded.program_id,
  catalog_course_id = excluded.catalog_course_id,
  group_id = excluded.group_id,
  category = excluded.category,
  kind = excluded.kind,
  suggested_term = excluded.suggested_term,
  notes = excluded.notes,
  counts_toward_gpa = excluded.counts_toward_gpa,
  counts_toward_progress = excluded.counts_toward_progress,
  grading_mode = excluded.grading_mode,
  display_order = excluded.display_order;

insert into public.courses (id, program_id, group_id, category, code, title, credits, lecture_hours, practice_hours, lab_hours, kind, suggested_term, notes, counts_toward_gpa, counts_toward_progress, grading_mode)
values ('httt-2024-csc10102', 'httt-2024', 'httt-2024-major-core', 'major-core', 'CSC10102', 'Kiến tập nghề nghiệp kho', 2, 15, 30, 0, 'elective', 5, null, true, true, 'numeric')
on conflict (id) do update set
  group_id = excluded.group_id,
  category = excluded.category,
  code = excluded.code,
  title = excluded.title,
  credits = excluded.credits,
  lecture_hours = excluded.lecture_hours,
  practice_hours = excluded.practice_hours,
  lab_hours = excluded.lab_hours,
  kind = excluded.kind,
  suggested_term = excluded.suggested_term,
  notes = excluded.notes,
  counts_toward_gpa = excluded.counts_toward_gpa,
  counts_toward_progress = excluded.counts_toward_progress,
  grading_mode = excluded.grading_mode;

insert into public.program_courses (id, program_id, catalog_course_id, group_id, category, kind, suggested_term, notes, counts_toward_gpa, counts_toward_progress, grading_mode, display_order)
values ('httt-2024-csc10103', 'httt-2024', 'CSC10103', 'httt-2024-major-core', 'major-core', 'elective', 5, null, true, true, 'numeric', 48)
on conflict (id) do update set
  program_id = excluded.program_id,
  catalog_course_id = excluded.catalog_course_id,
  group_id = excluded.group_id,
  category = excluded.category,
  kind = excluded.kind,
  suggested_term = excluded.suggested_term,
  notes = excluded.notes,
  counts_toward_gpa = excluded.counts_toward_gpa,
  counts_toward_progress = excluded.counts_toward_progress,
  grading_mode = excluded.grading_mode,
  display_order = excluded.display_order;

insert into public.courses (id, program_id, group_id, category, code, title, credits, lecture_hours, practice_hours, lab_hours, kind, suggested_term, notes, counts_toward_gpa, counts_toward_progress, grading_mode)
values ('httt-2024-csc10103', 'httt-2024', 'httt-2024-major-core', 'major-core', 'CSC10103', 'Khởi nghiệp', 3, 30, 30, 0, 'elective', 5, null, true, true, 'numeric')
on conflict (id) do update set
  group_id = excluded.group_id,
  category = excluded.category,
  code = excluded.code,
  title = excluded.title,
  credits = excluded.credits,
  lecture_hours = excluded.lecture_hours,
  practice_hours = excluded.practice_hours,
  lab_hours = excluded.lab_hours,
  kind = excluded.kind,
  suggested_term = excluded.suggested_term,
  notes = excluded.notes,
  counts_toward_gpa = excluded.counts_toward_gpa,
  counts_toward_progress = excluded.counts_toward_progress,
  grading_mode = excluded.grading_mode;

insert into public.program_courses (id, program_id, catalog_course_id, group_id, category, kind, suggested_term, notes, counts_toward_gpa, counts_toward_progress, grading_mode, display_order)
values ('httt-2024-csc10104', 'httt-2024', 'CSC10104', 'httt-2024-major-core', 'major-core', 'elective', 5, null, true, true, 'numeric', 49)
on conflict (id) do update set
  program_id = excluded.program_id,
  catalog_course_id = excluded.catalog_course_id,
  group_id = excluded.group_id,
  category = excluded.category,
  kind = excluded.kind,
  suggested_term = excluded.suggested_term,
  notes = excluded.notes,
  counts_toward_gpa = excluded.counts_toward_gpa,
  counts_toward_progress = excluded.counts_toward_progress,
  grading_mode = excluded.grading_mode,
  display_order = excluded.display_order;

insert into public.courses (id, program_id, group_id, category, code, title, credits, lecture_hours, practice_hours, lab_hours, kind, suggested_term, notes, counts_toward_gpa, counts_toward_progress, grading_mode)
values ('httt-2024-csc10104', 'httt-2024', 'httt-2024-major-core', 'major-core', 'CSC10104', 'Quy hoạch tuyến tính', 4, 45, 30, 0, 'elective', 5, null, true, true, 'numeric')
on conflict (id) do update set
  group_id = excluded.group_id,
  category = excluded.category,
  code = excluded.code,
  title = excluded.title,
  credits = excluded.credits,
  lecture_hours = excluded.lecture_hours,
  practice_hours = excluded.practice_hours,
  lab_hours = excluded.lab_hours,
  kind = excluded.kind,
  suggested_term = excluded.suggested_term,
  notes = excluded.notes,
  counts_toward_gpa = excluded.counts_toward_gpa,
  counts_toward_progress = excluded.counts_toward_progress,
  grading_mode = excluded.grading_mode;

insert into public.program_courses (id, program_id, catalog_course_id, group_id, category, kind, suggested_term, notes, counts_toward_gpa, counts_toward_progress, grading_mode, display_order)
values ('httt-2024-csc10105', 'httt-2024', 'CSC10105', 'httt-2024-major-core', 'major-core', 'elective', 5, null, true, true, 'numeric', 50)
on conflict (id) do update set
  program_id = excluded.program_id,
  catalog_course_id = excluded.catalog_course_id,
  group_id = excluded.group_id,
  category = excluded.category,
  kind = excluded.kind,
  suggested_term = excluded.suggested_term,
  notes = excluded.notes,
  counts_toward_gpa = excluded.counts_toward_gpa,
  counts_toward_progress = excluded.counts_toward_progress,
  grading_mode = excluded.grading_mode,
  display_order = excluded.display_order;

insert into public.courses (id, program_id, group_id, category, code, title, credits, lecture_hours, practice_hours, lab_hours, kind, suggested_term, notes, counts_toward_gpa, counts_toward_progress, grading_mode)
values ('httt-2024-csc10105', 'httt-2024', 'httt-2024-major-core', 'major-core', 'CSC10105', 'Nhập môn tư duy thuật toán', 4, 45, 30, 0, 'elective', 5, null, true, true, 'numeric')
on conflict (id) do update set
  group_id = excluded.group_id,
  category = excluded.category,
  code = excluded.code,
  title = excluded.title,
  credits = excluded.credits,
  lecture_hours = excluded.lecture_hours,
  practice_hours = excluded.practice_hours,
  lab_hours = excluded.lab_hours,
  kind = excluded.kind,
  suggested_term = excluded.suggested_term,
  notes = excluded.notes,
  counts_toward_gpa = excluded.counts_toward_gpa,
  counts_toward_progress = excluded.counts_toward_progress,
  grading_mode = excluded.grading_mode;

insert into public.program_courses (id, program_id, catalog_course_id, group_id, category, kind, suggested_term, notes, counts_toward_gpa, counts_toward_progress, grading_mode, display_order)
values ('httt-2024-csc10106', 'httt-2024', 'CSC10106', 'httt-2024-major-core', 'major-core', 'elective', 5, null, true, true, 'numeric', 51)
on conflict (id) do update set
  program_id = excluded.program_id,
  catalog_course_id = excluded.catalog_course_id,
  group_id = excluded.group_id,
  category = excluded.category,
  kind = excluded.kind,
  suggested_term = excluded.suggested_term,
  notes = excluded.notes,
  counts_toward_gpa = excluded.counts_toward_gpa,
  counts_toward_progress = excluded.counts_toward_progress,
  grading_mode = excluded.grading_mode,
  display_order = excluded.display_order;

insert into public.courses (id, program_id, group_id, category, code, title, credits, lecture_hours, practice_hours, lab_hours, kind, suggested_term, notes, counts_toward_gpa, counts_toward_progress, grading_mode)
values ('httt-2024-csc10106', 'httt-2024', 'httt-2024-major-core', 'major-core', 'CSC10106', 'Thuật toán tổ hợp và ứng dụng', 4, 45, 30, 0, 'elective', 5, null, true, true, 'numeric')
on conflict (id) do update set
  group_id = excluded.group_id,
  category = excluded.category,
  code = excluded.code,
  title = excluded.title,
  credits = excluded.credits,
  lecture_hours = excluded.lecture_hours,
  practice_hours = excluded.practice_hours,
  lab_hours = excluded.lab_hours,
  kind = excluded.kind,
  suggested_term = excluded.suggested_term,
  notes = excluded.notes,
  counts_toward_gpa = excluded.counts_toward_gpa,
  counts_toward_progress = excluded.counts_toward_progress,
  grading_mode = excluded.grading_mode;

insert into public.program_courses (id, program_id, catalog_course_id, group_id, category, kind, suggested_term, notes, counts_toward_gpa, counts_toward_progress, grading_mode, display_order)
values ('httt-2024-csc10107', 'httt-2024', 'CSC10107', 'httt-2024-major-core', 'major-core', 'elective', 5, null, true, true, 'numeric', 52)
on conflict (id) do update set
  program_id = excluded.program_id,
  catalog_course_id = excluded.catalog_course_id,
  group_id = excluded.group_id,
  category = excluded.category,
  kind = excluded.kind,
  suggested_term = excluded.suggested_term,
  notes = excluded.notes,
  counts_toward_gpa = excluded.counts_toward_gpa,
  counts_toward_progress = excluded.counts_toward_progress,
  grading_mode = excluded.grading_mode,
  display_order = excluded.display_order;

insert into public.courses (id, program_id, group_id, category, code, title, credits, lecture_hours, practice_hours, lab_hours, kind, suggested_term, notes, counts_toward_gpa, counts_toward_progress, grading_mode)
values ('httt-2024-csc10107', 'httt-2024', 'httt-2024-major-core', 'major-core', 'CSC10107', 'Thực tập thực tế', 4, 30, 60, 0, 'elective', 5, null, true, true, 'numeric')
on conflict (id) do update set
  group_id = excluded.group_id,
  category = excluded.category,
  code = excluded.code,
  title = excluded.title,
  credits = excluded.credits,
  lecture_hours = excluded.lecture_hours,
  practice_hours = excluded.practice_hours,
  lab_hours = excluded.lab_hours,
  kind = excluded.kind,
  suggested_term = excluded.suggested_term,
  notes = excluded.notes,
  counts_toward_gpa = excluded.counts_toward_gpa,
  counts_toward_progress = excluded.counts_toward_progress,
  grading_mode = excluded.grading_mode;

insert into public.program_courses (id, program_id, catalog_course_id, group_id, category, kind, suggested_term, notes, counts_toward_gpa, counts_toward_progress, grading_mode, display_order)
values ('httt-2024-csc10108', 'httt-2024', 'CSC10108', 'httt-2024-major-core', 'major-core', 'required', 5, null, true, true, 'numeric', 53)
on conflict (id) do update set
  program_id = excluded.program_id,
  catalog_course_id = excluded.catalog_course_id,
  group_id = excluded.group_id,
  category = excluded.category,
  kind = excluded.kind,
  suggested_term = excluded.suggested_term,
  notes = excluded.notes,
  counts_toward_gpa = excluded.counts_toward_gpa,
  counts_toward_progress = excluded.counts_toward_progress,
  grading_mode = excluded.grading_mode,
  display_order = excluded.display_order;

insert into public.courses (id, program_id, group_id, category, code, title, credits, lecture_hours, practice_hours, lab_hours, kind, suggested_term, notes, counts_toward_gpa, counts_toward_progress, grading_mode)
values ('httt-2024-csc10108', 'httt-2024', 'httt-2024-major-core', 'major-core', 'CSC10108', 'Trực quan hóa dữ liệu', 4, 4, 4, 0, 'required', 5, null, true, true, 'numeric')
on conflict (id) do update set
  group_id = excluded.group_id,
  category = excluded.category,
  code = excluded.code,
  title = excluded.title,
  credits = excluded.credits,
  lecture_hours = excluded.lecture_hours,
  practice_hours = excluded.practice_hours,
  lab_hours = excluded.lab_hours,
  kind = excluded.kind,
  suggested_term = excluded.suggested_term,
  notes = excluded.notes,
  counts_toward_gpa = excluded.counts_toward_gpa,
  counts_toward_progress = excluded.counts_toward_progress,
  grading_mode = excluded.grading_mode;

insert into public.program_courses (id, program_id, catalog_course_id, group_id, category, kind, suggested_term, notes, counts_toward_gpa, counts_toward_progress, grading_mode, display_order)
values ('httt-2024-csc11002', 'httt-2024', 'CSC11002', 'httt-2024-major-core', 'major-core', 'elective', 5, null, true, true, 'numeric', 54)
on conflict (id) do update set
  program_id = excluded.program_id,
  catalog_course_id = excluded.catalog_course_id,
  group_id = excluded.group_id,
  category = excluded.category,
  kind = excluded.kind,
  suggested_term = excluded.suggested_term,
  notes = excluded.notes,
  counts_toward_gpa = excluded.counts_toward_gpa,
  counts_toward_progress = excluded.counts_toward_progress,
  grading_mode = excluded.grading_mode,
  display_order = excluded.display_order;

insert into public.courses (id, program_id, group_id, category, code, title, credits, lecture_hours, practice_hours, lab_hours, kind, suggested_term, notes, counts_toward_gpa, counts_toward_progress, grading_mode)
values ('httt-2024-csc11002', 'httt-2024', 'httt-2024-major-core', 'major-core', 'CSC11002', 'Hệ thống viễn thông', 4, 45, 30, 0, 'elective', 5, null, true, true, 'numeric')
on conflict (id) do update set
  group_id = excluded.group_id,
  category = excluded.category,
  code = excluded.code,
  title = excluded.title,
  credits = excluded.credits,
  lecture_hours = excluded.lecture_hours,
  practice_hours = excluded.practice_hours,
  lab_hours = excluded.lab_hours,
  kind = excluded.kind,
  suggested_term = excluded.suggested_term,
  notes = excluded.notes,
  counts_toward_gpa = excluded.counts_toward_gpa,
  counts_toward_progress = excluded.counts_toward_progress,
  grading_mode = excluded.grading_mode;

insert into public.program_courses (id, program_id, catalog_course_id, group_id, category, kind, suggested_term, notes, counts_toward_gpa, counts_toward_progress, grading_mode, display_order)
values ('httt-2024-csc11003', 'httt-2024', 'CSC11003', 'httt-2024-major-core', 'major-core', 'elective', 5, null, true, true, 'numeric', 55)
on conflict (id) do update set
  program_id = excluded.program_id,
  catalog_course_id = excluded.catalog_course_id,
  group_id = excluded.group_id,
  category = excluded.category,
  kind = excluded.kind,
  suggested_term = excluded.suggested_term,
  notes = excluded.notes,
  counts_toward_gpa = excluded.counts_toward_gpa,
  counts_toward_progress = excluded.counts_toward_progress,
  grading_mode = excluded.grading_mode,
  display_order = excluded.display_order;

insert into public.courses (id, program_id, group_id, category, code, title, credits, lecture_hours, practice_hours, lab_hours, kind, suggested_term, notes, counts_toward_gpa, counts_toward_progress, grading_mode)
values ('httt-2024-csc11003', 'httt-2024', 'httt-2024-major-core', 'major-core', 'CSC11003', 'Mạng máy tính nâng cao', 4, 45, 30, 0, 'elective', 5, null, true, true, 'numeric')
on conflict (id) do update set
  group_id = excluded.group_id,
  category = excluded.category,
  code = excluded.code,
  title = excluded.title,
  credits = excluded.credits,
  lecture_hours = excluded.lecture_hours,
  practice_hours = excluded.practice_hours,
  lab_hours = excluded.lab_hours,
  kind = excluded.kind,
  suggested_term = excluded.suggested_term,
  notes = excluded.notes,
  counts_toward_gpa = excluded.counts_toward_gpa,
  counts_toward_progress = excluded.counts_toward_progress,
  grading_mode = excluded.grading_mode;

insert into public.program_courses (id, program_id, catalog_course_id, group_id, category, kind, suggested_term, notes, counts_toward_gpa, counts_toward_progress, grading_mode, display_order)
values ('httt-2024-csc11004', 'httt-2024', 'CSC11004', 'httt-2024-major-core', 'major-core', 'elective', 5, null, true, true, 'numeric', 56)
on conflict (id) do update set
  program_id = excluded.program_id,
  catalog_course_id = excluded.catalog_course_id,
  group_id = excluded.group_id,
  category = excluded.category,
  kind = excluded.kind,
  suggested_term = excluded.suggested_term,
  notes = excluded.notes,
  counts_toward_gpa = excluded.counts_toward_gpa,
  counts_toward_progress = excluded.counts_toward_progress,
  grading_mode = excluded.grading_mode,
  display_order = excluded.display_order;

insert into public.courses (id, program_id, group_id, category, code, title, credits, lecture_hours, practice_hours, lab_hours, kind, suggested_term, notes, counts_toward_gpa, counts_toward_progress, grading_mode)
values ('httt-2024-csc11004', 'httt-2024', 'httt-2024-major-core', 'major-core', 'CSC11004', 'Lập trình mạng', 4, 45, 30, 0, 'elective', 5, null, true, true, 'numeric')
on conflict (id) do update set
  group_id = excluded.group_id,
  category = excluded.category,
  code = excluded.code,
  title = excluded.title,
  credits = excluded.credits,
  lecture_hours = excluded.lecture_hours,
  practice_hours = excluded.practice_hours,
  lab_hours = excluded.lab_hours,
  kind = excluded.kind,
  suggested_term = excluded.suggested_term,
  notes = excluded.notes,
  counts_toward_gpa = excluded.counts_toward_gpa,
  counts_toward_progress = excluded.counts_toward_progress,
  grading_mode = excluded.grading_mode;

insert into public.program_courses (id, program_id, catalog_course_id, group_id, category, kind, suggested_term, notes, counts_toward_gpa, counts_toward_progress, grading_mode, display_order)
values ('httt-2024-csc11006', 'httt-2024', 'CSC11006', 'httt-2024-major-core', 'major-core', 'elective', 5, null, true, true, 'numeric', 57)
on conflict (id) do update set
  program_id = excluded.program_id,
  catalog_course_id = excluded.catalog_course_id,
  group_id = excluded.group_id,
  category = excluded.category,
  kind = excluded.kind,
  suggested_term = excluded.suggested_term,
  notes = excluded.notes,
  counts_toward_gpa = excluded.counts_toward_gpa,
  counts_toward_progress = excluded.counts_toward_progress,
  grading_mode = excluded.grading_mode,
  display_order = excluded.display_order;

insert into public.courses (id, program_id, group_id, category, code, title, credits, lecture_hours, practice_hours, lab_hours, kind, suggested_term, notes, counts_toward_gpa, counts_toward_progress, grading_mode)
values ('httt-2024-csc11006', 'httt-2024', 'httt-2024-major-core', 'major-core', 'CSC11006', 'Nhập môn điện toán đám mây', 4, 45, 30, 0, 'elective', 5, null, true, true, 'numeric')
on conflict (id) do update set
  group_id = excluded.group_id,
  category = excluded.category,
  code = excluded.code,
  title = excluded.title,
  credits = excluded.credits,
  lecture_hours = excluded.lecture_hours,
  practice_hours = excluded.practice_hours,
  lab_hours = excluded.lab_hours,
  kind = excluded.kind,
  suggested_term = excluded.suggested_term,
  notes = excluded.notes,
  counts_toward_gpa = excluded.counts_toward_gpa,
  counts_toward_progress = excluded.counts_toward_progress,
  grading_mode = excluded.grading_mode;

insert into public.program_courses (id, program_id, catalog_course_id, group_id, category, kind, suggested_term, notes, counts_toward_gpa, counts_toward_progress, grading_mode, display_order)
values ('httt-2024-csc11007', 'httt-2024', 'CSC11007', 'httt-2024-major-core', 'major-core', 'elective', 5, null, true, true, 'numeric', 58)
on conflict (id) do update set
  program_id = excluded.program_id,
  catalog_course_id = excluded.catalog_course_id,
  group_id = excluded.group_id,
  category = excluded.category,
  kind = excluded.kind,
  suggested_term = excluded.suggested_term,
  notes = excluded.notes,
  counts_toward_gpa = excluded.counts_toward_gpa,
  counts_toward_progress = excluded.counts_toward_progress,
  grading_mode = excluded.grading_mode,
  display_order = excluded.display_order;

insert into public.courses (id, program_id, group_id, category, code, title, credits, lecture_hours, practice_hours, lab_hours, kind, suggested_term, notes, counts_toward_gpa, counts_toward_progress, grading_mode)
values ('httt-2024-csc11007', 'httt-2024', 'httt-2024-major-core', 'major-core', 'CSC11007', 'An ninh mạng', 4, 45, 30, 0, 'elective', 5, null, true, true, 'numeric')
on conflict (id) do update set
  group_id = excluded.group_id,
  category = excluded.category,
  code = excluded.code,
  title = excluded.title,
  credits = excluded.credits,
  lecture_hours = excluded.lecture_hours,
  practice_hours = excluded.practice_hours,
  lab_hours = excluded.lab_hours,
  kind = excluded.kind,
  suggested_term = excluded.suggested_term,
  notes = excluded.notes,
  counts_toward_gpa = excluded.counts_toward_gpa,
  counts_toward_progress = excluded.counts_toward_progress,
  grading_mode = excluded.grading_mode;

insert into public.program_courses (id, program_id, catalog_course_id, group_id, category, kind, suggested_term, notes, counts_toward_gpa, counts_toward_progress, grading_mode, display_order)
values ('httt-2024-csc11106', 'httt-2024', 'CSC11106', 'httt-2024-major-core', 'major-core', 'elective', 5, null, true, true, 'numeric', 59)
on conflict (id) do update set
  program_id = excluded.program_id,
  catalog_course_id = excluded.catalog_course_id,
  group_id = excluded.group_id,
  category = excluded.category,
  kind = excluded.kind,
  suggested_term = excluded.suggested_term,
  notes = excluded.notes,
  counts_toward_gpa = excluded.counts_toward_gpa,
  counts_toward_progress = excluded.counts_toward_progress,
  grading_mode = excluded.grading_mode,
  display_order = excluded.display_order;

insert into public.courses (id, program_id, group_id, category, code, title, credits, lecture_hours, practice_hours, lab_hours, kind, suggested_term, notes, counts_toward_gpa, counts_toward_progress, grading_mode)
values ('httt-2024-csc11106', 'httt-2024', 'httt-2024-major-core', 'major-core', 'CSC11106', 'Truyền thông không dây', 4, 45, 30, 0, 'elective', 5, null, true, true, 'numeric')
on conflict (id) do update set
  group_id = excluded.group_id,
  category = excluded.category,
  code = excluded.code,
  title = excluded.title,
  credits = excluded.credits,
  lecture_hours = excluded.lecture_hours,
  practice_hours = excluded.practice_hours,
  lab_hours = excluded.lab_hours,
  kind = excluded.kind,
  suggested_term = excluded.suggested_term,
  notes = excluded.notes,
  counts_toward_gpa = excluded.counts_toward_gpa,
  counts_toward_progress = excluded.counts_toward_progress,
  grading_mode = excluded.grading_mode;

insert into public.program_courses (id, program_id, catalog_course_id, group_id, category, kind, suggested_term, notes, counts_toward_gpa, counts_toward_progress, grading_mode, display_order)
values ('httt-2024-csc11115', 'httt-2024', 'CSC11115', 'httt-2024-major-core', 'major-core', 'elective', 5, null, true, true, 'numeric', 60)
on conflict (id) do update set
  program_id = excluded.program_id,
  catalog_course_id = excluded.catalog_course_id,
  group_id = excluded.group_id,
  category = excluded.category,
  kind = excluded.kind,
  suggested_term = excluded.suggested_term,
  notes = excluded.notes,
  counts_toward_gpa = excluded.counts_toward_gpa,
  counts_toward_progress = excluded.counts_toward_progress,
  grading_mode = excluded.grading_mode,
  display_order = excluded.display_order;

insert into public.courses (id, program_id, group_id, category, code, title, credits, lecture_hours, practice_hours, lab_hours, kind, suggested_term, notes, counts_toward_gpa, counts_toward_progress, grading_mode)
values ('httt-2024-csc11115', 'httt-2024', 'httt-2024-major-core', 'major-core', 'CSC11115', 'An ninh mạng nâng cao', 4, 45, 30, 0, 'elective', 5, null, true, true, 'numeric')
on conflict (id) do update set
  group_id = excluded.group_id,
  category = excluded.category,
  code = excluded.code,
  title = excluded.title,
  credits = excluded.credits,
  lecture_hours = excluded.lecture_hours,
  practice_hours = excluded.practice_hours,
  lab_hours = excluded.lab_hours,
  kind = excluded.kind,
  suggested_term = excluded.suggested_term,
  notes = excluded.notes,
  counts_toward_gpa = excluded.counts_toward_gpa,
  counts_toward_progress = excluded.counts_toward_progress,
  grading_mode = excluded.grading_mode;

insert into public.program_courses (id, program_id, catalog_course_id, group_id, category, kind, suggested_term, notes, counts_toward_gpa, counts_toward_progress, grading_mode, display_order)
values ('httt-2024-csc11116', 'httt-2024', 'CSC11116', 'httt-2024-major-core', 'major-core', 'elective', 5, null, true, true, 'numeric', 61)
on conflict (id) do update set
  program_id = excluded.program_id,
  catalog_course_id = excluded.catalog_course_id,
  group_id = excluded.group_id,
  category = excluded.category,
  kind = excluded.kind,
  suggested_term = excluded.suggested_term,
  notes = excluded.notes,
  counts_toward_gpa = excluded.counts_toward_gpa,
  counts_toward_progress = excluded.counts_toward_progress,
  grading_mode = excluded.grading_mode,
  display_order = excluded.display_order;

insert into public.courses (id, program_id, group_id, category, code, title, credits, lecture_hours, practice_hours, lab_hours, kind, suggested_term, notes, counts_toward_gpa, counts_toward_progress, grading_mode)
values ('httt-2024-csc11116', 'httt-2024', 'httt-2024-major-core', 'major-core', 'CSC11116', 'DevOps nâng cao', 4, 45, 30, 0, 'elective', 5, null, true, true, 'numeric')
on conflict (id) do update set
  group_id = excluded.group_id,
  category = excluded.category,
  code = excluded.code,
  title = excluded.title,
  credits = excluded.credits,
  lecture_hours = excluded.lecture_hours,
  practice_hours = excluded.practice_hours,
  lab_hours = excluded.lab_hours,
  kind = excluded.kind,
  suggested_term = excluded.suggested_term,
  notes = excluded.notes,
  counts_toward_gpa = excluded.counts_toward_gpa,
  counts_toward_progress = excluded.counts_toward_progress,
  grading_mode = excluded.grading_mode;

insert into public.program_courses (id, program_id, catalog_course_id, group_id, category, kind, suggested_term, notes, counts_toward_gpa, counts_toward_progress, grading_mode, display_order)
values ('httt-2024-csc11117', 'httt-2024', 'CSC11117', 'httt-2024-major-core', 'major-core', 'elective', 5, null, true, true, 'numeric', 62)
on conflict (id) do update set
  program_id = excluded.program_id,
  catalog_course_id = excluded.catalog_course_id,
  group_id = excluded.group_id,
  category = excluded.category,
  kind = excluded.kind,
  suggested_term = excluded.suggested_term,
  notes = excluded.notes,
  counts_toward_gpa = excluded.counts_toward_gpa,
  counts_toward_progress = excluded.counts_toward_progress,
  grading_mode = excluded.grading_mode,
  display_order = excluded.display_order;

insert into public.courses (id, program_id, group_id, category, code, title, credits, lecture_hours, practice_hours, lab_hours, kind, suggested_term, notes, counts_toward_gpa, counts_toward_progress, grading_mode)
values ('httt-2024-csc11117', 'httt-2024', 'httt-2024-major-core', 'major-core', 'CSC11117', 'Hệ điều hành Linux và ứng dụng', 4, 45, 30, 0, 'elective', 5, null, true, true, 'numeric')
on conflict (id) do update set
  group_id = excluded.group_id,
  category = excluded.category,
  code = excluded.code,
  title = excluded.title,
  credits = excluded.credits,
  lecture_hours = excluded.lecture_hours,
  practice_hours = excluded.practice_hours,
  lab_hours = excluded.lab_hours,
  kind = excluded.kind,
  suggested_term = excluded.suggested_term,
  notes = excluded.notes,
  counts_toward_gpa = excluded.counts_toward_gpa,
  counts_toward_progress = excluded.counts_toward_progress,
  grading_mode = excluded.grading_mode;

insert into public.program_courses (id, program_id, catalog_course_id, group_id, category, kind, suggested_term, notes, counts_toward_gpa, counts_toward_progress, grading_mode, display_order)
values ('httt-2024-csc11118', 'httt-2024', 'CSC11118', 'httt-2024-major-core', 'major-core', 'elective', 5, null, true, true, 'numeric', 63)
on conflict (id) do update set
  program_id = excluded.program_id,
  catalog_course_id = excluded.catalog_course_id,
  group_id = excluded.group_id,
  category = excluded.category,
  kind = excluded.kind,
  suggested_term = excluded.suggested_term,
  notes = excluded.notes,
  counts_toward_gpa = excluded.counts_toward_gpa,
  counts_toward_progress = excluded.counts_toward_progress,
  grading_mode = excluded.grading_mode,
  display_order = excluded.display_order;

insert into public.courses (id, program_id, group_id, category, code, title, credits, lecture_hours, practice_hours, lab_hours, kind, suggested_term, notes, counts_toward_gpa, counts_toward_progress, grading_mode)
values ('httt-2024-csc11118', 'httt-2024', 'httt-2024-major-core', 'major-core', 'CSC11118', 'Triển khai và vận hành điện toán đám mây', 4, 45, 30, 0, 'elective', 5, null, true, true, 'numeric')
on conflict (id) do update set
  group_id = excluded.group_id,
  category = excluded.category,
  code = excluded.code,
  title = excluded.title,
  credits = excluded.credits,
  lecture_hours = excluded.lecture_hours,
  practice_hours = excluded.practice_hours,
  lab_hours = excluded.lab_hours,
  kind = excluded.kind,
  suggested_term = excluded.suggested_term,
  notes = excluded.notes,
  counts_toward_gpa = excluded.counts_toward_gpa,
  counts_toward_progress = excluded.counts_toward_progress,
  grading_mode = excluded.grading_mode;

insert into public.program_courses (id, program_id, catalog_course_id, group_id, category, kind, suggested_term, notes, counts_toward_gpa, counts_toward_progress, grading_mode, display_order)
values ('httt-2024-csc12001', 'httt-2024', 'CSC12001', 'httt-2024-major-core', 'major-core', 'elective', 5, null, true, true, 'numeric', 64)
on conflict (id) do update set
  program_id = excluded.program_id,
  catalog_course_id = excluded.catalog_course_id,
  group_id = excluded.group_id,
  category = excluded.category,
  kind = excluded.kind,
  suggested_term = excluded.suggested_term,
  notes = excluded.notes,
  counts_toward_gpa = excluded.counts_toward_gpa,
  counts_toward_progress = excluded.counts_toward_progress,
  grading_mode = excluded.grading_mode,
  display_order = excluded.display_order;

insert into public.courses (id, program_id, group_id, category, code, title, credits, lecture_hours, practice_hours, lab_hours, kind, suggested_term, notes, counts_toward_gpa, counts_toward_progress, grading_mode)
values ('httt-2024-csc12001', 'httt-2024', 'httt-2024-major-core', 'major-core', 'CSC12001', 'An toan va bao mat du lieu trong hệ thống thông tin', 4, 45, 30, 0, 'elective', 5, null, true, true, 'numeric')
on conflict (id) do update set
  group_id = excluded.group_id,
  category = excluded.category,
  code = excluded.code,
  title = excluded.title,
  credits = excluded.credits,
  lecture_hours = excluded.lecture_hours,
  practice_hours = excluded.practice_hours,
  lab_hours = excluded.lab_hours,
  kind = excluded.kind,
  suggested_term = excluded.suggested_term,
  notes = excluded.notes,
  counts_toward_gpa = excluded.counts_toward_gpa,
  counts_toward_progress = excluded.counts_toward_progress,
  grading_mode = excluded.grading_mode;

insert into public.program_courses (id, program_id, catalog_course_id, group_id, category, kind, suggested_term, notes, counts_toward_gpa, counts_toward_progress, grading_mode, display_order)
values ('httt-2024-csc12002', 'httt-2024', 'CSC12002', 'httt-2024-major-core', 'major-core', 'elective', 5, null, true, true, 'numeric', 65)
on conflict (id) do update set
  program_id = excluded.program_id,
  catalog_course_id = excluded.catalog_course_id,
  group_id = excluded.group_id,
  category = excluded.category,
  kind = excluded.kind,
  suggested_term = excluded.suggested_term,
  notes = excluded.notes,
  counts_toward_gpa = excluded.counts_toward_gpa,
  counts_toward_progress = excluded.counts_toward_progress,
  grading_mode = excluded.grading_mode,
  display_order = excluded.display_order;

insert into public.courses (id, program_id, group_id, category, code, title, credits, lecture_hours, practice_hours, lab_hours, kind, suggested_term, notes, counts_toward_gpa, counts_toward_progress, grading_mode)
values ('httt-2024-csc12002', 'httt-2024', 'httt-2024-major-core', 'major-core', 'CSC12002', 'Cơ sở dữ liệu nâng cao', 4, 45, 30, 0, 'elective', 5, null, true, true, 'numeric')
on conflict (id) do update set
  group_id = excluded.group_id,
  category = excluded.category,
  code = excluded.code,
  title = excluded.title,
  credits = excluded.credits,
  lecture_hours = excluded.lecture_hours,
  practice_hours = excluded.practice_hours,
  lab_hours = excluded.lab_hours,
  kind = excluded.kind,
  suggested_term = excluded.suggested_term,
  notes = excluded.notes,
  counts_toward_gpa = excluded.counts_toward_gpa,
  counts_toward_progress = excluded.counts_toward_progress,
  grading_mode = excluded.grading_mode;

insert into public.program_courses (id, program_id, catalog_course_id, group_id, category, kind, suggested_term, notes, counts_toward_gpa, counts_toward_progress, grading_mode, display_order)
values ('httt-2024-csc12003', 'httt-2024', 'CSC12003', 'httt-2024-major-core', 'major-core', 'elective', 5, null, true, true, 'numeric', 66)
on conflict (id) do update set
  program_id = excluded.program_id,
  catalog_course_id = excluded.catalog_course_id,
  group_id = excluded.group_id,
  category = excluded.category,
  kind = excluded.kind,
  suggested_term = excluded.suggested_term,
  notes = excluded.notes,
  counts_toward_gpa = excluded.counts_toward_gpa,
  counts_toward_progress = excluded.counts_toward_progress,
  grading_mode = excluded.grading_mode,
  display_order = excluded.display_order;

insert into public.courses (id, program_id, group_id, category, code, title, credits, lecture_hours, practice_hours, lab_hours, kind, suggested_term, notes, counts_toward_gpa, counts_toward_progress, grading_mode)
values ('httt-2024-csc12003', 'httt-2024', 'httt-2024-major-core', 'major-core', 'CSC12003', 'Hệ quản trị cơ sở dữ liệu', 4, 45, 30, 0, 'elective', 5, null, true, true, 'numeric')
on conflict (id) do update set
  group_id = excluded.group_id,
  category = excluded.category,
  code = excluded.code,
  title = excluded.title,
  credits = excluded.credits,
  lecture_hours = excluded.lecture_hours,
  practice_hours = excluded.practice_hours,
  lab_hours = excluded.lab_hours,
  kind = excluded.kind,
  suggested_term = excluded.suggested_term,
  notes = excluded.notes,
  counts_toward_gpa = excluded.counts_toward_gpa,
  counts_toward_progress = excluded.counts_toward_progress,
  grading_mode = excluded.grading_mode;

insert into public.program_courses (id, program_id, catalog_course_id, group_id, category, kind, suggested_term, notes, counts_toward_gpa, counts_toward_progress, grading_mode, display_order)
values ('httt-2024-csc12004', 'httt-2024', 'CSC12004', 'httt-2024-major-core', 'major-core', 'required', 5, null, true, true, 'numeric', 67)
on conflict (id) do update set
  program_id = excluded.program_id,
  catalog_course_id = excluded.catalog_course_id,
  group_id = excluded.group_id,
  category = excluded.category,
  kind = excluded.kind,
  suggested_term = excluded.suggested_term,
  notes = excluded.notes,
  counts_toward_gpa = excluded.counts_toward_gpa,
  counts_toward_progress = excluded.counts_toward_progress,
  grading_mode = excluded.grading_mode,
  display_order = excluded.display_order;

insert into public.courses (id, program_id, group_id, category, code, title, credits, lecture_hours, practice_hours, lab_hours, kind, suggested_term, notes, counts_toward_gpa, counts_toward_progress, grading_mode)
values ('httt-2024-csc12004', 'httt-2024', 'httt-2024-major-core', 'major-core', 'CSC12004', 'Phân tích thiết kế hệ thống thông tin', 4, 4, 5, 0, 'required', 5, null, true, true, 'numeric')
on conflict (id) do update set
  group_id = excluded.group_id,
  category = excluded.category,
  code = excluded.code,
  title = excluded.title,
  credits = excluded.credits,
  lecture_hours = excluded.lecture_hours,
  practice_hours = excluded.practice_hours,
  lab_hours = excluded.lab_hours,
  kind = excluded.kind,
  suggested_term = excluded.suggested_term,
  notes = excluded.notes,
  counts_toward_gpa = excluded.counts_toward_gpa,
  counts_toward_progress = excluded.counts_toward_progress,
  grading_mode = excluded.grading_mode;

insert into public.program_courses (id, program_id, catalog_course_id, group_id, category, kind, suggested_term, notes, counts_toward_gpa, counts_toward_progress, grading_mode, display_order)
values ('httt-2024-csc12005', 'httt-2024', 'CSC12005', 'httt-2024-major-core', 'major-core', 'elective', 5, null, true, true, 'numeric', 68)
on conflict (id) do update set
  program_id = excluded.program_id,
  catalog_course_id = excluded.catalog_course_id,
  group_id = excluded.group_id,
  category = excluded.category,
  kind = excluded.kind,
  suggested_term = excluded.suggested_term,
  notes = excluded.notes,
  counts_toward_gpa = excluded.counts_toward_gpa,
  counts_toward_progress = excluded.counts_toward_progress,
  grading_mode = excluded.grading_mode,
  display_order = excluded.display_order;

insert into public.courses (id, program_id, group_id, category, code, title, credits, lecture_hours, practice_hours, lab_hours, kind, suggested_term, notes, counts_toward_gpa, counts_toward_progress, grading_mode)
values ('httt-2024-csc12005', 'httt-2024', 'httt-2024-major-core', 'major-core', 'CSC12005', 'Phát triển ứng dụng hệ thống thông tin hiện đại', 4, 45, 30, 0, 'elective', 5, null, true, true, 'numeric')
on conflict (id) do update set
  group_id = excluded.group_id,
  category = excluded.category,
  code = excluded.code,
  title = excluded.title,
  credits = excluded.credits,
  lecture_hours = excluded.lecture_hours,
  practice_hours = excluded.practice_hours,
  lab_hours = excluded.lab_hours,
  kind = excluded.kind,
  suggested_term = excluded.suggested_term,
  notes = excluded.notes,
  counts_toward_gpa = excluded.counts_toward_gpa,
  counts_toward_progress = excluded.counts_toward_progress,
  grading_mode = excluded.grading_mode;

insert into public.program_courses (id, program_id, catalog_course_id, group_id, category, kind, suggested_term, notes, counts_toward_gpa, counts_toward_progress, grading_mode, display_order)
values ('httt-2024-csc12105', 'httt-2024', 'CSC12105', 'httt-2024-major-core', 'major-core', 'elective', 5, null, true, true, 'numeric', 69)
on conflict (id) do update set
  program_id = excluded.program_id,
  catalog_course_id = excluded.catalog_course_id,
  group_id = excluded.group_id,
  category = excluded.category,
  kind = excluded.kind,
  suggested_term = excluded.suggested_term,
  notes = excluded.notes,
  counts_toward_gpa = excluded.counts_toward_gpa,
  counts_toward_progress = excluded.counts_toward_progress,
  grading_mode = excluded.grading_mode,
  display_order = excluded.display_order;

insert into public.courses (id, program_id, group_id, category, code, title, credits, lecture_hours, practice_hours, lab_hours, kind, suggested_term, notes, counts_toward_gpa, counts_toward_progress, grading_mode)
values ('httt-2024-csc12105', 'httt-2024', 'httt-2024-major-core', 'major-core', 'CSC12105', 'Thương mại điện tử', 4, 45, 30, 0, 'elective', 5, null, true, true, 'numeric')
on conflict (id) do update set
  group_id = excluded.group_id,
  category = excluded.category,
  code = excluded.code,
  title = excluded.title,
  credits = excluded.credits,
  lecture_hours = excluded.lecture_hours,
  practice_hours = excluded.practice_hours,
  lab_hours = excluded.lab_hours,
  kind = excluded.kind,
  suggested_term = excluded.suggested_term,
  notes = excluded.notes,
  counts_toward_gpa = excluded.counts_toward_gpa,
  counts_toward_progress = excluded.counts_toward_progress,
  grading_mode = excluded.grading_mode;

insert into public.program_courses (id, program_id, catalog_course_id, group_id, category, kind, suggested_term, notes, counts_toward_gpa, counts_toward_progress, grading_mode, display_order)
values ('httt-2024-csc12106', 'httt-2024', 'CSC12106', 'httt-2024-major-core', 'major-core', 'elective', 5, null, true, true, 'numeric', 70)
on conflict (id) do update set
  program_id = excluded.program_id,
  catalog_course_id = excluded.catalog_course_id,
  group_id = excluded.group_id,
  category = excluded.category,
  kind = excluded.kind,
  suggested_term = excluded.suggested_term,
  notes = excluded.notes,
  counts_toward_gpa = excluded.counts_toward_gpa,
  counts_toward_progress = excluded.counts_toward_progress,
  grading_mode = excluded.grading_mode,
  display_order = excluded.display_order;

insert into public.courses (id, program_id, group_id, category, code, title, credits, lecture_hours, practice_hours, lab_hours, kind, suggested_term, notes, counts_toward_gpa, counts_toward_progress, grading_mode)
values ('httt-2024-csc12106', 'httt-2024', 'httt-2024-major-core', 'major-core', 'CSC12106', 'Tương tác người - máy', 4, 45, 30, 0, 'elective', 5, null, true, true, 'numeric')
on conflict (id) do update set
  group_id = excluded.group_id,
  category = excluded.category,
  code = excluded.code,
  title = excluded.title,
  credits = excluded.credits,
  lecture_hours = excluded.lecture_hours,
  practice_hours = excluded.practice_hours,
  lab_hours = excluded.lab_hours,
  kind = excluded.kind,
  suggested_term = excluded.suggested_term,
  notes = excluded.notes,
  counts_toward_gpa = excluded.counts_toward_gpa,
  counts_toward_progress = excluded.counts_toward_progress,
  grading_mode = excluded.grading_mode;

insert into public.program_courses (id, program_id, catalog_course_id, group_id, category, kind, suggested_term, notes, counts_toward_gpa, counts_toward_progress, grading_mode, display_order)
values ('httt-2024-csc12107', 'httt-2024', 'CSC12107', 'httt-2024-major-core', 'major-core', 'required', 5, null, true, true, 'numeric', 71)
on conflict (id) do update set
  program_id = excluded.program_id,
  catalog_course_id = excluded.catalog_course_id,
  group_id = excluded.group_id,
  category = excluded.category,
  kind = excluded.kind,
  suggested_term = excluded.suggested_term,
  notes = excluded.notes,
  counts_toward_gpa = excluded.counts_toward_gpa,
  counts_toward_progress = excluded.counts_toward_progress,
  grading_mode = excluded.grading_mode,
  display_order = excluded.display_order;

insert into public.courses (id, program_id, group_id, category, code, title, credits, lecture_hours, practice_hours, lab_hours, kind, suggested_term, notes, counts_toward_gpa, counts_toward_progress, grading_mode)
values ('httt-2024-csc12107', 'httt-2024', 'httt-2024-major-core', 'major-core', 'CSC12107', 'Hệ thống thông tin phục vụ trí tuệ kinh doanh', 4, 4, 6, 0, 'required', 5, null, true, true, 'numeric')
on conflict (id) do update set
  group_id = excluded.group_id,
  category = excluded.category,
  code = excluded.code,
  title = excluded.title,
  credits = excluded.credits,
  lecture_hours = excluded.lecture_hours,
  practice_hours = excluded.practice_hours,
  lab_hours = excluded.lab_hours,
  kind = excluded.kind,
  suggested_term = excluded.suggested_term,
  notes = excluded.notes,
  counts_toward_gpa = excluded.counts_toward_gpa,
  counts_toward_progress = excluded.counts_toward_progress,
  grading_mode = excluded.grading_mode;

insert into public.program_courses (id, program_id, catalog_course_id, group_id, category, kind, suggested_term, notes, counts_toward_gpa, counts_toward_progress, grading_mode, display_order)
values ('httt-2024-csc12108', 'httt-2024', 'CSC12108', 'httt-2024-major-core', 'major-core', 'elective', 5, null, true, true, 'numeric', 72)
on conflict (id) do update set
  program_id = excluded.program_id,
  catalog_course_id = excluded.catalog_course_id,
  group_id = excluded.group_id,
  category = excluded.category,
  kind = excluded.kind,
  suggested_term = excluded.suggested_term,
  notes = excluded.notes,
  counts_toward_gpa = excluded.counts_toward_gpa,
  counts_toward_progress = excluded.counts_toward_progress,
  grading_mode = excluded.grading_mode,
  display_order = excluded.display_order;

insert into public.courses (id, program_id, group_id, category, code, title, credits, lecture_hours, practice_hours, lab_hours, kind, suggested_term, notes, counts_toward_gpa, counts_toward_progress, grading_mode)
values ('httt-2024-csc12108', 'httt-2024', 'httt-2024-major-core', 'major-core', 'CSC12108', 'Ứng dụng phân tán', 4, 45, 30, 0, 'elective', 5, null, true, true, 'numeric')
on conflict (id) do update set
  group_id = excluded.group_id,
  category = excluded.category,
  code = excluded.code,
  title = excluded.title,
  credits = excluded.credits,
  lecture_hours = excluded.lecture_hours,
  practice_hours = excluded.practice_hours,
  lab_hours = excluded.lab_hours,
  kind = excluded.kind,
  suggested_term = excluded.suggested_term,
  notes = excluded.notes,
  counts_toward_gpa = excluded.counts_toward_gpa,
  counts_toward_progress = excluded.counts_toward_progress,
  grading_mode = excluded.grading_mode;

insert into public.program_courses (id, program_id, catalog_course_id, group_id, category, kind, suggested_term, notes, counts_toward_gpa, counts_toward_progress, grading_mode, display_order)
values ('httt-2024-csc12111', 'httt-2024', 'CSC12111', 'httt-2024-major-core', 'major-core', 'elective', 5, null, true, true, 'numeric', 73)
on conflict (id) do update set
  program_id = excluded.program_id,
  catalog_course_id = excluded.catalog_course_id,
  group_id = excluded.group_id,
  category = excluded.category,
  kind = excluded.kind,
  suggested_term = excluded.suggested_term,
  notes = excluded.notes,
  counts_toward_gpa = excluded.counts_toward_gpa,
  counts_toward_progress = excluded.counts_toward_progress,
  grading_mode = excluded.grading_mode,
  display_order = excluded.display_order;

insert into public.courses (id, program_id, group_id, category, code, title, credits, lecture_hours, practice_hours, lab_hours, kind, suggested_term, notes, counts_toward_gpa, counts_toward_progress, grading_mode)
values ('httt-2024-csc12111', 'httt-2024', 'httt-2024-major-core', 'major-core', 'CSC12111', 'Quản trị cơ sở dữ liệu hiện đại', 4, 45, 30, 0, 'elective', 5, null, true, true, 'numeric')
on conflict (id) do update set
  group_id = excluded.group_id,
  category = excluded.category,
  code = excluded.code,
  title = excluded.title,
  credits = excluded.credits,
  lecture_hours = excluded.lecture_hours,
  practice_hours = excluded.practice_hours,
  lab_hours = excluded.lab_hours,
  kind = excluded.kind,
  suggested_term = excluded.suggested_term,
  notes = excluded.notes,
  counts_toward_gpa = excluded.counts_toward_gpa,
  counts_toward_progress = excluded.counts_toward_progress,
  grading_mode = excluded.grading_mode;

insert into public.program_courses (id, program_id, catalog_course_id, group_id, category, kind, suggested_term, notes, counts_toward_gpa, counts_toward_progress, grading_mode, display_order)
values ('httt-2024-csc13001', 'httt-2024', 'CSC13001', 'httt-2024-major-core', 'major-core', 'elective', 5, null, true, true, 'numeric', 74)
on conflict (id) do update set
  program_id = excluded.program_id,
  catalog_course_id = excluded.catalog_course_id,
  group_id = excluded.group_id,
  category = excluded.category,
  kind = excluded.kind,
  suggested_term = excluded.suggested_term,
  notes = excluded.notes,
  counts_toward_gpa = excluded.counts_toward_gpa,
  counts_toward_progress = excluded.counts_toward_progress,
  grading_mode = excluded.grading_mode,
  display_order = excluded.display_order;

insert into public.courses (id, program_id, group_id, category, code, title, credits, lecture_hours, practice_hours, lab_hours, kind, suggested_term, notes, counts_toward_gpa, counts_toward_progress, grading_mode)
values ('httt-2024-csc13001', 'httt-2024', 'httt-2024-major-core', 'major-core', 'CSC13001', 'Lập trình Windows', 4, 45, 30, 0, 'elective', 5, null, true, true, 'numeric')
on conflict (id) do update set
  group_id = excluded.group_id,
  category = excluded.category,
  code = excluded.code,
  title = excluded.title,
  credits = excluded.credits,
  lecture_hours = excluded.lecture_hours,
  practice_hours = excluded.practice_hours,
  lab_hours = excluded.lab_hours,
  kind = excluded.kind,
  suggested_term = excluded.suggested_term,
  notes = excluded.notes,
  counts_toward_gpa = excluded.counts_toward_gpa,
  counts_toward_progress = excluded.counts_toward_progress,
  grading_mode = excluded.grading_mode;

insert into public.program_courses (id, program_id, catalog_course_id, group_id, category, kind, suggested_term, notes, counts_toward_gpa, counts_toward_progress, grading_mode, display_order)
values ('httt-2024-csc13002', 'httt-2024', 'CSC13002', 'httt-2024-major-core', 'major-core', 'required', 5, null, true, true, 'numeric', 75)
on conflict (id) do update set
  program_id = excluded.program_id,
  catalog_course_id = excluded.catalog_course_id,
  group_id = excluded.group_id,
  category = excluded.category,
  kind = excluded.kind,
  suggested_term = excluded.suggested_term,
  notes = excluded.notes,
  counts_toward_gpa = excluded.counts_toward_gpa,
  counts_toward_progress = excluded.counts_toward_progress,
  grading_mode = excluded.grading_mode,
  display_order = excluded.display_order;

insert into public.courses (id, program_id, group_id, category, code, title, credits, lecture_hours, practice_hours, lab_hours, kind, suggested_term, notes, counts_toward_gpa, counts_toward_progress, grading_mode)
values ('httt-2024-csc13002', 'httt-2024', 'httt-2024-major-core', 'major-core', 'CSC13002', 'Nhập môn công nghệ phần mềm', 4, 45, 30, 0, 'required', 5, null, true, true, 'numeric')
on conflict (id) do update set
  group_id = excluded.group_id,
  category = excluded.category,
  code = excluded.code,
  title = excluded.title,
  credits = excluded.credits,
  lecture_hours = excluded.lecture_hours,
  practice_hours = excluded.practice_hours,
  lab_hours = excluded.lab_hours,
  kind = excluded.kind,
  suggested_term = excluded.suggested_term,
  notes = excluded.notes,
  counts_toward_gpa = excluded.counts_toward_gpa,
  counts_toward_progress = excluded.counts_toward_progress,
  grading_mode = excluded.grading_mode;

insert into public.program_courses (id, program_id, catalog_course_id, group_id, category, kind, suggested_term, notes, counts_toward_gpa, counts_toward_progress, grading_mode, display_order)
values ('httt-2024-csc13003', 'httt-2024', 'CSC13003', 'httt-2024-major-core', 'major-core', 'elective', 5, null, true, true, 'numeric', 76)
on conflict (id) do update set
  program_id = excluded.program_id,
  catalog_course_id = excluded.catalog_course_id,
  group_id = excluded.group_id,
  category = excluded.category,
  kind = excluded.kind,
  suggested_term = excluded.suggested_term,
  notes = excluded.notes,
  counts_toward_gpa = excluded.counts_toward_gpa,
  counts_toward_progress = excluded.counts_toward_progress,
  grading_mode = excluded.grading_mode,
  display_order = excluded.display_order;

insert into public.courses (id, program_id, group_id, category, code, title, credits, lecture_hours, practice_hours, lab_hours, kind, suggested_term, notes, counts_toward_gpa, counts_toward_progress, grading_mode)
values ('httt-2024-csc13003', 'httt-2024', 'httt-2024-major-core', 'major-core', 'CSC13003', 'Kiểm thử phần mềm', 4, 45, 30, 0, 'elective', 5, null, true, true, 'numeric')
on conflict (id) do update set
  group_id = excluded.group_id,
  category = excluded.category,
  code = excluded.code,
  title = excluded.title,
  credits = excluded.credits,
  lecture_hours = excluded.lecture_hours,
  practice_hours = excluded.practice_hours,
  lab_hours = excluded.lab_hours,
  kind = excluded.kind,
  suggested_term = excluded.suggested_term,
  notes = excluded.notes,
  counts_toward_gpa = excluded.counts_toward_gpa,
  counts_toward_progress = excluded.counts_toward_progress,
  grading_mode = excluded.grading_mode;

insert into public.program_courses (id, program_id, catalog_course_id, group_id, category, kind, suggested_term, notes, counts_toward_gpa, counts_toward_progress, grading_mode, display_order)
values ('httt-2024-csc13005', 'httt-2024', 'CSC13005', 'httt-2024-major-core', 'major-core', 'elective', 5, null, true, true, 'numeric', 77)
on conflict (id) do update set
  program_id = excluded.program_id,
  catalog_course_id = excluded.catalog_course_id,
  group_id = excluded.group_id,
  category = excluded.category,
  kind = excluded.kind,
  suggested_term = excluded.suggested_term,
  notes = excluded.notes,
  counts_toward_gpa = excluded.counts_toward_gpa,
  counts_toward_progress = excluded.counts_toward_progress,
  grading_mode = excluded.grading_mode,
  display_order = excluded.display_order;

insert into public.courses (id, program_id, group_id, category, code, title, credits, lecture_hours, practice_hours, lab_hours, kind, suggested_term, notes, counts_toward_gpa, counts_toward_progress, grading_mode)
values ('httt-2024-csc13005', 'httt-2024', 'httt-2024-major-core', 'major-core', 'CSC13005', 'Thiết kế phần mềm', 4, 45, 30, 0, 'elective', 5, null, true, true, 'numeric')
on conflict (id) do update set
  group_id = excluded.group_id,
  category = excluded.category,
  code = excluded.code,
  title = excluded.title,
  credits = excluded.credits,
  lecture_hours = excluded.lecture_hours,
  practice_hours = excluded.practice_hours,
  lab_hours = excluded.lab_hours,
  kind = excluded.kind,
  suggested_term = excluded.suggested_term,
  notes = excluded.notes,
  counts_toward_gpa = excluded.counts_toward_gpa,
  counts_toward_progress = excluded.counts_toward_progress,
  grading_mode = excluded.grading_mode;

insert into public.program_courses (id, program_id, catalog_course_id, group_id, category, kind, suggested_term, notes, counts_toward_gpa, counts_toward_progress, grading_mode, display_order)
values ('httt-2024-csc13006', 'httt-2024', 'CSC13006', 'httt-2024-major-core', 'major-core', 'elective', 5, null, true, true, 'numeric', 78)
on conflict (id) do update set
  program_id = excluded.program_id,
  catalog_course_id = excluded.catalog_course_id,
  group_id = excluded.group_id,
  category = excluded.category,
  kind = excluded.kind,
  suggested_term = excluded.suggested_term,
  notes = excluded.notes,
  counts_toward_gpa = excluded.counts_toward_gpa,
  counts_toward_progress = excluded.counts_toward_progress,
  grading_mode = excluded.grading_mode,
  display_order = excluded.display_order;

insert into public.courses (id, program_id, group_id, category, code, title, credits, lecture_hours, practice_hours, lab_hours, kind, suggested_term, notes, counts_toward_gpa, counts_toward_progress, grading_mode)
values ('httt-2024-csc13006', 'httt-2024', 'httt-2024-major-core', 'major-core', 'CSC13006', 'Quản lý dự án phần mềm', 4, 45, 30, 0, 'elective', 5, null, true, true, 'numeric')
on conflict (id) do update set
  group_id = excluded.group_id,
  category = excluded.category,
  code = excluded.code,
  title = excluded.title,
  credits = excluded.credits,
  lecture_hours = excluded.lecture_hours,
  practice_hours = excluded.practice_hours,
  lab_hours = excluded.lab_hours,
  kind = excluded.kind,
  suggested_term = excluded.suggested_term,
  notes = excluded.notes,
  counts_toward_gpa = excluded.counts_toward_gpa,
  counts_toward_progress = excluded.counts_toward_progress,
  grading_mode = excluded.grading_mode;

insert into public.program_courses (id, program_id, catalog_course_id, group_id, category, kind, suggested_term, notes, counts_toward_gpa, counts_toward_progress, grading_mode, display_order)
values ('httt-2024-csc13007', 'httt-2024', 'CSC13007', 'httt-2024-major-core', 'major-core', 'elective', 5, null, true, true, 'numeric', 79)
on conflict (id) do update set
  program_id = excluded.program_id,
  catalog_course_id = excluded.catalog_course_id,
  group_id = excluded.group_id,
  category = excluded.category,
  kind = excluded.kind,
  suggested_term = excluded.suggested_term,
  notes = excluded.notes,
  counts_toward_gpa = excluded.counts_toward_gpa,
  counts_toward_progress = excluded.counts_toward_progress,
  grading_mode = excluded.grading_mode,
  display_order = excluded.display_order;

insert into public.courses (id, program_id, group_id, category, code, title, credits, lecture_hours, practice_hours, lab_hours, kind, suggested_term, notes, counts_toward_gpa, counts_toward_progress, grading_mode)
values ('httt-2024-csc13007', 'httt-2024', 'httt-2024-major-core', 'major-core', 'CSC13007', 'Phát triển game', 4, 45, 30, 0, 'elective', 5, null, true, true, 'numeric')
on conflict (id) do update set
  group_id = excluded.group_id,
  category = excluded.category,
  code = excluded.code,
  title = excluded.title,
  credits = excluded.credits,
  lecture_hours = excluded.lecture_hours,
  practice_hours = excluded.practice_hours,
  lab_hours = excluded.lab_hours,
  kind = excluded.kind,
  suggested_term = excluded.suggested_term,
  notes = excluded.notes,
  counts_toward_gpa = excluded.counts_toward_gpa,
  counts_toward_progress = excluded.counts_toward_progress,
  grading_mode = excluded.grading_mode;

insert into public.program_courses (id, program_id, catalog_course_id, group_id, category, kind, suggested_term, notes, counts_toward_gpa, counts_toward_progress, grading_mode, display_order)
values ('httt-2024-csc13008', 'httt-2024', 'CSC13008', 'httt-2024-major-core', 'major-core', 'elective', 5, null, true, true, 'numeric', 80)
on conflict (id) do update set
  program_id = excluded.program_id,
  catalog_course_id = excluded.catalog_course_id,
  group_id = excluded.group_id,
  category = excluded.category,
  kind = excluded.kind,
  suggested_term = excluded.suggested_term,
  notes = excluded.notes,
  counts_toward_gpa = excluded.counts_toward_gpa,
  counts_toward_progress = excluded.counts_toward_progress,
  grading_mode = excluded.grading_mode,
  display_order = excluded.display_order;

insert into public.courses (id, program_id, group_id, category, code, title, credits, lecture_hours, practice_hours, lab_hours, kind, suggested_term, notes, counts_toward_gpa, counts_toward_progress, grading_mode)
values ('httt-2024-csc13008', 'httt-2024', 'httt-2024-major-core', 'major-core', 'CSC13008', 'Phát triển ứng dụng web', 4, 45, 30, 0, 'elective', 5, null, true, true, 'numeric')
on conflict (id) do update set
  group_id = excluded.group_id,
  category = excluded.category,
  code = excluded.code,
  title = excluded.title,
  credits = excluded.credits,
  lecture_hours = excluded.lecture_hours,
  practice_hours = excluded.practice_hours,
  lab_hours = excluded.lab_hours,
  kind = excluded.kind,
  suggested_term = excluded.suggested_term,
  notes = excluded.notes,
  counts_toward_gpa = excluded.counts_toward_gpa,
  counts_toward_progress = excluded.counts_toward_progress,
  grading_mode = excluded.grading_mode;

insert into public.program_courses (id, program_id, catalog_course_id, group_id, category, kind, suggested_term, notes, counts_toward_gpa, counts_toward_progress, grading_mode, display_order)
values ('httt-2024-csc13009', 'httt-2024', 'CSC13009', 'httt-2024-major-core', 'major-core', 'elective', 5, null, true, true, 'numeric', 81)
on conflict (id) do update set
  program_id = excluded.program_id,
  catalog_course_id = excluded.catalog_course_id,
  group_id = excluded.group_id,
  category = excluded.category,
  kind = excluded.kind,
  suggested_term = excluded.suggested_term,
  notes = excluded.notes,
  counts_toward_gpa = excluded.counts_toward_gpa,
  counts_toward_progress = excluded.counts_toward_progress,
  grading_mode = excluded.grading_mode,
  display_order = excluded.display_order;

insert into public.courses (id, program_id, group_id, category, code, title, credits, lecture_hours, practice_hours, lab_hours, kind, suggested_term, notes, counts_toward_gpa, counts_toward_progress, grading_mode)
values ('httt-2024-csc13009', 'httt-2024', 'httt-2024-major-core', 'major-core', 'CSC13009', 'Phát triển phần mềm cho thiết bị di động', 4, 45, 30, 0, 'elective', 5, null, true, true, 'numeric')
on conflict (id) do update set
  group_id = excluded.group_id,
  category = excluded.category,
  code = excluded.code,
  title = excluded.title,
  credits = excluded.credits,
  lecture_hours = excluded.lecture_hours,
  practice_hours = excluded.practice_hours,
  lab_hours = excluded.lab_hours,
  kind = excluded.kind,
  suggested_term = excluded.suggested_term,
  notes = excluded.notes,
  counts_toward_gpa = excluded.counts_toward_gpa,
  counts_toward_progress = excluded.counts_toward_progress,
  grading_mode = excluded.grading_mode;

insert into public.program_courses (id, program_id, catalog_course_id, group_id, category, kind, suggested_term, notes, counts_toward_gpa, counts_toward_progress, grading_mode, display_order)
values ('httt-2024-csc13010', 'httt-2024', 'CSC13010', 'httt-2024-major-core', 'major-core', 'elective', 5, null, true, true, 'numeric', 82)
on conflict (id) do update set
  program_id = excluded.program_id,
  catalog_course_id = excluded.catalog_course_id,
  group_id = excluded.group_id,
  category = excluded.category,
  kind = excluded.kind,
  suggested_term = excluded.suggested_term,
  notes = excluded.notes,
  counts_toward_gpa = excluded.counts_toward_gpa,
  counts_toward_progress = excluded.counts_toward_progress,
  grading_mode = excluded.grading_mode,
  display_order = excluded.display_order;

insert into public.courses (id, program_id, group_id, category, code, title, credits, lecture_hours, practice_hours, lab_hours, kind, suggested_term, notes, counts_toward_gpa, counts_toward_progress, grading_mode)
values ('httt-2024-csc13010', 'httt-2024', 'httt-2024-major-core', 'major-core', 'CSC13010', 'Thiết kế phần mềm', 4, 45, 30, 0, 'elective', 5, null, true, true, 'numeric')
on conflict (id) do update set
  group_id = excluded.group_id,
  category = excluded.category,
  code = excluded.code,
  title = excluded.title,
  credits = excluded.credits,
  lecture_hours = excluded.lecture_hours,
  practice_hours = excluded.practice_hours,
  lab_hours = excluded.lab_hours,
  kind = excluded.kind,
  suggested_term = excluded.suggested_term,
  notes = excluded.notes,
  counts_toward_gpa = excluded.counts_toward_gpa,
  counts_toward_progress = excluded.counts_toward_progress,
  grading_mode = excluded.grading_mode;

insert into public.program_courses (id, program_id, catalog_course_id, group_id, category, kind, suggested_term, notes, counts_toward_gpa, counts_toward_progress, grading_mode, display_order)
values ('httt-2024-csc13101', 'httt-2024', 'CSC13101', 'httt-2024-major-core', 'major-core', 'elective', 5, null, true, true, 'numeric', 83)
on conflict (id) do update set
  program_id = excluded.program_id,
  catalog_course_id = excluded.catalog_course_id,
  group_id = excluded.group_id,
  category = excluded.category,
  kind = excluded.kind,
  suggested_term = excluded.suggested_term,
  notes = excluded.notes,
  counts_toward_gpa = excluded.counts_toward_gpa,
  counts_toward_progress = excluded.counts_toward_progress,
  grading_mode = excluded.grading_mode,
  display_order = excluded.display_order;

insert into public.courses (id, program_id, group_id, category, code, title, credits, lecture_hours, practice_hours, lab_hours, kind, suggested_term, notes, counts_toward_gpa, counts_toward_progress, grading_mode)
values ('httt-2024-csc13101', 'httt-2024', 'httt-2024-major-core', 'major-core', 'CSC13101', 'Các chủ đề nâng cao trong Công nghệ phần mềm', 4, 45, 30, 0, 'elective', 5, null, true, true, 'numeric')
on conflict (id) do update set
  group_id = excluded.group_id,
  category = excluded.category,
  code = excluded.code,
  title = excluded.title,
  credits = excluded.credits,
  lecture_hours = excluded.lecture_hours,
  practice_hours = excluded.practice_hours,
  lab_hours = excluded.lab_hours,
  kind = excluded.kind,
  suggested_term = excluded.suggested_term,
  notes = excluded.notes,
  counts_toward_gpa = excluded.counts_toward_gpa,
  counts_toward_progress = excluded.counts_toward_progress,
  grading_mode = excluded.grading_mode;

insert into public.program_courses (id, program_id, catalog_course_id, group_id, category, kind, suggested_term, notes, counts_toward_gpa, counts_toward_progress, grading_mode, display_order)
values ('httt-2024-csc13102', 'httt-2024', 'CSC13102', 'httt-2024-major-core', 'major-core', 'elective', 5, null, true, true, 'numeric', 84)
on conflict (id) do update set
  program_id = excluded.program_id,
  catalog_course_id = excluded.catalog_course_id,
  group_id = excluded.group_id,
  category = excluded.category,
  kind = excluded.kind,
  suggested_term = excluded.suggested_term,
  notes = excluded.notes,
  counts_toward_gpa = excluded.counts_toward_gpa,
  counts_toward_progress = excluded.counts_toward_progress,
  grading_mode = excluded.grading_mode,
  display_order = excluded.display_order;

insert into public.courses (id, program_id, group_id, category, code, title, credits, lecture_hours, practice_hours, lab_hours, kind, suggested_term, notes, counts_toward_gpa, counts_toward_progress, grading_mode)
values ('httt-2024-csc13102', 'httt-2024', 'httt-2024-major-core', 'major-core', 'CSC13102', 'Lập trình ứng dụng Java', 4, 45, 30, 0, 'elective', 5, null, true, true, 'numeric')
on conflict (id) do update set
  group_id = excluded.group_id,
  category = excluded.category,
  code = excluded.code,
  title = excluded.title,
  credits = excluded.credits,
  lecture_hours = excluded.lecture_hours,
  practice_hours = excluded.practice_hours,
  lab_hours = excluded.lab_hours,
  kind = excluded.kind,
  suggested_term = excluded.suggested_term,
  notes = excluded.notes,
  counts_toward_gpa = excluded.counts_toward_gpa,
  counts_toward_progress = excluded.counts_toward_progress,
  grading_mode = excluded.grading_mode;

insert into public.program_courses (id, program_id, catalog_course_id, group_id, category, kind, suggested_term, notes, counts_toward_gpa, counts_toward_progress, grading_mode, display_order)
values ('httt-2024-csc13103', 'httt-2024', 'CSC13103', 'httt-2024-major-core', 'major-core', 'elective', 5, null, true, true, 'numeric', 85)
on conflict (id) do update set
  program_id = excluded.program_id,
  catalog_course_id = excluded.catalog_course_id,
  group_id = excluded.group_id,
  category = excluded.category,
  kind = excluded.kind,
  suggested_term = excluded.suggested_term,
  notes = excluded.notes,
  counts_toward_gpa = excluded.counts_toward_gpa,
  counts_toward_progress = excluded.counts_toward_progress,
  grading_mode = excluded.grading_mode,
  display_order = excluded.display_order;

insert into public.courses (id, program_id, group_id, category, code, title, credits, lecture_hours, practice_hours, lab_hours, kind, suggested_term, notes, counts_toward_gpa, counts_toward_progress, grading_mode)
values ('httt-2024-csc13103', 'httt-2024', 'httt-2024-major-core', 'major-core', 'CSC13103', 'Nhập môn hệ thống phân tán', 4, 45, 30, 0, 'elective', 5, null, true, true, 'numeric')
on conflict (id) do update set
  group_id = excluded.group_id,
  category = excluded.category,
  code = excluded.code,
  title = excluded.title,
  credits = excluded.credits,
  lecture_hours = excluded.lecture_hours,
  practice_hours = excluded.practice_hours,
  lab_hours = excluded.lab_hours,
  kind = excluded.kind,
  suggested_term = excluded.suggested_term,
  notes = excluded.notes,
  counts_toward_gpa = excluded.counts_toward_gpa,
  counts_toward_progress = excluded.counts_toward_progress,
  grading_mode = excluded.grading_mode;

insert into public.program_courses (id, program_id, catalog_course_id, group_id, category, kind, suggested_term, notes, counts_toward_gpa, counts_toward_progress, grading_mode, display_order)
values ('httt-2024-csc13106', 'httt-2024', 'CSC13106', 'httt-2024-major-core', 'major-core', 'elective', 5, null, true, true, 'numeric', 86)
on conflict (id) do update set
  program_id = excluded.program_id,
  catalog_course_id = excluded.catalog_course_id,
  group_id = excluded.group_id,
  category = excluded.category,
  kind = excluded.kind,
  suggested_term = excluded.suggested_term,
  notes = excluded.notes,
  counts_toward_gpa = excluded.counts_toward_gpa,
  counts_toward_progress = excluded.counts_toward_progress,
  grading_mode = excluded.grading_mode,
  display_order = excluded.display_order;

insert into public.courses (id, program_id, group_id, category, code, title, credits, lecture_hours, practice_hours, lab_hours, kind, suggested_term, notes, counts_toward_gpa, counts_toward_progress, grading_mode)
values ('httt-2024-csc13106', 'httt-2024', 'httt-2024-major-core', 'major-core', 'CSC13106', 'Kiến trúc phần mềm', 4, 45, 30, 0, 'elective', 5, null, true, true, 'numeric')
on conflict (id) do update set
  group_id = excluded.group_id,
  category = excluded.category,
  code = excluded.code,
  title = excluded.title,
  credits = excluded.credits,
  lecture_hours = excluded.lecture_hours,
  practice_hours = excluded.practice_hours,
  lab_hours = excluded.lab_hours,
  kind = excluded.kind,
  suggested_term = excluded.suggested_term,
  notes = excluded.notes,
  counts_toward_gpa = excluded.counts_toward_gpa,
  counts_toward_progress = excluded.counts_toward_progress,
  grading_mode = excluded.grading_mode;

insert into public.program_courses (id, program_id, catalog_course_id, group_id, category, kind, suggested_term, notes, counts_toward_gpa, counts_toward_progress, grading_mode, display_order)
values ('httt-2024-csc13107', 'httt-2024', 'CSC13107', 'httt-2024-major-core', 'major-core', 'elective', 5, null, true, true, 'numeric', 87)
on conflict (id) do update set
  program_id = excluded.program_id,
  catalog_course_id = excluded.catalog_course_id,
  group_id = excluded.group_id,
  category = excluded.category,
  kind = excluded.kind,
  suggested_term = excluded.suggested_term,
  notes = excluded.notes,
  counts_toward_gpa = excluded.counts_toward_gpa,
  counts_toward_progress = excluded.counts_toward_progress,
  grading_mode = excluded.grading_mode,
  display_order = excluded.display_order;

insert into public.courses (id, program_id, group_id, category, code, title, credits, lecture_hours, practice_hours, lab_hours, kind, suggested_term, notes, counts_toward_gpa, counts_toward_progress, grading_mode)
values ('httt-2024-csc13107', 'httt-2024', 'httt-2024-major-core', 'major-core', 'CSC13107', 'Mẫu thiết kế hướng đối tượng và ứng dụng', 4, 45, 30, 0, 'elective', 5, null, true, true, 'numeric')
on conflict (id) do update set
  group_id = excluded.group_id,
  category = excluded.category,
  code = excluded.code,
  title = excluded.title,
  credits = excluded.credits,
  lecture_hours = excluded.lecture_hours,
  practice_hours = excluded.practice_hours,
  lab_hours = excluded.lab_hours,
  kind = excluded.kind,
  suggested_term = excluded.suggested_term,
  notes = excluded.notes,
  counts_toward_gpa = excluded.counts_toward_gpa,
  counts_toward_progress = excluded.counts_toward_progress,
  grading_mode = excluded.grading_mode;

insert into public.program_courses (id, program_id, catalog_course_id, group_id, category, kind, suggested_term, notes, counts_toward_gpa, counts_toward_progress, grading_mode, display_order)
values ('httt-2024-csc13112', 'httt-2024', 'CSC13112', 'httt-2024-major-core', 'major-core', 'elective', 5, null, true, true, 'numeric', 88)
on conflict (id) do update set
  program_id = excluded.program_id,
  catalog_course_id = excluded.catalog_course_id,
  group_id = excluded.group_id,
  category = excluded.category,
  kind = excluded.kind,
  suggested_term = excluded.suggested_term,
  notes = excluded.notes,
  counts_toward_gpa = excluded.counts_toward_gpa,
  counts_toward_progress = excluded.counts_toward_progress,
  grading_mode = excluded.grading_mode,
  display_order = excluded.display_order;

insert into public.courses (id, program_id, group_id, category, code, title, credits, lecture_hours, practice_hours, lab_hours, kind, suggested_term, notes, counts_toward_gpa, counts_toward_progress, grading_mode)
values ('httt-2024-csc13112', 'httt-2024', 'httt-2024-major-core', 'major-core', 'CSC13112', 'Thiết kế giao diện', 4, 45, 30, 0, 'elective', 5, null, true, true, 'numeric')
on conflict (id) do update set
  group_id = excluded.group_id,
  category = excluded.category,
  code = excluded.code,
  title = excluded.title,
  credits = excluded.credits,
  lecture_hours = excluded.lecture_hours,
  practice_hours = excluded.practice_hours,
  lab_hours = excluded.lab_hours,
  kind = excluded.kind,
  suggested_term = excluded.suggested_term,
  notes = excluded.notes,
  counts_toward_gpa = excluded.counts_toward_gpa,
  counts_toward_progress = excluded.counts_toward_progress,
  grading_mode = excluded.grading_mode;

insert into public.program_courses (id, program_id, catalog_course_id, group_id, category, kind, suggested_term, notes, counts_toward_gpa, counts_toward_progress, grading_mode, display_order)
values ('httt-2024-csc13117', 'httt-2024', 'CSC13117', 'httt-2024-major-core', 'major-core', 'elective', 5, null, true, true, 'numeric', 89)
on conflict (id) do update set
  program_id = excluded.program_id,
  catalog_course_id = excluded.catalog_course_id,
  group_id = excluded.group_id,
  category = excluded.category,
  kind = excluded.kind,
  suggested_term = excluded.suggested_term,
  notes = excluded.notes,
  counts_toward_gpa = excluded.counts_toward_gpa,
  counts_toward_progress = excluded.counts_toward_progress,
  grading_mode = excluded.grading_mode,
  display_order = excluded.display_order;

insert into public.courses (id, program_id, group_id, category, code, title, credits, lecture_hours, practice_hours, lab_hours, kind, suggested_term, notes, counts_toward_gpa, counts_toward_progress, grading_mode)
values ('httt-2024-csc13117', 'httt-2024', 'httt-2024-major-core', 'major-core', 'CSC13117', 'Phát triển game nâng cao', 4, 45, 30, 0, 'elective', 5, null, true, true, 'numeric')
on conflict (id) do update set
  group_id = excluded.group_id,
  category = excluded.category,
  code = excluded.code,
  title = excluded.title,
  credits = excluded.credits,
  lecture_hours = excluded.lecture_hours,
  practice_hours = excluded.practice_hours,
  lab_hours = excluded.lab_hours,
  kind = excluded.kind,
  suggested_term = excluded.suggested_term,
  notes = excluded.notes,
  counts_toward_gpa = excluded.counts_toward_gpa,
  counts_toward_progress = excluded.counts_toward_progress,
  grading_mode = excluded.grading_mode;

insert into public.program_courses (id, program_id, catalog_course_id, group_id, category, kind, suggested_term, notes, counts_toward_gpa, counts_toward_progress, grading_mode, display_order)
values ('httt-2024-csc14001', 'httt-2024', 'CSC14001', 'httt-2024-major-core', 'major-core', 'elective', 5, null, true, true, 'numeric', 90)
on conflict (id) do update set
  program_id = excluded.program_id,
  catalog_course_id = excluded.catalog_course_id,
  group_id = excluded.group_id,
  category = excluded.category,
  kind = excluded.kind,
  suggested_term = excluded.suggested_term,
  notes = excluded.notes,
  counts_toward_gpa = excluded.counts_toward_gpa,
  counts_toward_progress = excluded.counts_toward_progress,
  grading_mode = excluded.grading_mode,
  display_order = excluded.display_order;

insert into public.courses (id, program_id, group_id, category, code, title, credits, lecture_hours, practice_hours, lab_hours, kind, suggested_term, notes, counts_toward_gpa, counts_toward_progress, grading_mode)
values ('httt-2024-csc14001', 'httt-2024', 'httt-2024-major-core', 'major-core', 'CSC14001', 'Automata và ngôn ngữ hình thức', 4, 45, 30, 0, 'elective', 5, null, true, true, 'numeric')
on conflict (id) do update set
  group_id = excluded.group_id,
  category = excluded.category,
  code = excluded.code,
  title = excluded.title,
  credits = excluded.credits,
  lecture_hours = excluded.lecture_hours,
  practice_hours = excluded.practice_hours,
  lab_hours = excluded.lab_hours,
  kind = excluded.kind,
  suggested_term = excluded.suggested_term,
  notes = excluded.notes,
  counts_toward_gpa = excluded.counts_toward_gpa,
  counts_toward_progress = excluded.counts_toward_progress,
  grading_mode = excluded.grading_mode;

insert into public.program_courses (id, program_id, catalog_course_id, group_id, category, kind, suggested_term, notes, counts_toward_gpa, counts_toward_progress, grading_mode, display_order)
values ('httt-2024-csc14002', 'httt-2024', 'CSC14002', 'httt-2024-major-core', 'major-core', 'elective', 5, null, true, true, 'numeric', 91)
on conflict (id) do update set
  program_id = excluded.program_id,
  catalog_course_id = excluded.catalog_course_id,
  group_id = excluded.group_id,
  category = excluded.category,
  kind = excluded.kind,
  suggested_term = excluded.suggested_term,
  notes = excluded.notes,
  counts_toward_gpa = excluded.counts_toward_gpa,
  counts_toward_progress = excluded.counts_toward_progress,
  grading_mode = excluded.grading_mode,
  display_order = excluded.display_order;

insert into public.courses (id, program_id, group_id, category, code, title, credits, lecture_hours, practice_hours, lab_hours, kind, suggested_term, notes, counts_toward_gpa, counts_toward_progress, grading_mode)
values ('httt-2024-csc14002', 'httt-2024', 'httt-2024-major-core', 'major-core', 'CSC14002', 'Các hệ cơ sở tri thức', 4, 45, 30, 0, 'elective', 5, null, true, true, 'numeric')
on conflict (id) do update set
  group_id = excluded.group_id,
  category = excluded.category,
  code = excluded.code,
  title = excluded.title,
  credits = excluded.credits,
  lecture_hours = excluded.lecture_hours,
  practice_hours = excluded.practice_hours,
  lab_hours = excluded.lab_hours,
  kind = excluded.kind,
  suggested_term = excluded.suggested_term,
  notes = excluded.notes,
  counts_toward_gpa = excluded.counts_toward_gpa,
  counts_toward_progress = excluded.counts_toward_progress,
  grading_mode = excluded.grading_mode;

insert into public.program_courses (id, program_id, catalog_course_id, group_id, category, kind, suggested_term, notes, counts_toward_gpa, counts_toward_progress, grading_mode, display_order)
values ('httt-2024-csc14003', 'httt-2024', 'CSC14003', 'httt-2024-major-core', 'major-core', 'required', 5, null, true, true, 'numeric', 92)
on conflict (id) do update set
  program_id = excluded.program_id,
  catalog_course_id = excluded.catalog_course_id,
  group_id = excluded.group_id,
  category = excluded.category,
  kind = excluded.kind,
  suggested_term = excluded.suggested_term,
  notes = excluded.notes,
  counts_toward_gpa = excluded.counts_toward_gpa,
  counts_toward_progress = excluded.counts_toward_progress,
  grading_mode = excluded.grading_mode,
  display_order = excluded.display_order;

insert into public.courses (id, program_id, group_id, category, code, title, credits, lecture_hours, practice_hours, lab_hours, kind, suggested_term, notes, counts_toward_gpa, counts_toward_progress, grading_mode)
values ('httt-2024-csc14003', 'httt-2024', 'httt-2024-major-core', 'major-core', 'CSC14003', 'Cơ sở trí tuệ nhân tạo', 4, 4, 3, 0, 'required', 5, null, true, true, 'numeric')
on conflict (id) do update set
  group_id = excluded.group_id,
  category = excluded.category,
  code = excluded.code,
  title = excluded.title,
  credits = excluded.credits,
  lecture_hours = excluded.lecture_hours,
  practice_hours = excluded.practice_hours,
  lab_hours = excluded.lab_hours,
  kind = excluded.kind,
  suggested_term = excluded.suggested_term,
  notes = excluded.notes,
  counts_toward_gpa = excluded.counts_toward_gpa,
  counts_toward_progress = excluded.counts_toward_progress,
  grading_mode = excluded.grading_mode;

insert into public.program_courses (id, program_id, catalog_course_id, group_id, category, kind, suggested_term, notes, counts_toward_gpa, counts_toward_progress, grading_mode, display_order)
values ('httt-2024-csc14004', 'httt-2024', 'CSC14004', 'httt-2024-major-core', 'major-core', 'elective', 5, null, true, true, 'numeric', 93)
on conflict (id) do update set
  program_id = excluded.program_id,
  catalog_course_id = excluded.catalog_course_id,
  group_id = excluded.group_id,
  category = excluded.category,
  kind = excluded.kind,
  suggested_term = excluded.suggested_term,
  notes = excluded.notes,
  counts_toward_gpa = excluded.counts_toward_gpa,
  counts_toward_progress = excluded.counts_toward_progress,
  grading_mode = excluded.grading_mode,
  display_order = excluded.display_order;

insert into public.courses (id, program_id, group_id, category, code, title, credits, lecture_hours, practice_hours, lab_hours, kind, suggested_term, notes, counts_toward_gpa, counts_toward_progress, grading_mode)
values ('httt-2024-csc14004', 'httt-2024', 'httt-2024-major-core', 'major-core', 'CSC14004', 'Khai thác dữ liệu và ứng dụng', 4, 45, 30, 0, 'elective', 5, null, true, true, 'numeric')
on conflict (id) do update set
  group_id = excluded.group_id,
  category = excluded.category,
  code = excluded.code,
  title = excluded.title,
  credits = excluded.credits,
  lecture_hours = excluded.lecture_hours,
  practice_hours = excluded.practice_hours,
  lab_hours = excluded.lab_hours,
  kind = excluded.kind,
  suggested_term = excluded.suggested_term,
  notes = excluded.notes,
  counts_toward_gpa = excluded.counts_toward_gpa,
  counts_toward_progress = excluded.counts_toward_progress,
  grading_mode = excluded.grading_mode;

insert into public.program_courses (id, program_id, catalog_course_id, group_id, category, kind, suggested_term, notes, counts_toward_gpa, counts_toward_progress, grading_mode, display_order)
values ('httt-2024-csc14005', 'httt-2024', 'CSC14005', 'httt-2024-major-core', 'major-core', 'required', 5, null, true, true, 'numeric', 94)
on conflict (id) do update set
  program_id = excluded.program_id,
  catalog_course_id = excluded.catalog_course_id,
  group_id = excluded.group_id,
  category = excluded.category,
  kind = excluded.kind,
  suggested_term = excluded.suggested_term,
  notes = excluded.notes,
  counts_toward_gpa = excluded.counts_toward_gpa,
  counts_toward_progress = excluded.counts_toward_progress,
  grading_mode = excluded.grading_mode,
  display_order = excluded.display_order;

insert into public.courses (id, program_id, group_id, category, code, title, credits, lecture_hours, practice_hours, lab_hours, kind, suggested_term, notes, counts_toward_gpa, counts_toward_progress, grading_mode)
values ('httt-2024-csc14005', 'httt-2024', 'httt-2024-major-core', 'major-core', 'CSC14005', 'Nhập môn học máy', 4, 4, 7, 0, 'required', 5, null, true, true, 'numeric')
on conflict (id) do update set
  group_id = excluded.group_id,
  category = excluded.category,
  code = excluded.code,
  title = excluded.title,
  credits = excluded.credits,
  lecture_hours = excluded.lecture_hours,
  practice_hours = excluded.practice_hours,
  lab_hours = excluded.lab_hours,
  kind = excluded.kind,
  suggested_term = excluded.suggested_term,
  notes = excluded.notes,
  counts_toward_gpa = excluded.counts_toward_gpa,
  counts_toward_progress = excluded.counts_toward_progress,
  grading_mode = excluded.grading_mode;

insert into public.program_courses (id, program_id, catalog_course_id, group_id, category, kind, suggested_term, notes, counts_toward_gpa, counts_toward_progress, grading_mode, display_order)
values ('httt-2024-csc14006', 'httt-2024', 'CSC14006', 'httt-2024-major-core', 'major-core', 'elective', 5, null, true, true, 'numeric', 95)
on conflict (id) do update set
  program_id = excluded.program_id,
  catalog_course_id = excluded.catalog_course_id,
  group_id = excluded.group_id,
  category = excluded.category,
  kind = excluded.kind,
  suggested_term = excluded.suggested_term,
  notes = excluded.notes,
  counts_toward_gpa = excluded.counts_toward_gpa,
  counts_toward_progress = excluded.counts_toward_progress,
  grading_mode = excluded.grading_mode,
  display_order = excluded.display_order;

insert into public.courses (id, program_id, group_id, category, code, title, credits, lecture_hours, practice_hours, lab_hours, kind, suggested_term, notes, counts_toward_gpa, counts_toward_progress, grading_mode)
values ('httt-2024-csc14006', 'httt-2024', 'httt-2024-major-core', 'major-core', 'CSC14006', 'Nhận dạng', 4, 45, 30, 0, 'elective', 5, null, true, true, 'numeric')
on conflict (id) do update set
  group_id = excluded.group_id,
  category = excluded.category,
  code = excluded.code,
  title = excluded.title,
  credits = excluded.credits,
  lecture_hours = excluded.lecture_hours,
  practice_hours = excluded.practice_hours,
  lab_hours = excluded.lab_hours,
  kind = excluded.kind,
  suggested_term = excluded.suggested_term,
  notes = excluded.notes,
  counts_toward_gpa = excluded.counts_toward_gpa,
  counts_toward_progress = excluded.counts_toward_progress,
  grading_mode = excluded.grading_mode;

insert into public.program_courses (id, program_id, catalog_course_id, group_id, category, kind, suggested_term, notes, counts_toward_gpa, counts_toward_progress, grading_mode, display_order)
values ('httt-2024-csc14007', 'httt-2024', 'CSC14007', 'httt-2024-major-core', 'major-core', 'elective', 5, null, true, true, 'numeric', 96)
on conflict (id) do update set
  program_id = excluded.program_id,
  catalog_course_id = excluded.catalog_course_id,
  group_id = excluded.group_id,
  category = excluded.category,
  kind = excluded.kind,
  suggested_term = excluded.suggested_term,
  notes = excluded.notes,
  counts_toward_gpa = excluded.counts_toward_gpa,
  counts_toward_progress = excluded.counts_toward_progress,
  grading_mode = excluded.grading_mode,
  display_order = excluded.display_order;

insert into public.courses (id, program_id, group_id, category, code, title, credits, lecture_hours, practice_hours, lab_hours, kind, suggested_term, notes, counts_toward_gpa, counts_toward_progress, grading_mode)
values ('httt-2024-csc14007', 'httt-2024', 'httt-2024-major-core', 'major-core', 'CSC14007', 'Nhập môn phân tích độ phức tạp thuật toán', 4, 45, 30, 0, 'elective', 5, null, true, true, 'numeric')
on conflict (id) do update set
  group_id = excluded.group_id,
  category = excluded.category,
  code = excluded.code,
  title = excluded.title,
  credits = excluded.credits,
  lecture_hours = excluded.lecture_hours,
  practice_hours = excluded.practice_hours,
  lab_hours = excluded.lab_hours,
  kind = excluded.kind,
  suggested_term = excluded.suggested_term,
  notes = excluded.notes,
  counts_toward_gpa = excluded.counts_toward_gpa,
  counts_toward_progress = excluded.counts_toward_progress,
  grading_mode = excluded.grading_mode;

insert into public.program_courses (id, program_id, catalog_course_id, group_id, category, kind, suggested_term, notes, counts_toward_gpa, counts_toward_progress, grading_mode, display_order)
values ('httt-2024-csc14008', 'httt-2024', 'CSC14008', 'httt-2024-major-core', 'major-core', 'required', 5, null, true, true, 'numeric', 97)
on conflict (id) do update set
  program_id = excluded.program_id,
  catalog_course_id = excluded.catalog_course_id,
  group_id = excluded.group_id,
  category = excluded.category,
  kind = excluded.kind,
  suggested_term = excluded.suggested_term,
  notes = excluded.notes,
  counts_toward_gpa = excluded.counts_toward_gpa,
  counts_toward_progress = excluded.counts_toward_progress,
  grading_mode = excluded.grading_mode,
  display_order = excluded.display_order;

insert into public.courses (id, program_id, group_id, category, code, title, credits, lecture_hours, practice_hours, lab_hours, kind, suggested_term, notes, counts_toward_gpa, counts_toward_progress, grading_mode)
values ('httt-2024-csc14008', 'httt-2024', 'httt-2024-major-core', 'major-core', 'CSC14008', 'Phương pháp nghiên cứu khoa học', 4, 4, 8, 0, 'required', 5, null, true, true, 'numeric')
on conflict (id) do update set
  group_id = excluded.group_id,
  category = excluded.category,
  code = excluded.code,
  title = excluded.title,
  credits = excluded.credits,
  lecture_hours = excluded.lecture_hours,
  practice_hours = excluded.practice_hours,
  lab_hours = excluded.lab_hours,
  kind = excluded.kind,
  suggested_term = excluded.suggested_term,
  notes = excluded.notes,
  counts_toward_gpa = excluded.counts_toward_gpa,
  counts_toward_progress = excluded.counts_toward_progress,
  grading_mode = excluded.grading_mode;

insert into public.program_courses (id, program_id, catalog_course_id, group_id, category, kind, suggested_term, notes, counts_toward_gpa, counts_toward_progress, grading_mode, display_order)
values ('httt-2024-csc14101', 'httt-2024', 'CSC14101', 'httt-2024-major-core', 'major-core', 'elective', 5, null, true, true, 'numeric', 98)
on conflict (id) do update set
  program_id = excluded.program_id,
  catalog_course_id = excluded.catalog_course_id,
  group_id = excluded.group_id,
  category = excluded.category,
  kind = excluded.kind,
  suggested_term = excluded.suggested_term,
  notes = excluded.notes,
  counts_toward_gpa = excluded.counts_toward_gpa,
  counts_toward_progress = excluded.counts_toward_progress,
  grading_mode = excluded.grading_mode,
  display_order = excluded.display_order;

insert into public.courses (id, program_id, group_id, category, code, title, credits, lecture_hours, practice_hours, lab_hours, kind, suggested_term, notes, counts_toward_gpa, counts_toward_progress, grading_mode)
values ('httt-2024-csc14101', 'httt-2024', 'httt-2024-major-core', 'major-core', 'CSC14101', 'Ẩn dữ liệu và chia sẻ thông tin', 4, 45, 30, 0, 'elective', 5, null, true, true, 'numeric')
on conflict (id) do update set
  group_id = excluded.group_id,
  category = excluded.category,
  code = excluded.code,
  title = excluded.title,
  credits = excluded.credits,
  lecture_hours = excluded.lecture_hours,
  practice_hours = excluded.practice_hours,
  lab_hours = excluded.lab_hours,
  kind = excluded.kind,
  suggested_term = excluded.suggested_term,
  notes = excluded.notes,
  counts_toward_gpa = excluded.counts_toward_gpa,
  counts_toward_progress = excluded.counts_toward_progress,
  grading_mode = excluded.grading_mode;

insert into public.program_courses (id, program_id, catalog_course_id, group_id, category, kind, suggested_term, notes, counts_toward_gpa, counts_toward_progress, grading_mode, display_order)
values ('httt-2024-csc14105', 'httt-2024', 'CSC14105', 'httt-2024-major-core', 'major-core', 'elective', 5, null, true, true, 'numeric', 99)
on conflict (id) do update set
  program_id = excluded.program_id,
  catalog_course_id = excluded.catalog_course_id,
  group_id = excluded.group_id,
  category = excluded.category,
  kind = excluded.kind,
  suggested_term = excluded.suggested_term,
  notes = excluded.notes,
  counts_toward_gpa = excluded.counts_toward_gpa,
  counts_toward_progress = excluded.counts_toward_progress,
  grading_mode = excluded.grading_mode,
  display_order = excluded.display_order;

insert into public.courses (id, program_id, group_id, category, code, title, credits, lecture_hours, practice_hours, lab_hours, kind, suggested_term, notes, counts_toward_gpa, counts_toward_progress, grading_mode)
values ('httt-2024-csc14105', 'httt-2024', 'httt-2024-major-core', 'major-core', 'CSC14105', 'Khoa học về web', 4, 45, 30, 0, 'elective', 5, null, true, true, 'numeric')
on conflict (id) do update set
  group_id = excluded.group_id,
  category = excluded.category,
  code = excluded.code,
  title = excluded.title,
  credits = excluded.credits,
  lecture_hours = excluded.lecture_hours,
  practice_hours = excluded.practice_hours,
  lab_hours = excluded.lab_hours,
  kind = excluded.kind,
  suggested_term = excluded.suggested_term,
  notes = excluded.notes,
  counts_toward_gpa = excluded.counts_toward_gpa,
  counts_toward_progress = excluded.counts_toward_progress,
  grading_mode = excluded.grading_mode;

insert into public.program_courses (id, program_id, catalog_course_id, group_id, category, kind, suggested_term, notes, counts_toward_gpa, counts_toward_progress, grading_mode, display_order)
values ('httt-2024-csc14111', 'httt-2024', 'CSC14111', 'httt-2024-major-core', 'major-core', 'elective', 5, null, true, true, 'numeric', 100)
on conflict (id) do update set
  program_id = excluded.program_id,
  catalog_course_id = excluded.catalog_course_id,
  group_id = excluded.group_id,
  category = excluded.category,
  kind = excluded.kind,
  suggested_term = excluded.suggested_term,
  notes = excluded.notes,
  counts_toward_gpa = excluded.counts_toward_gpa,
  counts_toward_progress = excluded.counts_toward_progress,
  grading_mode = excluded.grading_mode,
  display_order = excluded.display_order;

insert into public.courses (id, program_id, group_id, category, code, title, credits, lecture_hours, practice_hours, lab_hours, kind, suggested_term, notes, counts_toward_gpa, counts_toward_progress, grading_mode)
values ('httt-2024-csc14111', 'httt-2024', 'httt-2024-major-core', 'major-core', 'CSC14111', 'Nhập môn thiết kế và phân tích giải thuật', 4, 45, 30, 0, 'elective', 5, null, true, true, 'numeric')
on conflict (id) do update set
  group_id = excluded.group_id,
  category = excluded.category,
  code = excluded.code,
  title = excluded.title,
  credits = excluded.credits,
  lecture_hours = excluded.lecture_hours,
  practice_hours = excluded.practice_hours,
  lab_hours = excluded.lab_hours,
  kind = excluded.kind,
  suggested_term = excluded.suggested_term,
  notes = excluded.notes,
  counts_toward_gpa = excluded.counts_toward_gpa,
  counts_toward_progress = excluded.counts_toward_progress,
  grading_mode = excluded.grading_mode;

insert into public.program_courses (id, program_id, catalog_course_id, group_id, category, kind, suggested_term, notes, counts_toward_gpa, counts_toward_progress, grading_mode, display_order)
values ('httt-2024-csc14112', 'httt-2024', 'CSC14112', 'httt-2024-major-core', 'major-core', 'elective', 5, null, true, true, 'numeric', 101)
on conflict (id) do update set
  program_id = excluded.program_id,
  catalog_course_id = excluded.catalog_course_id,
  group_id = excluded.group_id,
  category = excluded.category,
  kind = excluded.kind,
  suggested_term = excluded.suggested_term,
  notes = excluded.notes,
  counts_toward_gpa = excluded.counts_toward_gpa,
  counts_toward_progress = excluded.counts_toward_progress,
  grading_mode = excluded.grading_mode,
  display_order = excluded.display_order;

insert into public.courses (id, program_id, group_id, category, code, title, credits, lecture_hours, practice_hours, lab_hours, kind, suggested_term, notes, counts_toward_gpa, counts_toward_progress, grading_mode)
values ('httt-2024-csc14112', 'httt-2024', 'httt-2024-major-core', 'major-core', 'CSC14112', 'Sinh trắc học', 4, 45, 30, 0, 'elective', 5, null, true, true, 'numeric')
on conflict (id) do update set
  group_id = excluded.group_id,
  category = excluded.category,
  code = excluded.code,
  title = excluded.title,
  credits = excluded.credits,
  lecture_hours = excluded.lecture_hours,
  practice_hours = excluded.practice_hours,
  lab_hours = excluded.lab_hours,
  kind = excluded.kind,
  suggested_term = excluded.suggested_term,
  notes = excluded.notes,
  counts_toward_gpa = excluded.counts_toward_gpa,
  counts_toward_progress = excluded.counts_toward_progress,
  grading_mode = excluded.grading_mode;

insert into public.program_courses (id, program_id, catalog_course_id, group_id, category, kind, suggested_term, notes, counts_toward_gpa, counts_toward_progress, grading_mode, display_order)
values ('httt-2024-csc14113', 'httt-2024', 'CSC14113', 'httt-2024-major-core', 'major-core', 'elective', 5, null, true, true, 'numeric', 102)
on conflict (id) do update set
  program_id = excluded.program_id,
  catalog_course_id = excluded.catalog_course_id,
  group_id = excluded.group_id,
  category = excluded.category,
  kind = excluded.kind,
  suggested_term = excluded.suggested_term,
  notes = excluded.notes,
  counts_toward_gpa = excluded.counts_toward_gpa,
  counts_toward_progress = excluded.counts_toward_progress,
  grading_mode = excluded.grading_mode,
  display_order = excluded.display_order;

insert into public.courses (id, program_id, group_id, category, code, title, credits, lecture_hours, practice_hours, lab_hours, kind, suggested_term, notes, counts_toward_gpa, counts_toward_progress, grading_mode)
values ('httt-2024-csc14113', 'httt-2024', 'httt-2024-major-core', 'major-core', 'CSC14113', 'Trình biên dịch', 4, 45, 30, 0, 'elective', 5, null, true, true, 'numeric')
on conflict (id) do update set
  group_id = excluded.group_id,
  category = excluded.category,
  code = excluded.code,
  title = excluded.title,
  credits = excluded.credits,
  lecture_hours = excluded.lecture_hours,
  practice_hours = excluded.practice_hours,
  lab_hours = excluded.lab_hours,
  kind = excluded.kind,
  suggested_term = excluded.suggested_term,
  notes = excluded.notes,
  counts_toward_gpa = excluded.counts_toward_gpa,
  counts_toward_progress = excluded.counts_toward_progress,
  grading_mode = excluded.grading_mode;

insert into public.program_courses (id, program_id, catalog_course_id, group_id, category, kind, suggested_term, notes, counts_toward_gpa, counts_toward_progress, grading_mode, display_order)
values ('httt-2024-csc14117', 'httt-2024', 'CSC14117', 'httt-2024-major-core', 'major-core', 'elective', 5, null, true, true, 'numeric', 103)
on conflict (id) do update set
  program_id = excluded.program_id,
  catalog_course_id = excluded.catalog_course_id,
  group_id = excluded.group_id,
  category = excluded.category,
  kind = excluded.kind,
  suggested_term = excluded.suggested_term,
  notes = excluded.notes,
  counts_toward_gpa = excluded.counts_toward_gpa,
  counts_toward_progress = excluded.counts_toward_progress,
  grading_mode = excluded.grading_mode,
  display_order = excluded.display_order;

insert into public.courses (id, program_id, group_id, category, code, title, credits, lecture_hours, practice_hours, lab_hours, kind, suggested_term, notes, counts_toward_gpa, counts_toward_progress, grading_mode)
values ('httt-2024-csc14117', 'httt-2024', 'httt-2024-major-core', 'major-core', 'CSC14117', 'Nhập môn lập trình kết nối vạn vật', 4, 45, 30, 0, 'elective', 5, null, true, true, 'numeric')
on conflict (id) do update set
  group_id = excluded.group_id,
  category = excluded.category,
  code = excluded.code,
  title = excluded.title,
  credits = excluded.credits,
  lecture_hours = excluded.lecture_hours,
  practice_hours = excluded.practice_hours,
  lab_hours = excluded.lab_hours,
  kind = excluded.kind,
  suggested_term = excluded.suggested_term,
  notes = excluded.notes,
  counts_toward_gpa = excluded.counts_toward_gpa,
  counts_toward_progress = excluded.counts_toward_progress,
  grading_mode = excluded.grading_mode;

insert into public.program_courses (id, program_id, catalog_course_id, group_id, category, kind, suggested_term, notes, counts_toward_gpa, counts_toward_progress, grading_mode, display_order)
values ('httt-2024-csc14118', 'httt-2024', 'CSC14118', 'httt-2024-major-core', 'major-core', 'required', 5, null, true, true, 'numeric', 104)
on conflict (id) do update set
  program_id = excluded.program_id,
  catalog_course_id = excluded.catalog_course_id,
  group_id = excluded.group_id,
  category = excluded.category,
  kind = excluded.kind,
  suggested_term = excluded.suggested_term,
  notes = excluded.notes,
  counts_toward_gpa = excluded.counts_toward_gpa,
  counts_toward_progress = excluded.counts_toward_progress,
  grading_mode = excluded.grading_mode,
  display_order = excluded.display_order;

insert into public.courses (id, program_id, group_id, category, code, title, credits, lecture_hours, practice_hours, lab_hours, kind, suggested_term, notes, counts_toward_gpa, counts_toward_progress, grading_mode)
values ('httt-2024-csc14118', 'httt-2024', 'httt-2024-major-core', 'major-core', 'CSC14118', 'Nhập môn dữ liệu lớn', 4, 4, 9, 0, 'required', 5, null, true, true, 'numeric')
on conflict (id) do update set
  group_id = excluded.group_id,
  category = excluded.category,
  code = excluded.code,
  title = excluded.title,
  credits = excluded.credits,
  lecture_hours = excluded.lecture_hours,
  practice_hours = excluded.practice_hours,
  lab_hours = excluded.lab_hours,
  kind = excluded.kind,
  suggested_term = excluded.suggested_term,
  notes = excluded.notes,
  counts_toward_gpa = excluded.counts_toward_gpa,
  counts_toward_progress = excluded.counts_toward_progress,
  grading_mode = excluded.grading_mode;

insert into public.program_courses (id, program_id, catalog_course_id, group_id, category, kind, suggested_term, notes, counts_toward_gpa, counts_toward_progress, grading_mode, display_order)
values ('httt-2024-csc14119', 'httt-2024', 'CSC14119', 'httt-2024-major-core', 'major-core', 'elective', 5, null, true, true, 'numeric', 105)
on conflict (id) do update set
  program_id = excluded.program_id,
  catalog_course_id = excluded.catalog_course_id,
  group_id = excluded.group_id,
  category = excluded.category,
  kind = excluded.kind,
  suggested_term = excluded.suggested_term,
  notes = excluded.notes,
  counts_toward_gpa = excluded.counts_toward_gpa,
  counts_toward_progress = excluded.counts_toward_progress,
  grading_mode = excluded.grading_mode,
  display_order = excluded.display_order;

insert into public.courses (id, program_id, group_id, category, code, title, credits, lecture_hours, practice_hours, lab_hours, kind, suggested_term, notes, counts_toward_gpa, counts_toward_progress, grading_mode)
values ('httt-2024-csc14119', 'httt-2024', 'httt-2024-major-core', 'major-core', 'CSC14119', 'Nhập môn khoa học dữ liệu', 4, 45, 30, 0, 'elective', 5, null, true, true, 'numeric')
on conflict (id) do update set
  group_id = excluded.group_id,
  category = excluded.category,
  code = excluded.code,
  title = excluded.title,
  credits = excluded.credits,
  lecture_hours = excluded.lecture_hours,
  practice_hours = excluded.practice_hours,
  lab_hours = excluded.lab_hours,
  kind = excluded.kind,
  suggested_term = excluded.suggested_term,
  notes = excluded.notes,
  counts_toward_gpa = excluded.counts_toward_gpa,
  counts_toward_progress = excluded.counts_toward_progress,
  grading_mode = excluded.grading_mode;

insert into public.program_courses (id, program_id, catalog_course_id, group_id, category, kind, suggested_term, notes, counts_toward_gpa, counts_toward_progress, grading_mode, display_order)
values ('httt-2024-csc14120', 'httt-2024', 'CSC14120', 'httt-2024-major-core', 'major-core', 'elective', 5, null, true, true, 'numeric', 106)
on conflict (id) do update set
  program_id = excluded.program_id,
  catalog_course_id = excluded.catalog_course_id,
  group_id = excluded.group_id,
  category = excluded.category,
  kind = excluded.kind,
  suggested_term = excluded.suggested_term,
  notes = excluded.notes,
  counts_toward_gpa = excluded.counts_toward_gpa,
  counts_toward_progress = excluded.counts_toward_progress,
  grading_mode = excluded.grading_mode,
  display_order = excluded.display_order;

insert into public.courses (id, program_id, group_id, category, code, title, credits, lecture_hours, practice_hours, lab_hours, kind, suggested_term, notes, counts_toward_gpa, counts_toward_progress, grading_mode)
values ('httt-2024-csc14120', 'httt-2024', 'httt-2024-major-core', 'major-core', 'CSC14120', 'Lập trình song song', 4, 45, 30, 0, 'elective', 5, null, true, true, 'numeric')
on conflict (id) do update set
  group_id = excluded.group_id,
  category = excluded.category,
  code = excluded.code,
  title = excluded.title,
  credits = excluded.credits,
  lecture_hours = excluded.lecture_hours,
  practice_hours = excluded.practice_hours,
  lab_hours = excluded.lab_hours,
  kind = excluded.kind,
  suggested_term = excluded.suggested_term,
  notes = excluded.notes,
  counts_toward_gpa = excluded.counts_toward_gpa,
  counts_toward_progress = excluded.counts_toward_progress,
  grading_mode = excluded.grading_mode;

insert into public.program_courses (id, program_id, catalog_course_id, group_id, category, kind, suggested_term, notes, counts_toward_gpa, counts_toward_progress, grading_mode, display_order)
values ('httt-2024-csc15001', 'httt-2024', 'CSC15001', 'httt-2024-major-core', 'major-core', 'elective', 5, null, true, true, 'numeric', 107)
on conflict (id) do update set
  program_id = excluded.program_id,
  catalog_course_id = excluded.catalog_course_id,
  group_id = excluded.group_id,
  category = excluded.category,
  kind = excluded.kind,
  suggested_term = excluded.suggested_term,
  notes = excluded.notes,
  counts_toward_gpa = excluded.counts_toward_gpa,
  counts_toward_progress = excluded.counts_toward_progress,
  grading_mode = excluded.grading_mode,
  display_order = excluded.display_order;

insert into public.courses (id, program_id, group_id, category, code, title, credits, lecture_hours, practice_hours, lab_hours, kind, suggested_term, notes, counts_toward_gpa, counts_toward_progress, grading_mode)
values ('httt-2024-csc15001', 'httt-2024', 'httt-2024-major-core', 'major-core', 'CSC15001', 'An ninh máy tính', 4, 45, 30, 0, 'elective', 5, null, true, true, 'numeric')
on conflict (id) do update set
  group_id = excluded.group_id,
  category = excluded.category,
  code = excluded.code,
  title = excluded.title,
  credits = excluded.credits,
  lecture_hours = excluded.lecture_hours,
  practice_hours = excluded.practice_hours,
  lab_hours = excluded.lab_hours,
  kind = excluded.kind,
  suggested_term = excluded.suggested_term,
  notes = excluded.notes,
  counts_toward_gpa = excluded.counts_toward_gpa,
  counts_toward_progress = excluded.counts_toward_progress,
  grading_mode = excluded.grading_mode;

insert into public.program_courses (id, program_id, catalog_course_id, group_id, category, kind, suggested_term, notes, counts_toward_gpa, counts_toward_progress, grading_mode, display_order)
values ('httt-2024-csc15002', 'httt-2024', 'CSC15002', 'httt-2024-major-core', 'major-core', 'elective', 5, null, true, true, 'numeric', 108)
on conflict (id) do update set
  program_id = excluded.program_id,
  catalog_course_id = excluded.catalog_course_id,
  group_id = excluded.group_id,
  category = excluded.category,
  kind = excluded.kind,
  suggested_term = excluded.suggested_term,
  notes = excluded.notes,
  counts_toward_gpa = excluded.counts_toward_gpa,
  counts_toward_progress = excluded.counts_toward_progress,
  grading_mode = excluded.grading_mode,
  display_order = excluded.display_order;

insert into public.courses (id, program_id, group_id, category, code, title, credits, lecture_hours, practice_hours, lab_hours, kind, suggested_term, notes, counts_toward_gpa, counts_toward_progress, grading_mode)
values ('httt-2024-csc15002', 'httt-2024', 'httt-2024-major-core', 'major-core', 'CSC15002', 'Bảo mật cơ sở dữ liệu', 4, 45, 30, 0, 'elective', 5, null, true, true, 'numeric')
on conflict (id) do update set
  group_id = excluded.group_id,
  category = excluded.category,
  code = excluded.code,
  title = excluded.title,
  credits = excluded.credits,
  lecture_hours = excluded.lecture_hours,
  practice_hours = excluded.practice_hours,
  lab_hours = excluded.lab_hours,
  kind = excluded.kind,
  suggested_term = excluded.suggested_term,
  notes = excluded.notes,
  counts_toward_gpa = excluded.counts_toward_gpa,
  counts_toward_progress = excluded.counts_toward_progress,
  grading_mode = excluded.grading_mode;

insert into public.program_courses (id, program_id, catalog_course_id, group_id, category, kind, suggested_term, notes, counts_toward_gpa, counts_toward_progress, grading_mode, display_order)
values ('httt-2024-csc15003', 'httt-2024', 'CSC15003', 'httt-2024-major-core', 'major-core', 'elective', 5, null, true, true, 'numeric', 109)
on conflict (id) do update set
  program_id = excluded.program_id,
  catalog_course_id = excluded.catalog_course_id,
  group_id = excluded.group_id,
  category = excluded.category,
  kind = excluded.kind,
  suggested_term = excluded.suggested_term,
  notes = excluded.notes,
  counts_toward_gpa = excluded.counts_toward_gpa,
  counts_toward_progress = excluded.counts_toward_progress,
  grading_mode = excluded.grading_mode,
  display_order = excluded.display_order;

insert into public.courses (id, program_id, group_id, category, code, title, credits, lecture_hours, practice_hours, lab_hours, kind, suggested_term, notes, counts_toward_gpa, counts_toward_progress, grading_mode)
values ('httt-2024-csc15003', 'httt-2024', 'httt-2024-major-core', 'major-core', 'CSC15003', 'Mã hóa ứng dụng', 4, 45, 30, 0, 'elective', 5, null, true, true, 'numeric')
on conflict (id) do update set
  group_id = excluded.group_id,
  category = excluded.category,
  code = excluded.code,
  title = excluded.title,
  credits = excluded.credits,
  lecture_hours = excluded.lecture_hours,
  practice_hours = excluded.practice_hours,
  lab_hours = excluded.lab_hours,
  kind = excluded.kind,
  suggested_term = excluded.suggested_term,
  notes = excluded.notes,
  counts_toward_gpa = excluded.counts_toward_gpa,
  counts_toward_progress = excluded.counts_toward_progress,
  grading_mode = excluded.grading_mode;

insert into public.program_courses (id, program_id, catalog_course_id, group_id, category, kind, suggested_term, notes, counts_toward_gpa, counts_toward_progress, grading_mode, display_order)
values ('httt-2024-csc15004', 'httt-2024', 'CSC15004', 'httt-2024-major-core', 'major-core', 'elective', 5, null, true, true, 'numeric', 110)
on conflict (id) do update set
  program_id = excluded.program_id,
  catalog_course_id = excluded.catalog_course_id,
  group_id = excluded.group_id,
  category = excluded.category,
  kind = excluded.kind,
  suggested_term = excluded.suggested_term,
  notes = excluded.notes,
  counts_toward_gpa = excluded.counts_toward_gpa,
  counts_toward_progress = excluded.counts_toward_progress,
  grading_mode = excluded.grading_mode,
  display_order = excluded.display_order;

insert into public.courses (id, program_id, group_id, category, code, title, credits, lecture_hours, practice_hours, lab_hours, kind, suggested_term, notes, counts_toward_gpa, counts_toward_progress, grading_mode)
values ('httt-2024-csc15004', 'httt-2024', 'httt-2024-major-core', 'major-core', 'CSC15004', 'Học thống kê', 4, 45, 30, 0, 'elective', 5, null, true, true, 'numeric')
on conflict (id) do update set
  group_id = excluded.group_id,
  category = excluded.category,
  code = excluded.code,
  title = excluded.title,
  credits = excluded.credits,
  lecture_hours = excluded.lecture_hours,
  practice_hours = excluded.practice_hours,
  lab_hours = excluded.lab_hours,
  kind = excluded.kind,
  suggested_term = excluded.suggested_term,
  notes = excluded.notes,
  counts_toward_gpa = excluded.counts_toward_gpa,
  counts_toward_progress = excluded.counts_toward_progress,
  grading_mode = excluded.grading_mode;

insert into public.program_courses (id, program_id, catalog_course_id, group_id, category, kind, suggested_term, notes, counts_toward_gpa, counts_toward_progress, grading_mode, display_order)
values ('httt-2024-csc15005', 'httt-2024', 'CSC15005', 'httt-2024-major-core', 'major-core', 'required', 5, null, true, true, 'numeric', 111)
on conflict (id) do update set
  program_id = excluded.program_id,
  catalog_course_id = excluded.catalog_course_id,
  group_id = excluded.group_id,
  category = excluded.category,
  kind = excluded.kind,
  suggested_term = excluded.suggested_term,
  notes = excluded.notes,
  counts_toward_gpa = excluded.counts_toward_gpa,
  counts_toward_progress = excluded.counts_toward_progress,
  grading_mode = excluded.grading_mode,
  display_order = excluded.display_order;

insert into public.courses (id, program_id, group_id, category, code, title, credits, lecture_hours, practice_hours, lab_hours, kind, suggested_term, notes, counts_toward_gpa, counts_toward_progress, grading_mode)
values ('httt-2024-csc15005', 'httt-2024', 'httt-2024-major-core', 'major-core', 'CSC15005', 'Nhập môn mã hóa - mật mã', 4, 4, 10, 0, 'required', 5, null, true, true, 'numeric')
on conflict (id) do update set
  group_id = excluded.group_id,
  category = excluded.category,
  code = excluded.code,
  title = excluded.title,
  credits = excluded.credits,
  lecture_hours = excluded.lecture_hours,
  practice_hours = excluded.practice_hours,
  lab_hours = excluded.lab_hours,
  kind = excluded.kind,
  suggested_term = excluded.suggested_term,
  notes = excluded.notes,
  counts_toward_gpa = excluded.counts_toward_gpa,
  counts_toward_progress = excluded.counts_toward_progress,
  grading_mode = excluded.grading_mode;

insert into public.program_courses (id, program_id, catalog_course_id, group_id, category, kind, suggested_term, notes, counts_toward_gpa, counts_toward_progress, grading_mode, display_order)
values ('httt-2024-csc15006', 'httt-2024', 'CSC15006', 'httt-2024-major-core', 'major-core', 'required', 5, null, true, true, 'numeric', 112)
on conflict (id) do update set
  program_id = excluded.program_id,
  catalog_course_id = excluded.catalog_course_id,
  group_id = excluded.group_id,
  category = excluded.category,
  kind = excluded.kind,
  suggested_term = excluded.suggested_term,
  notes = excluded.notes,
  counts_toward_gpa = excluded.counts_toward_gpa,
  counts_toward_progress = excluded.counts_toward_progress,
  grading_mode = excluded.grading_mode,
  display_order = excluded.display_order;

insert into public.courses (id, program_id, group_id, category, code, title, credits, lecture_hours, practice_hours, lab_hours, kind, suggested_term, notes, counts_toward_gpa, counts_toward_progress, grading_mode)
values ('httt-2024-csc15006', 'httt-2024', 'httt-2024-major-core', 'major-core', 'CSC15006', 'Nhập môn xử lý ngôn ngữ tự nhiên', 4, 4, 11, 0, 'required', 5, null, true, true, 'numeric')
on conflict (id) do update set
  group_id = excluded.group_id,
  category = excluded.category,
  code = excluded.code,
  title = excluded.title,
  credits = excluded.credits,
  lecture_hours = excluded.lecture_hours,
  practice_hours = excluded.practice_hours,
  lab_hours = excluded.lab_hours,
  kind = excluded.kind,
  suggested_term = excluded.suggested_term,
  notes = excluded.notes,
  counts_toward_gpa = excluded.counts_toward_gpa,
  counts_toward_progress = excluded.counts_toward_progress,
  grading_mode = excluded.grading_mode;

insert into public.program_courses (id, program_id, catalog_course_id, group_id, category, kind, suggested_term, notes, counts_toward_gpa, counts_toward_progress, grading_mode, display_order)
values ('httt-2024-csc15007', 'httt-2024', 'CSC15007', 'httt-2024-major-core', 'major-core', 'elective', 5, null, true, true, 'numeric', 113)
on conflict (id) do update set
  program_id = excluded.program_id,
  catalog_course_id = excluded.catalog_course_id,
  group_id = excluded.group_id,
  category = excluded.category,
  kind = excluded.kind,
  suggested_term = excluded.suggested_term,
  notes = excluded.notes,
  counts_toward_gpa = excluded.counts_toward_gpa,
  counts_toward_progress = excluded.counts_toward_progress,
  grading_mode = excluded.grading_mode,
  display_order = excluded.display_order;

insert into public.courses (id, program_id, group_id, category, code, title, credits, lecture_hours, practice_hours, lab_hours, kind, suggested_term, notes, counts_toward_gpa, counts_toward_progress, grading_mode)
values ('httt-2024-csc15007', 'httt-2024', 'httt-2024-major-core', 'major-core', 'CSC15007', 'Thống kê máy tính và ứng dụng', 4, 45, 30, 0, 'elective', 5, null, true, true, 'numeric')
on conflict (id) do update set
  group_id = excluded.group_id,
  category = excluded.category,
  code = excluded.code,
  title = excluded.title,
  credits = excluded.credits,
  lecture_hours = excluded.lecture_hours,
  practice_hours = excluded.practice_hours,
  lab_hours = excluded.lab_hours,
  kind = excluded.kind,
  suggested_term = excluded.suggested_term,
  notes = excluded.notes,
  counts_toward_gpa = excluded.counts_toward_gpa,
  counts_toward_progress = excluded.counts_toward_progress,
  grading_mode = excluded.grading_mode;

insert into public.program_courses (id, program_id, catalog_course_id, group_id, category, kind, suggested_term, notes, counts_toward_gpa, counts_toward_progress, grading_mode, display_order)
values ('httt-2024-csc15009', 'httt-2024', 'CSC15009', 'httt-2024-major-core', 'major-core', 'elective', 5, null, true, true, 'numeric', 114)
on conflict (id) do update set
  program_id = excluded.program_id,
  catalog_course_id = excluded.catalog_course_id,
  group_id = excluded.group_id,
  category = excluded.category,
  kind = excluded.kind,
  suggested_term = excluded.suggested_term,
  notes = excluded.notes,
  counts_toward_gpa = excluded.counts_toward_gpa,
  counts_toward_progress = excluded.counts_toward_progress,
  grading_mode = excluded.grading_mode,
  display_order = excluded.display_order;

insert into public.courses (id, program_id, group_id, category, code, title, credits, lecture_hours, practice_hours, lab_hours, kind, suggested_term, notes, counts_toward_gpa, counts_toward_progress, grading_mode)
values ('httt-2024-csc15009', 'httt-2024', 'httt-2024-major-core', 'major-core', 'CSC15009', 'Xử lý tín hiệu số', 4, 45, 30, 0, 'elective', 5, null, true, true, 'numeric')
on conflict (id) do update set
  group_id = excluded.group_id,
  category = excluded.category,
  code = excluded.code,
  title = excluded.title,
  credits = excluded.credits,
  lecture_hours = excluded.lecture_hours,
  practice_hours = excluded.practice_hours,
  lab_hours = excluded.lab_hours,
  kind = excluded.kind,
  suggested_term = excluded.suggested_term,
  notes = excluded.notes,
  counts_toward_gpa = excluded.counts_toward_gpa,
  counts_toward_progress = excluded.counts_toward_progress,
  grading_mode = excluded.grading_mode;

insert into public.program_courses (id, program_id, catalog_course_id, group_id, category, kind, suggested_term, notes, counts_toward_gpa, counts_toward_progress, grading_mode, display_order)
values ('httt-2024-csc15010', 'httt-2024', 'CSC15010', 'httt-2024-major-core', 'major-core', 'required', 5, null, true, true, 'numeric', 115)
on conflict (id) do update set
  program_id = excluded.program_id,
  catalog_course_id = excluded.catalog_course_id,
  group_id = excluded.group_id,
  category = excluded.category,
  kind = excluded.kind,
  suggested_term = excluded.suggested_term,
  notes = excluded.notes,
  counts_toward_gpa = excluded.counts_toward_gpa,
  counts_toward_progress = excluded.counts_toward_progress,
  grading_mode = excluded.grading_mode,
  display_order = excluded.display_order;

insert into public.courses (id, program_id, group_id, category, code, title, credits, lecture_hours, practice_hours, lab_hours, kind, suggested_term, notes, counts_toward_gpa, counts_toward_progress, grading_mode)
values ('httt-2024-csc15010', 'httt-2024', 'httt-2024-major-core', 'major-core', 'CSC15010', 'Blockchain và ứng dụng', 4, 4, 12, 0, 'required', 5, null, true, true, 'numeric')
on conflict (id) do update set
  group_id = excluded.group_id,
  category = excluded.category,
  code = excluded.code,
  title = excluded.title,
  credits = excluded.credits,
  lecture_hours = excluded.lecture_hours,
  practice_hours = excluded.practice_hours,
  lab_hours = excluded.lab_hours,
  kind = excluded.kind,
  suggested_term = excluded.suggested_term,
  notes = excluded.notes,
  counts_toward_gpa = excluded.counts_toward_gpa,
  counts_toward_progress = excluded.counts_toward_progress,
  grading_mode = excluded.grading_mode;

insert into public.program_courses (id, program_id, catalog_course_id, group_id, category, kind, suggested_term, notes, counts_toward_gpa, counts_toward_progress, grading_mode, display_order)
values ('httt-2024-csc15011', 'httt-2024', 'CSC15011', 'httt-2024-major-core', 'major-core', 'elective', 5, null, true, true, 'numeric', 116)
on conflict (id) do update set
  program_id = excluded.program_id,
  catalog_course_id = excluded.catalog_course_id,
  group_id = excluded.group_id,
  category = excluded.category,
  kind = excluded.kind,
  suggested_term = excluded.suggested_term,
  notes = excluded.notes,
  counts_toward_gpa = excluded.counts_toward_gpa,
  counts_toward_progress = excluded.counts_toward_progress,
  grading_mode = excluded.grading_mode,
  display_order = excluded.display_order;

insert into public.courses (id, program_id, group_id, category, code, title, credits, lecture_hours, practice_hours, lab_hours, kind, suggested_term, notes, counts_toward_gpa, counts_toward_progress, grading_mode)
values ('httt-2024-csc15011', 'httt-2024', 'httt-2024-major-core', 'major-core', 'CSC15011', 'Nhập môn ngôn ngữ học thống kê và ứng dụng', 4, 45, 30, 0, 'elective', 5, null, true, true, 'numeric')
on conflict (id) do update set
  group_id = excluded.group_id,
  category = excluded.category,
  code = excluded.code,
  title = excluded.title,
  credits = excluded.credits,
  lecture_hours = excluded.lecture_hours,
  practice_hours = excluded.practice_hours,
  lab_hours = excluded.lab_hours,
  kind = excluded.kind,
  suggested_term = excluded.suggested_term,
  notes = excluded.notes,
  counts_toward_gpa = excluded.counts_toward_gpa,
  counts_toward_progress = excluded.counts_toward_progress,
  grading_mode = excluded.grading_mode;

insert into public.program_courses (id, program_id, catalog_course_id, group_id, category, kind, suggested_term, notes, counts_toward_gpa, counts_toward_progress, grading_mode, display_order)
values ('httt-2024-csc15012', 'httt-2024', 'CSC15012', 'httt-2024-major-core', 'major-core', 'elective', 5, null, true, true, 'numeric', 117)
on conflict (id) do update set
  program_id = excluded.program_id,
  catalog_course_id = excluded.catalog_course_id,
  group_id = excluded.group_id,
  category = excluded.category,
  kind = excluded.kind,
  suggested_term = excluded.suggested_term,
  notes = excluded.notes,
  counts_toward_gpa = excluded.counts_toward_gpa,
  counts_toward_progress = excluded.counts_toward_progress,
  grading_mode = excluded.grading_mode,
  display_order = excluded.display_order;

insert into public.courses (id, program_id, group_id, category, code, title, credits, lecture_hours, practice_hours, lab_hours, kind, suggested_term, notes, counts_toward_gpa, counts_toward_progress, grading_mode)
values ('httt-2024-csc15012', 'httt-2024', 'httt-2024-major-core', 'major-core', 'CSC15012', 'Ứng dụng xử lý ngôn ngữ tự nhiên trong doanh nghiệp', 4, 45, 30, 0, 'elective', 5, null, true, true, 'numeric')
on conflict (id) do update set
  group_id = excluded.group_id,
  category = excluded.category,
  code = excluded.code,
  title = excluded.title,
  credits = excluded.credits,
  lecture_hours = excluded.lecture_hours,
  practice_hours = excluded.practice_hours,
  lab_hours = excluded.lab_hours,
  kind = excluded.kind,
  suggested_term = excluded.suggested_term,
  notes = excluded.notes,
  counts_toward_gpa = excluded.counts_toward_gpa,
  counts_toward_progress = excluded.counts_toward_progress,
  grading_mode = excluded.grading_mode;

insert into public.program_courses (id, program_id, catalog_course_id, group_id, category, kind, suggested_term, notes, counts_toward_gpa, counts_toward_progress, grading_mode, display_order)
values ('httt-2024-csc15102', 'httt-2024', 'CSC15102', 'httt-2024-major-core', 'major-core', 'required', 5, null, true, true, 'numeric', 118)
on conflict (id) do update set
  program_id = excluded.program_id,
  catalog_course_id = excluded.catalog_course_id,
  group_id = excluded.group_id,
  category = excluded.category,
  kind = excluded.kind,
  suggested_term = excluded.suggested_term,
  notes = excluded.notes,
  counts_toward_gpa = excluded.counts_toward_gpa,
  counts_toward_progress = excluded.counts_toward_progress,
  grading_mode = excluded.grading_mode,
  display_order = excluded.display_order;

insert into public.courses (id, program_id, group_id, category, code, title, credits, lecture_hours, practice_hours, lab_hours, kind, suggested_term, notes, counts_toward_gpa, counts_toward_progress, grading_mode)
values ('httt-2024-csc15102', 'httt-2024', 'httt-2024-major-core', 'major-core', 'CSC15102', 'Phân tích mạng xã hội', 4, 4, 13, 0, 'required', 5, null, true, true, 'numeric')
on conflict (id) do update set
  group_id = excluded.group_id,
  category = excluded.category,
  code = excluded.code,
  title = excluded.title,
  credits = excluded.credits,
  lecture_hours = excluded.lecture_hours,
  practice_hours = excluded.practice_hours,
  lab_hours = excluded.lab_hours,
  kind = excluded.kind,
  suggested_term = excluded.suggested_term,
  notes = excluded.notes,
  counts_toward_gpa = excluded.counts_toward_gpa,
  counts_toward_progress = excluded.counts_toward_progress,
  grading_mode = excluded.grading_mode;

insert into public.program_courses (id, program_id, catalog_course_id, group_id, category, kind, suggested_term, notes, counts_toward_gpa, counts_toward_progress, grading_mode, display_order)
values ('httt-2024-csc15105', 'httt-2024', 'CSC15105', 'httt-2024-major-core', 'major-core', 'required', 5, null, true, true, 'numeric', 119)
on conflict (id) do update set
  program_id = excluded.program_id,
  catalog_course_id = excluded.catalog_course_id,
  group_id = excluded.group_id,
  category = excluded.category,
  kind = excluded.kind,
  suggested_term = excluded.suggested_term,
  notes = excluded.notes,
  counts_toward_gpa = excluded.counts_toward_gpa,
  counts_toward_progress = excluded.counts_toward_progress,
  grading_mode = excluded.grading_mode,
  display_order = excluded.display_order;

insert into public.courses (id, program_id, group_id, category, code, title, credits, lecture_hours, practice_hours, lab_hours, kind, suggested_term, notes, counts_toward_gpa, counts_toward_progress, grading_mode)
values ('httt-2024-csc15105', 'httt-2024', 'httt-2024-major-core', 'major-core', 'CSC15105', 'Khai thác dữ liệu văn bản và ứng dụng', 4, 4, 14, 0, 'required', 5, null, true, true, 'numeric')
on conflict (id) do update set
  group_id = excluded.group_id,
  category = excluded.category,
  code = excluded.code,
  title = excluded.title,
  credits = excluded.credits,
  lecture_hours = excluded.lecture_hours,
  practice_hours = excluded.practice_hours,
  lab_hours = excluded.lab_hours,
  kind = excluded.kind,
  suggested_term = excluded.suggested_term,
  notes = excluded.notes,
  counts_toward_gpa = excluded.counts_toward_gpa,
  counts_toward_progress = excluded.counts_toward_progress,
  grading_mode = excluded.grading_mode;

insert into public.program_courses (id, program_id, catalog_course_id, group_id, category, kind, suggested_term, notes, counts_toward_gpa, counts_toward_progress, grading_mode, display_order)
values ('httt-2024-csc15107', 'httt-2024', 'CSC15107', 'httt-2024-major-core', 'major-core', 'required', 5, null, true, true, 'numeric', 120)
on conflict (id) do update set
  program_id = excluded.program_id,
  catalog_course_id = excluded.catalog_course_id,
  group_id = excluded.group_id,
  category = excluded.category,
  kind = excluded.kind,
  suggested_term = excluded.suggested_term,
  notes = excluded.notes,
  counts_toward_gpa = excluded.counts_toward_gpa,
  counts_toward_progress = excluded.counts_toward_progress,
  grading_mode = excluded.grading_mode,
  display_order = excluded.display_order;

insert into public.courses (id, program_id, group_id, category, code, title, credits, lecture_hours, practice_hours, lab_hours, kind, suggested_term, notes, counts_toward_gpa, counts_toward_progress, grading_mode)
values ('httt-2024-csc15107', 'httt-2024', 'httt-2024-major-core', 'major-core', 'CSC15107', 'Phân tích dữ liệu bảo toàn tính riêng tư', 4, 4, 15, 0, 'required', 5, null, true, true, 'numeric')
on conflict (id) do update set
  group_id = excluded.group_id,
  category = excluded.category,
  code = excluded.code,
  title = excluded.title,
  credits = excluded.credits,
  lecture_hours = excluded.lecture_hours,
  practice_hours = excluded.practice_hours,
  lab_hours = excluded.lab_hours,
  kind = excluded.kind,
  suggested_term = excluded.suggested_term,
  notes = excluded.notes,
  counts_toward_gpa = excluded.counts_toward_gpa,
  counts_toward_progress = excluded.counts_toward_progress,
  grading_mode = excluded.grading_mode;

insert into public.program_courses (id, program_id, catalog_course_id, group_id, category, kind, suggested_term, notes, counts_toward_gpa, counts_toward_progress, grading_mode, display_order)
values ('httt-2024-csc15108', 'httt-2024', 'CSC15108', 'httt-2024-major-core', 'major-core', 'elective', 5, null, true, true, 'numeric', 121)
on conflict (id) do update set
  program_id = excluded.program_id,
  catalog_course_id = excluded.catalog_course_id,
  group_id = excluded.group_id,
  category = excluded.category,
  kind = excluded.kind,
  suggested_term = excluded.suggested_term,
  notes = excluded.notes,
  counts_toward_gpa = excluded.counts_toward_gpa,
  counts_toward_progress = excluded.counts_toward_progress,
  grading_mode = excluded.grading_mode,
  display_order = excluded.display_order;

insert into public.courses (id, program_id, group_id, category, code, title, credits, lecture_hours, practice_hours, lab_hours, kind, suggested_term, notes, counts_toward_gpa, counts_toward_progress, grading_mode)
values ('httt-2024-csc15108', 'httt-2024', 'httt-2024-major-core', 'major-core', 'CSC15108', 'Pháp chứng cho dữ liệu số', 4, 45, 30, 0, 'elective', 5, null, true, true, 'numeric')
on conflict (id) do update set
  group_id = excluded.group_id,
  category = excluded.category,
  code = excluded.code,
  title = excluded.title,
  credits = excluded.credits,
  lecture_hours = excluded.lecture_hours,
  practice_hours = excluded.practice_hours,
  lab_hours = excluded.lab_hours,
  kind = excluded.kind,
  suggested_term = excluded.suggested_term,
  notes = excluded.notes,
  counts_toward_gpa = excluded.counts_toward_gpa,
  counts_toward_progress = excluded.counts_toward_progress,
  grading_mode = excluded.grading_mode;

insert into public.program_courses (id, program_id, catalog_course_id, group_id, category, kind, suggested_term, notes, counts_toward_gpa, counts_toward_progress, grading_mode, display_order)
values ('httt-2024-csc15109', 'httt-2024', 'CSC15109', 'httt-2024-major-core', 'major-core', 'elective', 5, null, true, true, 'numeric', 122)
on conflict (id) do update set
  program_id = excluded.program_id,
  catalog_course_id = excluded.catalog_course_id,
  group_id = excluded.group_id,
  category = excluded.category,
  kind = excluded.kind,
  suggested_term = excluded.suggested_term,
  notes = excluded.notes,
  counts_toward_gpa = excluded.counts_toward_gpa,
  counts_toward_progress = excluded.counts_toward_progress,
  grading_mode = excluded.grading_mode,
  display_order = excluded.display_order;

insert into public.courses (id, program_id, group_id, category, code, title, credits, lecture_hours, practice_hours, lab_hours, kind, suggested_term, notes, counts_toward_gpa, counts_toward_progress, grading_mode)
values ('httt-2024-csc15109', 'httt-2024', 'httt-2024-major-core', 'major-core', 'CSC15109', 'Nhập môn tính toán lượng tử', 4, 45, 30, 0, 'elective', 5, null, true, true, 'numeric')
on conflict (id) do update set
  group_id = excluded.group_id,
  category = excluded.category,
  code = excluded.code,
  title = excluded.title,
  credits = excluded.credits,
  lecture_hours = excluded.lecture_hours,
  practice_hours = excluded.practice_hours,
  lab_hours = excluded.lab_hours,
  kind = excluded.kind,
  suggested_term = excluded.suggested_term,
  notes = excluded.notes,
  counts_toward_gpa = excluded.counts_toward_gpa,
  counts_toward_progress = excluded.counts_toward_progress,
  grading_mode = excluded.grading_mode;

insert into public.program_courses (id, program_id, catalog_course_id, group_id, category, kind, suggested_term, notes, counts_toward_gpa, counts_toward_progress, grading_mode, display_order)
values ('httt-2024-csc16001', 'httt-2024', 'CSC16001', 'httt-2024-major-core', 'major-core', 'elective', 5, null, true, true, 'numeric', 123)
on conflict (id) do update set
  program_id = excluded.program_id,
  catalog_course_id = excluded.catalog_course_id,
  group_id = excluded.group_id,
  category = excluded.category,
  kind = excluded.kind,
  suggested_term = excluded.suggested_term,
  notes = excluded.notes,
  counts_toward_gpa = excluded.counts_toward_gpa,
  counts_toward_progress = excluded.counts_toward_progress,
  grading_mode = excluded.grading_mode,
  display_order = excluded.display_order;

insert into public.courses (id, program_id, group_id, category, code, title, credits, lecture_hours, practice_hours, lab_hours, kind, suggested_term, notes, counts_toward_gpa, counts_toward_progress, grading_mode)
values ('httt-2024-csc16001', 'httt-2024', 'httt-2024-major-core', 'major-core', 'CSC16001', 'Đồ họa máy tính', 4, 45, 30, 0, 'elective', 5, null, true, true, 'numeric')
on conflict (id) do update set
  group_id = excluded.group_id,
  category = excluded.category,
  code = excluded.code,
  title = excluded.title,
  credits = excluded.credits,
  lecture_hours = excluded.lecture_hours,
  practice_hours = excluded.practice_hours,
  lab_hours = excluded.lab_hours,
  kind = excluded.kind,
  suggested_term = excluded.suggested_term,
  notes = excluded.notes,
  counts_toward_gpa = excluded.counts_toward_gpa,
  counts_toward_progress = excluded.counts_toward_progress,
  grading_mode = excluded.grading_mode;

insert into public.program_courses (id, program_id, catalog_course_id, group_id, category, kind, suggested_term, notes, counts_toward_gpa, counts_toward_progress, grading_mode, display_order)
values ('httt-2024-csc16002', 'httt-2024', 'CSC16002', 'httt-2024-major-core', 'major-core', 'required', 5, null, true, true, 'numeric', 124)
on conflict (id) do update set
  program_id = excluded.program_id,
  catalog_course_id = excluded.catalog_course_id,
  group_id = excluded.group_id,
  category = excluded.category,
  kind = excluded.kind,
  suggested_term = excluded.suggested_term,
  notes = excluded.notes,
  counts_toward_gpa = excluded.counts_toward_gpa,
  counts_toward_progress = excluded.counts_toward_progress,
  grading_mode = excluded.grading_mode,
  display_order = excluded.display_order;

insert into public.courses (id, program_id, group_id, category, code, title, credits, lecture_hours, practice_hours, lab_hours, kind, suggested_term, notes, counts_toward_gpa, counts_toward_progress, grading_mode)
values ('httt-2024-csc16002', 'httt-2024', 'httt-2024-major-core', 'major-core', 'CSC16002', 'Phương pháp toán trong phân tích dữ liệu thị giác', 4, 4, 16, 0, 'required', 5, null, true, true, 'numeric')
on conflict (id) do update set
  group_id = excluded.group_id,
  category = excluded.category,
  code = excluded.code,
  title = excluded.title,
  credits = excluded.credits,
  lecture_hours = excluded.lecture_hours,
  practice_hours = excluded.practice_hours,
  lab_hours = excluded.lab_hours,
  kind = excluded.kind,
  suggested_term = excluded.suggested_term,
  notes = excluded.notes,
  counts_toward_gpa = excluded.counts_toward_gpa,
  counts_toward_progress = excluded.counts_toward_progress,
  grading_mode = excluded.grading_mode;

insert into public.program_courses (id, program_id, catalog_course_id, group_id, category, kind, suggested_term, notes, counts_toward_gpa, counts_toward_progress, grading_mode, display_order)
values ('httt-2024-csc16003', 'httt-2024', 'CSC16003', 'httt-2024-major-core', 'major-core', 'elective', 5, null, true, true, 'numeric', 125)
on conflict (id) do update set
  program_id = excluded.program_id,
  catalog_course_id = excluded.catalog_course_id,
  group_id = excluded.group_id,
  category = excluded.category,
  kind = excluded.kind,
  suggested_term = excluded.suggested_term,
  notes = excluded.notes,
  counts_toward_gpa = excluded.counts_toward_gpa,
  counts_toward_progress = excluded.counts_toward_progress,
  grading_mode = excluded.grading_mode,
  display_order = excluded.display_order;

insert into public.courses (id, program_id, group_id, category, code, title, credits, lecture_hours, practice_hours, lab_hours, kind, suggested_term, notes, counts_toward_gpa, counts_toward_progress, grading_mode)
values ('httt-2024-csc16003', 'httt-2024', 'httt-2024-major-core', 'major-core', 'CSC16003', 'Phân tích thống kê dữ liệu nhiều biến', 4, 45, 30, 0, 'elective', 5, null, true, true, 'numeric')
on conflict (id) do update set
  group_id = excluded.group_id,
  category = excluded.category,
  code = excluded.code,
  title = excluded.title,
  credits = excluded.credits,
  lecture_hours = excluded.lecture_hours,
  practice_hours = excluded.practice_hours,
  lab_hours = excluded.lab_hours,
  kind = excluded.kind,
  suggested_term = excluded.suggested_term,
  notes = excluded.notes,
  counts_toward_gpa = excluded.counts_toward_gpa,
  counts_toward_progress = excluded.counts_toward_progress,
  grading_mode = excluded.grading_mode;

insert into public.program_courses (id, program_id, catalog_course_id, group_id, category, kind, suggested_term, notes, counts_toward_gpa, counts_toward_progress, grading_mode, display_order)
values ('httt-2024-csc16004', 'httt-2024', 'CSC16004', 'httt-2024-major-core', 'major-core', 'required', 5, null, true, true, 'numeric', 126)
on conflict (id) do update set
  program_id = excluded.program_id,
  catalog_course_id = excluded.catalog_course_id,
  group_id = excluded.group_id,
  category = excluded.category,
  kind = excluded.kind,
  suggested_term = excluded.suggested_term,
  notes = excluded.notes,
  counts_toward_gpa = excluded.counts_toward_gpa,
  counts_toward_progress = excluded.counts_toward_progress,
  grading_mode = excluded.grading_mode,
  display_order = excluded.display_order;

insert into public.courses (id, program_id, group_id, category, code, title, credits, lecture_hours, practice_hours, lab_hours, kind, suggested_term, notes, counts_toward_gpa, counts_toward_progress, grading_mode)
values ('httt-2024-csc16004', 'httt-2024', 'httt-2024-major-core', 'major-core', 'CSC16004', 'Thị giác máy tính', 4, 4, 17, 0, 'required', 5, null, true, true, 'numeric')
on conflict (id) do update set
  group_id = excluded.group_id,
  category = excluded.category,
  code = excluded.code,
  title = excluded.title,
  credits = excluded.credits,
  lecture_hours = excluded.lecture_hours,
  practice_hours = excluded.practice_hours,
  lab_hours = excluded.lab_hours,
  kind = excluded.kind,
  suggested_term = excluded.suggested_term,
  notes = excluded.notes,
  counts_toward_gpa = excluded.counts_toward_gpa,
  counts_toward_progress = excluded.counts_toward_progress,
  grading_mode = excluded.grading_mode;

insert into public.program_courses (id, program_id, catalog_course_id, group_id, category, kind, suggested_term, notes, counts_toward_gpa, counts_toward_progress, grading_mode, display_order)
values ('httt-2024-csc16005', 'httt-2024', 'CSC16005', 'httt-2024-major-core', 'major-core', 'required', 5, null, true, true, 'numeric', 127)
on conflict (id) do update set
  program_id = excluded.program_id,
  catalog_course_id = excluded.catalog_course_id,
  group_id = excluded.group_id,
  category = excluded.category,
  kind = excluded.kind,
  suggested_term = excluded.suggested_term,
  notes = excluded.notes,
  counts_toward_gpa = excluded.counts_toward_gpa,
  counts_toward_progress = excluded.counts_toward_progress,
  grading_mode = excluded.grading_mode,
  display_order = excluded.display_order;

insert into public.courses (id, program_id, group_id, category, code, title, credits, lecture_hours, practice_hours, lab_hours, kind, suggested_term, notes, counts_toward_gpa, counts_toward_progress, grading_mode)
values ('httt-2024-csc16005', 'httt-2024', 'httt-2024-major-core', 'major-core', 'CSC16005', 'Xử lý ảnh số và video số', 4, 4, 18, 0, 'required', 5, null, true, true, 'numeric')
on conflict (id) do update set
  group_id = excluded.group_id,
  category = excluded.category,
  code = excluded.code,
  title = excluded.title,
  credits = excluded.credits,
  lecture_hours = excluded.lecture_hours,
  practice_hours = excluded.practice_hours,
  lab_hours = excluded.lab_hours,
  kind = excluded.kind,
  suggested_term = excluded.suggested_term,
  notes = excluded.notes,
  counts_toward_gpa = excluded.counts_toward_gpa,
  counts_toward_progress = excluded.counts_toward_progress,
  grading_mode = excluded.grading_mode;

insert into public.program_courses (id, program_id, catalog_course_id, group_id, category, kind, suggested_term, notes, counts_toward_gpa, counts_toward_progress, grading_mode, display_order)
values ('httt-2024-csc16101', 'httt-2024', 'CSC16101', 'httt-2024-major-core', 'major-core', 'elective', 5, null, true, true, 'numeric', 128)
on conflict (id) do update set
  program_id = excluded.program_id,
  catalog_course_id = excluded.catalog_course_id,
  group_id = excluded.group_id,
  category = excluded.category,
  kind = excluded.kind,
  suggested_term = excluded.suggested_term,
  notes = excluded.notes,
  counts_toward_gpa = excluded.counts_toward_gpa,
  counts_toward_progress = excluded.counts_toward_progress,
  grading_mode = excluded.grading_mode,
  display_order = excluded.display_order;

insert into public.courses (id, program_id, group_id, category, code, title, credits, lecture_hours, practice_hours, lab_hours, kind, suggested_term, notes, counts_toward_gpa, counts_toward_progress, grading_mode)
values ('httt-2024-csc16101', 'httt-2024', 'httt-2024-major-core', 'major-core', 'CSC16101', 'Đồ họa ứng dụng', 4, 45, 30, 0, 'elective', 5, null, true, true, 'numeric')
on conflict (id) do update set
  group_id = excluded.group_id,
  category = excluded.category,
  code = excluded.code,
  title = excluded.title,
  credits = excluded.credits,
  lecture_hours = excluded.lecture_hours,
  practice_hours = excluded.practice_hours,
  lab_hours = excluded.lab_hours,
  kind = excluded.kind,
  suggested_term = excluded.suggested_term,
  notes = excluded.notes,
  counts_toward_gpa = excluded.counts_toward_gpa,
  counts_toward_progress = excluded.counts_toward_progress,
  grading_mode = excluded.grading_mode;

insert into public.program_courses (id, program_id, catalog_course_id, group_id, category, kind, suggested_term, notes, counts_toward_gpa, counts_toward_progress, grading_mode, display_order)
values ('httt-2024-csc16102', 'httt-2024', 'CSC16102', 'httt-2024-major-core', 'major-core', 'elective', 5, null, true, true, 'numeric', 129)
on conflict (id) do update set
  program_id = excluded.program_id,
  catalog_course_id = excluded.catalog_course_id,
  group_id = excluded.group_id,
  category = excluded.category,
  kind = excluded.kind,
  suggested_term = excluded.suggested_term,
  notes = excluded.notes,
  counts_toward_gpa = excluded.counts_toward_gpa,
  counts_toward_progress = excluded.counts_toward_progress,
  grading_mode = excluded.grading_mode,
  display_order = excluded.display_order;

insert into public.courses (id, program_id, group_id, category, code, title, credits, lecture_hours, practice_hours, lab_hours, kind, suggested_term, notes, counts_toward_gpa, counts_toward_progress, grading_mode)
values ('httt-2024-csc16102', 'httt-2024', 'httt-2024-major-core', 'major-core', 'CSC16102', 'Kỹ thuật lập trình xử lý ảnh số và video số', 4, 45, 30, 0, 'elective', 5, null, true, true, 'numeric')
on conflict (id) do update set
  group_id = excluded.group_id,
  category = excluded.category,
  code = excluded.code,
  title = excluded.title,
  credits = excluded.credits,
  lecture_hours = excluded.lecture_hours,
  practice_hours = excluded.practice_hours,
  lab_hours = excluded.lab_hours,
  kind = excluded.kind,
  suggested_term = excluded.suggested_term,
  notes = excluded.notes,
  counts_toward_gpa = excluded.counts_toward_gpa,
  counts_toward_progress = excluded.counts_toward_progress,
  grading_mode = excluded.grading_mode;

insert into public.program_courses (id, program_id, catalog_course_id, group_id, category, kind, suggested_term, notes, counts_toward_gpa, counts_toward_progress, grading_mode, display_order)
values ('httt-2024-csc16105', 'httt-2024', 'CSC16105', 'httt-2024-major-core', 'major-core', 'elective', 5, null, true, true, 'numeric', 130)
on conflict (id) do update set
  program_id = excluded.program_id,
  catalog_course_id = excluded.catalog_course_id,
  group_id = excluded.group_id,
  category = excluded.category,
  kind = excluded.kind,
  suggested_term = excluded.suggested_term,
  notes = excluded.notes,
  counts_toward_gpa = excluded.counts_toward_gpa,
  counts_toward_progress = excluded.counts_toward_progress,
  grading_mode = excluded.grading_mode,
  display_order = excluded.display_order;

insert into public.courses (id, program_id, group_id, category, code, title, credits, lecture_hours, practice_hours, lab_hours, kind, suggested_term, notes, counts_toward_gpa, counts_toward_progress, grading_mode)
values ('httt-2024-csc16105', 'httt-2024', 'httt-2024-major-core', 'major-core', 'CSC16105', 'Truy vấn thông tin thị giác', 4, 45, 30, 0, 'elective', 5, null, true, true, 'numeric')
on conflict (id) do update set
  group_id = excluded.group_id,
  category = excluded.category,
  code = excluded.code,
  title = excluded.title,
  credits = excluded.credits,
  lecture_hours = excluded.lecture_hours,
  practice_hours = excluded.practice_hours,
  lab_hours = excluded.lab_hours,
  kind = excluded.kind,
  suggested_term = excluded.suggested_term,
  notes = excluded.notes,
  counts_toward_gpa = excluded.counts_toward_gpa,
  counts_toward_progress = excluded.counts_toward_progress,
  grading_mode = excluded.grading_mode;

insert into public.program_courses (id, program_id, catalog_course_id, group_id, category, kind, suggested_term, notes, counts_toward_gpa, counts_toward_progress, grading_mode, display_order)
values ('httt-2024-csc16106', 'httt-2024', 'CSC16106', 'httt-2024-major-core', 'major-core', 'elective', 5, null, true, true, 'numeric', 131)
on conflict (id) do update set
  program_id = excluded.program_id,
  catalog_course_id = excluded.catalog_course_id,
  group_id = excluded.group_id,
  category = excluded.category,
  kind = excluded.kind,
  suggested_term = excluded.suggested_term,
  notes = excluded.notes,
  counts_toward_gpa = excluded.counts_toward_gpa,
  counts_toward_progress = excluded.counts_toward_progress,
  grading_mode = excluded.grading_mode,
  display_order = excluded.display_order;

insert into public.courses (id, program_id, group_id, category, code, title, credits, lecture_hours, practice_hours, lab_hours, kind, suggested_term, notes, counts_toward_gpa, counts_toward_progress, grading_mode)
values ('httt-2024-csc16106', 'httt-2024', 'httt-2024-major-core', 'major-core', 'CSC16106', 'Nhập môn lập trình điều khiển thiết bị thông minh', 4, 45, 30, 0, 'elective', 5, null, true, true, 'numeric')
on conflict (id) do update set
  group_id = excluded.group_id,
  category = excluded.category,
  code = excluded.code,
  title = excluded.title,
  credits = excluded.credits,
  lecture_hours = excluded.lecture_hours,
  practice_hours = excluded.practice_hours,
  lab_hours = excluded.lab_hours,
  kind = excluded.kind,
  suggested_term = excluded.suggested_term,
  notes = excluded.notes,
  counts_toward_gpa = excluded.counts_toward_gpa,
  counts_toward_progress = excluded.counts_toward_progress,
  grading_mode = excluded.grading_mode;

insert into public.program_courses (id, program_id, catalog_course_id, group_id, category, kind, suggested_term, notes, counts_toward_gpa, counts_toward_progress, grading_mode, display_order)
values ('httt-2024-csc16107', 'httt-2024', 'CSC16107', 'httt-2024-major-core', 'major-core', 'elective', 5, null, true, true, 'numeric', 132)
on conflict (id) do update set
  program_id = excluded.program_id,
  catalog_course_id = excluded.catalog_course_id,
  group_id = excluded.group_id,
  category = excluded.category,
  kind = excluded.kind,
  suggested_term = excluded.suggested_term,
  notes = excluded.notes,
  counts_toward_gpa = excluded.counts_toward_gpa,
  counts_toward_progress = excluded.counts_toward_progress,
  grading_mode = excluded.grading_mode,
  display_order = excluded.display_order;

insert into public.courses (id, program_id, group_id, category, code, title, credits, lecture_hours, practice_hours, lab_hours, kind, suggested_term, notes, counts_toward_gpa, counts_toward_progress, grading_mode)
values ('httt-2024-csc16107', 'httt-2024', 'httt-2024-major-core', 'major-core', 'CSC16107', 'Ứng dụng thị giác máy tính', 4, 45, 30, 0, 'elective', 5, null, true, true, 'numeric')
on conflict (id) do update set
  group_id = excluded.group_id,
  category = excluded.category,
  code = excluded.code,
  title = excluded.title,
  credits = excluded.credits,
  lecture_hours = excluded.lecture_hours,
  practice_hours = excluded.practice_hours,
  lab_hours = excluded.lab_hours,
  kind = excluded.kind,
  suggested_term = excluded.suggested_term,
  notes = excluded.notes,
  counts_toward_gpa = excluded.counts_toward_gpa,
  counts_toward_progress = excluded.counts_toward_progress,
  grading_mode = excluded.grading_mode;

insert into public.program_courses (id, program_id, catalog_course_id, group_id, category, kind, suggested_term, notes, counts_toward_gpa, counts_toward_progress, grading_mode, display_order)
values ('httt-2024-csc16109', 'httt-2024', 'CSC16109', 'httt-2024-major-core', 'major-core', 'elective', 5, null, true, true, 'numeric', 133)
on conflict (id) do update set
  program_id = excluded.program_id,
  catalog_course_id = excluded.catalog_course_id,
  group_id = excluded.group_id,
  category = excluded.category,
  kind = excluded.kind,
  suggested_term = excluded.suggested_term,
  notes = excluded.notes,
  counts_toward_gpa = excluded.counts_toward_gpa,
  counts_toward_progress = excluded.counts_toward_progress,
  grading_mode = excluded.grading_mode,
  display_order = excluded.display_order;

insert into public.courses (id, program_id, group_id, category, code, title, credits, lecture_hours, practice_hours, lab_hours, kind, suggested_term, notes, counts_toward_gpa, counts_toward_progress, grading_mode)
values ('httt-2024-csc16109', 'httt-2024', 'httt-2024-major-core', 'major-core', 'CSC16109', 'Ứng dụng xử lý ảnh số và video số', 4, 45, 30, 0, 'elective', 5, null, true, true, 'numeric')
on conflict (id) do update set
  group_id = excluded.group_id,
  category = excluded.category,
  code = excluded.code,
  title = excluded.title,
  credits = excluded.credits,
  lecture_hours = excluded.lecture_hours,
  practice_hours = excluded.practice_hours,
  lab_hours = excluded.lab_hours,
  kind = excluded.kind,
  suggested_term = excluded.suggested_term,
  notes = excluded.notes,
  counts_toward_gpa = excluded.counts_toward_gpa,
  counts_toward_progress = excluded.counts_toward_progress,
  grading_mode = excluded.grading_mode;

insert into public.program_courses (id, program_id, catalog_course_id, group_id, category, kind, suggested_term, notes, counts_toward_gpa, counts_toward_progress, grading_mode, display_order)
values ('httt-2024-csc16113', 'httt-2024', 'CSC16113', 'httt-2024-major-core', 'major-core', 'elective', 5, null, true, true, 'numeric', 134)
on conflict (id) do update set
  program_id = excluded.program_id,
  catalog_course_id = excluded.catalog_course_id,
  group_id = excluded.group_id,
  category = excluded.category,
  kind = excluded.kind,
  suggested_term = excluded.suggested_term,
  notes = excluded.notes,
  counts_toward_gpa = excluded.counts_toward_gpa,
  counts_toward_progress = excluded.counts_toward_progress,
  grading_mode = excluded.grading_mode,
  display_order = excluded.display_order;

insert into public.courses (id, program_id, group_id, category, code, title, credits, lecture_hours, practice_hours, lab_hours, kind, suggested_term, notes, counts_toward_gpa, counts_toward_progress, grading_mode)
values ('httt-2024-csc16113', 'httt-2024', 'httt-2024-major-core', 'major-core', 'CSC16113', 'Thị giác máy tính ba chiều', 4, 45, 30, 0, 'elective', 5, null, true, true, 'numeric')
on conflict (id) do update set
  group_id = excluded.group_id,
  category = excluded.category,
  code = excluded.code,
  title = excluded.title,
  credits = excluded.credits,
  lecture_hours = excluded.lecture_hours,
  practice_hours = excluded.practice_hours,
  lab_hours = excluded.lab_hours,
  kind = excluded.kind,
  suggested_term = excluded.suggested_term,
  notes = excluded.notes,
  counts_toward_gpa = excluded.counts_toward_gpa,
  counts_toward_progress = excluded.counts_toward_progress,
  grading_mode = excluded.grading_mode;

insert into public.program_courses (id, program_id, catalog_course_id, group_id, category, kind, suggested_term, notes, counts_toward_gpa, counts_toward_progress, grading_mode, display_order)
values ('httt-2024-csc16114', 'httt-2024', 'CSC16114', 'httt-2024-major-core', 'major-core', 'elective', 5, null, true, true, 'numeric', 135)
on conflict (id) do update set
  program_id = excluded.program_id,
  catalog_course_id = excluded.catalog_course_id,
  group_id = excluded.group_id,
  category = excluded.category,
  kind = excluded.kind,
  suggested_term = excluded.suggested_term,
  notes = excluded.notes,
  counts_toward_gpa = excluded.counts_toward_gpa,
  counts_toward_progress = excluded.counts_toward_progress,
  grading_mode = excluded.grading_mode,
  display_order = excluded.display_order;

insert into public.courses (id, program_id, group_id, category, code, title, credits, lecture_hours, practice_hours, lab_hours, kind, suggested_term, notes, counts_toward_gpa, counts_toward_progress, grading_mode)
values ('httt-2024-csc16114', 'httt-2024', 'httt-2024-major-core', 'major-core', 'CSC16114', 'Học sâu trong Thị giác máy tính', 4, 45, 30, 0, 'elective', 5, null, true, true, 'numeric')
on conflict (id) do update set
  group_id = excluded.group_id,
  category = excluded.category,
  code = excluded.code,
  title = excluded.title,
  credits = excluded.credits,
  lecture_hours = excluded.lecture_hours,
  practice_hours = excluded.practice_hours,
  lab_hours = excluded.lab_hours,
  kind = excluded.kind,
  suggested_term = excluded.suggested_term,
  notes = excluded.notes,
  counts_toward_gpa = excluded.counts_toward_gpa,
  counts_toward_progress = excluded.counts_toward_progress,
  grading_mode = excluded.grading_mode;

insert into public.program_courses (id, program_id, catalog_course_id, group_id, category, kind, suggested_term, notes, counts_toward_gpa, counts_toward_progress, grading_mode, display_order)
values ('httt-2024-csc17001', 'httt-2024', 'CSC17001', 'httt-2024-major-core', 'major-core', 'required', 5, null, true, true, 'numeric', 136)
on conflict (id) do update set
  program_id = excluded.program_id,
  catalog_course_id = excluded.catalog_course_id,
  group_id = excluded.group_id,
  category = excluded.category,
  kind = excluded.kind,
  suggested_term = excluded.suggested_term,
  notes = excluded.notes,
  counts_toward_gpa = excluded.counts_toward_gpa,
  counts_toward_progress = excluded.counts_toward_progress,
  grading_mode = excluded.grading_mode,
  display_order = excluded.display_order;

insert into public.courses (id, program_id, group_id, category, code, title, credits, lecture_hours, practice_hours, lab_hours, kind, suggested_term, notes, counts_toward_gpa, counts_toward_progress, grading_mode)
values ('httt-2024-csc17001', 'httt-2024', 'httt-2024-major-core', 'major-core', 'CSC17001', 'Phân tích dữ liệu thông minh', 4, 4, 0, 0, 'required', 5, null, true, true, 'numeric')
on conflict (id) do update set
  group_id = excluded.group_id,
  category = excluded.category,
  code = excluded.code,
  title = excluded.title,
  credits = excluded.credits,
  lecture_hours = excluded.lecture_hours,
  practice_hours = excluded.practice_hours,
  lab_hours = excluded.lab_hours,
  kind = excluded.kind,
  suggested_term = excluded.suggested_term,
  notes = excluded.notes,
  counts_toward_gpa = excluded.counts_toward_gpa,
  counts_toward_progress = excluded.counts_toward_progress,
  grading_mode = excluded.grading_mode;

insert into public.program_courses (id, program_id, catalog_course_id, group_id, category, kind, suggested_term, notes, counts_toward_gpa, counts_toward_progress, grading_mode, display_order)
values ('httt-2024-csc17101', 'httt-2024', 'CSC17101', 'httt-2024-major-core', 'major-core', 'elective', 5, null, true, true, 'numeric', 137)
on conflict (id) do update set
  program_id = excluded.program_id,
  catalog_course_id = excluded.catalog_course_id,
  group_id = excluded.group_id,
  category = excluded.category,
  kind = excluded.kind,
  suggested_term = excluded.suggested_term,
  notes = excluded.notes,
  counts_toward_gpa = excluded.counts_toward_gpa,
  counts_toward_progress = excluded.counts_toward_progress,
  grading_mode = excluded.grading_mode,
  display_order = excluded.display_order;

insert into public.courses (id, program_id, group_id, category, code, title, credits, lecture_hours, practice_hours, lab_hours, kind, suggested_term, notes, counts_toward_gpa, counts_toward_progress, grading_mode)
values ('httt-2024-csc17101', 'httt-2024', 'httt-2024-major-core', 'major-core', 'CSC17101', 'Hệ thống tư vấn', 4, 45, 30, 0, 'elective', 5, null, true, true, 'numeric')
on conflict (id) do update set
  group_id = excluded.group_id,
  category = excluded.category,
  code = excluded.code,
  title = excluded.title,
  credits = excluded.credits,
  lecture_hours = excluded.lecture_hours,
  practice_hours = excluded.practice_hours,
  lab_hours = excluded.lab_hours,
  kind = excluded.kind,
  suggested_term = excluded.suggested_term,
  notes = excluded.notes,
  counts_toward_gpa = excluded.counts_toward_gpa,
  counts_toward_progress = excluded.counts_toward_progress,
  grading_mode = excluded.grading_mode;

insert into public.program_courses (id, program_id, catalog_course_id, group_id, category, kind, suggested_term, notes, counts_toward_gpa, counts_toward_progress, grading_mode, display_order)
values ('httt-2024-csc17102', 'httt-2024', 'CSC17102', 'httt-2024-major-core', 'major-core', 'elective', 5, null, true, true, 'numeric', 138)
on conflict (id) do update set
  program_id = excluded.program_id,
  catalog_course_id = excluded.catalog_course_id,
  group_id = excluded.group_id,
  category = excluded.category,
  kind = excluded.kind,
  suggested_term = excluded.suggested_term,
  notes = excluded.notes,
  counts_toward_gpa = excluded.counts_toward_gpa,
  counts_toward_progress = excluded.counts_toward_progress,
  grading_mode = excluded.grading_mode,
  display_order = excluded.display_order;

insert into public.courses (id, program_id, group_id, category, code, title, credits, lecture_hours, practice_hours, lab_hours, kind, suggested_term, notes, counts_toward_gpa, counts_toward_progress, grading_mode)
values ('httt-2024-csc17102', 'httt-2024', 'httt-2024-major-core', 'major-core', 'CSC17102', 'Học sâu cho khoa học dữ liệu', 4, 45, 30, 0, 'elective', 5, null, true, true, 'numeric')
on conflict (id) do update set
  group_id = excluded.group_id,
  category = excluded.category,
  code = excluded.code,
  title = excluded.title,
  credits = excluded.credits,
  lecture_hours = excluded.lecture_hours,
  practice_hours = excluded.practice_hours,
  lab_hours = excluded.lab_hours,
  kind = excluded.kind,
  suggested_term = excluded.suggested_term,
  notes = excluded.notes,
  counts_toward_gpa = excluded.counts_toward_gpa,
  counts_toward_progress = excluded.counts_toward_progress,
  grading_mode = excluded.grading_mode;

insert into public.program_courses (id, program_id, catalog_course_id, group_id, category, kind, suggested_term, notes, counts_toward_gpa, counts_toward_progress, grading_mode, display_order)
values ('httt-2024-csc17103', 'httt-2024', 'CSC17103', 'httt-2024-major-core', 'major-core', 'required', 5, null, true, true, 'numeric', 139)
on conflict (id) do update set
  program_id = excluded.program_id,
  catalog_course_id = excluded.catalog_course_id,
  group_id = excluded.group_id,
  category = excluded.category,
  kind = excluded.kind,
  suggested_term = excluded.suggested_term,
  notes = excluded.notes,
  counts_toward_gpa = excluded.counts_toward_gpa,
  counts_toward_progress = excluded.counts_toward_progress,
  grading_mode = excluded.grading_mode,
  display_order = excluded.display_order;

insert into public.courses (id, program_id, group_id, category, code, title, credits, lecture_hours, practice_hours, lab_hours, kind, suggested_term, notes, counts_toward_gpa, counts_toward_progress, grading_mode)
values ('httt-2024-csc17103', 'httt-2024', 'httt-2024-major-core', 'major-core', 'CSC17103', 'Khai thác dữ liệu đồ thị', 4, 4, 20, 0, 'required', 5, null, true, true, 'numeric')
on conflict (id) do update set
  group_id = excluded.group_id,
  category = excluded.category,
  code = excluded.code,
  title = excluded.title,
  credits = excluded.credits,
  lecture_hours = excluded.lecture_hours,
  practice_hours = excluded.practice_hours,
  lab_hours = excluded.lab_hours,
  kind = excluded.kind,
  suggested_term = excluded.suggested_term,
  notes = excluded.notes,
  counts_toward_gpa = excluded.counts_toward_gpa,
  counts_toward_progress = excluded.counts_toward_progress,
  grading_mode = excluded.grading_mode;

insert into public.program_courses (id, program_id, catalog_course_id, group_id, category, kind, suggested_term, notes, counts_toward_gpa, counts_toward_progress, grading_mode, display_order)
values ('httt-2024-csc17104', 'httt-2024', 'CSC17104', 'httt-2024-major-core', 'major-core', 'elective', 5, null, true, true, 'numeric', 140)
on conflict (id) do update set
  program_id = excluded.program_id,
  catalog_course_id = excluded.catalog_course_id,
  group_id = excluded.group_id,
  category = excluded.category,
  kind = excluded.kind,
  suggested_term = excluded.suggested_term,
  notes = excluded.notes,
  counts_toward_gpa = excluded.counts_toward_gpa,
  counts_toward_progress = excluded.counts_toward_progress,
  grading_mode = excluded.grading_mode,
  display_order = excluded.display_order;

insert into public.courses (id, program_id, group_id, category, code, title, credits, lecture_hours, practice_hours, lab_hours, kind, suggested_term, notes, counts_toward_gpa, counts_toward_progress, grading_mode)
values ('httt-2024-csc17104', 'httt-2024', 'httt-2024-major-core', 'major-core', 'CSC17104', 'Lập trình cho khoa học dữ liệu', 4, 45, 30, 0, 'elective', 5, null, true, true, 'numeric')
on conflict (id) do update set
  group_id = excluded.group_id,
  category = excluded.category,
  code = excluded.code,
  title = excluded.title,
  credits = excluded.credits,
  lecture_hours = excluded.lecture_hours,
  practice_hours = excluded.practice_hours,
  lab_hours = excluded.lab_hours,
  kind = excluded.kind,
  suggested_term = excluded.suggested_term,
  notes = excluded.notes,
  counts_toward_gpa = excluded.counts_toward_gpa,
  counts_toward_progress = excluded.counts_toward_progress,
  grading_mode = excluded.grading_mode;

insert into public.program_courses (id, program_id, catalog_course_id, group_id, category, kind, suggested_term, notes, counts_toward_gpa, counts_toward_progress, grading_mode, display_order)
values ('httt-2024-csc17106', 'httt-2024', 'CSC17106', 'httt-2024-major-core', 'major-core', 'elective', 5, null, true, true, 'numeric', 141)
on conflict (id) do update set
  program_id = excluded.program_id,
  catalog_course_id = excluded.catalog_course_id,
  group_id = excluded.group_id,
  category = excluded.category,
  kind = excluded.kind,
  suggested_term = excluded.suggested_term,
  notes = excluded.notes,
  counts_toward_gpa = excluded.counts_toward_gpa,
  counts_toward_progress = excluded.counts_toward_progress,
  grading_mode = excluded.grading_mode,
  display_order = excluded.display_order;

insert into public.courses (id, program_id, group_id, category, code, title, credits, lecture_hours, practice_hours, lab_hours, kind, suggested_term, notes, counts_toward_gpa, counts_toward_progress, grading_mode)
values ('httt-2024-csc17106', 'httt-2024', 'httt-2024-major-core', 'major-core', 'CSC17106', 'Xử lý phân tích dữ liệu trực tuyến', 4, 45, 30, 0, 'elective', 5, null, true, true, 'numeric')
on conflict (id) do update set
  group_id = excluded.group_id,
  category = excluded.category,
  code = excluded.code,
  title = excluded.title,
  credits = excluded.credits,
  lecture_hours = excluded.lecture_hours,
  practice_hours = excluded.practice_hours,
  lab_hours = excluded.lab_hours,
  kind = excluded.kind,
  suggested_term = excluded.suggested_term,
  notes = excluded.notes,
  counts_toward_gpa = excluded.counts_toward_gpa,
  counts_toward_progress = excluded.counts_toward_progress,
  grading_mode = excluded.grading_mode;

insert into public.program_courses (id, program_id, catalog_course_id, group_id, category, kind, suggested_term, notes, counts_toward_gpa, counts_toward_progress, grading_mode, display_order)
values ('httt-2024-csc17107', 'httt-2024', 'CSC17107', 'httt-2024-major-core', 'major-core', 'required', 5, null, true, true, 'numeric', 142)
on conflict (id) do update set
  program_id = excluded.program_id,
  catalog_course_id = excluded.catalog_course_id,
  group_id = excluded.group_id,
  category = excluded.category,
  kind = excluded.kind,
  suggested_term = excluded.suggested_term,
  notes = excluded.notes,
  counts_toward_gpa = excluded.counts_toward_gpa,
  counts_toward_progress = excluded.counts_toward_progress,
  grading_mode = excluded.grading_mode,
  display_order = excluded.display_order;

insert into public.courses (id, program_id, group_id, category, code, title, credits, lecture_hours, practice_hours, lab_hours, kind, suggested_term, notes, counts_toward_gpa, counts_toward_progress, grading_mode)
values ('httt-2024-csc17107', 'httt-2024', 'httt-2024-major-core', 'major-core', 'CSC17107', 'Ứng dụng phân tích dữ liệu thông minh', 4, 4, 21, 0, 'required', 5, null, true, true, 'numeric')
on conflict (id) do update set
  group_id = excluded.group_id,
  category = excluded.category,
  code = excluded.code,
  title = excluded.title,
  credits = excluded.credits,
  lecture_hours = excluded.lecture_hours,
  practice_hours = excluded.practice_hours,
  lab_hours = excluded.lab_hours,
  kind = excluded.kind,
  suggested_term = excluded.suggested_term,
  notes = excluded.notes,
  counts_toward_gpa = excluded.counts_toward_gpa,
  counts_toward_progress = excluded.counts_toward_progress,
  grading_mode = excluded.grading_mode;

insert into public.program_courses (id, program_id, catalog_course_id, group_id, category, kind, suggested_term, notes, counts_toward_gpa, counts_toward_progress, grading_mode, display_order)
values ('httt-2024-csc18001', 'httt-2024', 'CSC18001', 'httt-2024-major-core', 'major-core', 'required', 5, null, true, true, 'numeric', 143)
on conflict (id) do update set
  program_id = excluded.program_id,
  catalog_course_id = excluded.catalog_course_id,
  group_id = excluded.group_id,
  category = excluded.category,
  kind = excluded.kind,
  suggested_term = excluded.suggested_term,
  notes = excluded.notes,
  counts_toward_gpa = excluded.counts_toward_gpa,
  counts_toward_progress = excluded.counts_toward_progress,
  grading_mode = excluded.grading_mode,
  display_order = excluded.display_order;

insert into public.courses (id, program_id, group_id, category, code, title, credits, lecture_hours, practice_hours, lab_hours, kind, suggested_term, notes, counts_toward_gpa, counts_toward_progress, grading_mode)
values ('httt-2024-csc18001', 'httt-2024', 'httt-2024-major-core', 'major-core', 'CSC18001', 'Nhập môn học sâu', 4, 4, 0, 0, 'required', 5, null, true, true, 'numeric')
on conflict (id) do update set
  group_id = excluded.group_id,
  category = excluded.category,
  code = excluded.code,
  title = excluded.title,
  credits = excluded.credits,
  lecture_hours = excluded.lecture_hours,
  practice_hours = excluded.practice_hours,
  lab_hours = excluded.lab_hours,
  kind = excluded.kind,
  suggested_term = excluded.suggested_term,
  notes = excluded.notes,
  counts_toward_gpa = excluded.counts_toward_gpa,
  counts_toward_progress = excluded.counts_toward_progress,
  grading_mode = excluded.grading_mode;

insert into public.program_courses (id, program_id, catalog_course_id, group_id, category, kind, suggested_term, notes, counts_toward_gpa, counts_toward_progress, grading_mode, display_order)
values ('httt-2024-csc18101', 'httt-2024', 'CSC18101', 'httt-2024-major-core', 'major-core', 'elective', 5, null, true, true, 'numeric', 144)
on conflict (id) do update set
  program_id = excluded.program_id,
  catalog_course_id = excluded.catalog_course_id,
  group_id = excluded.group_id,
  category = excluded.category,
  kind = excluded.kind,
  suggested_term = excluded.suggested_term,
  notes = excluded.notes,
  counts_toward_gpa = excluded.counts_toward_gpa,
  counts_toward_progress = excluded.counts_toward_progress,
  grading_mode = excluded.grading_mode,
  display_order = excluded.display_order;

insert into public.courses (id, program_id, group_id, category, code, title, credits, lecture_hours, practice_hours, lab_hours, kind, suggested_term, notes, counts_toward_gpa, counts_toward_progress, grading_mode)
values ('httt-2024-csc18101', 'httt-2024', 'httt-2024-major-core', 'major-core', 'CSC18101', 'Trí tuệ nhân tạo cho an ninh thông tin', 4, 45, 30, 0, 'elective', 5, null, true, true, 'numeric')
on conflict (id) do update set
  group_id = excluded.group_id,
  category = excluded.category,
  code = excluded.code,
  title = excluded.title,
  credits = excluded.credits,
  lecture_hours = excluded.lecture_hours,
  practice_hours = excluded.practice_hours,
  lab_hours = excluded.lab_hours,
  kind = excluded.kind,
  suggested_term = excluded.suggested_term,
  notes = excluded.notes,
  counts_toward_gpa = excluded.counts_toward_gpa,
  counts_toward_progress = excluded.counts_toward_progress,
  grading_mode = excluded.grading_mode;

insert into public.program_courses (id, program_id, catalog_course_id, group_id, category, kind, suggested_term, notes, counts_toward_gpa, counts_toward_progress, grading_mode, display_order)
values ('httt-2024-csc18102', 'httt-2024', 'CSC18102', 'httt-2024-major-core', 'major-core', 'elective', 5, null, true, true, 'numeric', 145)
on conflict (id) do update set
  program_id = excluded.program_id,
  catalog_course_id = excluded.catalog_course_id,
  group_id = excluded.group_id,
  category = excluded.category,
  kind = excluded.kind,
  suggested_term = excluded.suggested_term,
  notes = excluded.notes,
  counts_toward_gpa = excluded.counts_toward_gpa,
  counts_toward_progress = excluded.counts_toward_progress,
  grading_mode = excluded.grading_mode,
  display_order = excluded.display_order;

insert into public.courses (id, program_id, group_id, category, code, title, credits, lecture_hours, practice_hours, lab_hours, kind, suggested_term, notes, counts_toward_gpa, counts_toward_progress, grading_mode)
values ('httt-2024-csc18102', 'httt-2024', 'httt-2024-major-core', 'major-core', 'CSC18102', 'Phương pháp toán cho tối ưu hóa', 4, 45, 30, 0, 'elective', 5, null, true, true, 'numeric')
on conflict (id) do update set
  group_id = excluded.group_id,
  category = excluded.category,
  code = excluded.code,
  title = excluded.title,
  credits = excluded.credits,
  lecture_hours = excluded.lecture_hours,
  practice_hours = excluded.practice_hours,
  lab_hours = excluded.lab_hours,
  kind = excluded.kind,
  suggested_term = excluded.suggested_term,
  notes = excluded.notes,
  counts_toward_gpa = excluded.counts_toward_gpa,
  counts_toward_progress = excluded.counts_toward_progress,
  grading_mode = excluded.grading_mode;

insert into public.program_courses (id, program_id, catalog_course_id, group_id, category, kind, suggested_term, notes, counts_toward_gpa, counts_toward_progress, grading_mode, display_order)
values ('httt-2024-csc18103', 'httt-2024', 'CSC18103', 'httt-2024-major-core', 'major-core', 'elective', 5, null, true, true, 'numeric', 146)
on conflict (id) do update set
  program_id = excluded.program_id,
  catalog_course_id = excluded.catalog_course_id,
  group_id = excluded.group_id,
  category = excluded.category,
  kind = excluded.kind,
  suggested_term = excluded.suggested_term,
  notes = excluded.notes,
  counts_toward_gpa = excluded.counts_toward_gpa,
  counts_toward_progress = excluded.counts_toward_progress,
  grading_mode = excluded.grading_mode,
  display_order = excluded.display_order;

insert into public.courses (id, program_id, group_id, category, code, title, credits, lecture_hours, practice_hours, lab_hours, kind, suggested_term, notes, counts_toward_gpa, counts_toward_progress, grading_mode)
values ('httt-2024-csc18103', 'httt-2024', 'httt-2024-major-core', 'major-core', 'CSC18103', 'Trí tuệ bầy đàn', 4, 45, 30, 0, 'elective', 5, null, true, true, 'numeric')
on conflict (id) do update set
  group_id = excluded.group_id,
  category = excluded.category,
  code = excluded.code,
  title = excluded.title,
  credits = excluded.credits,
  lecture_hours = excluded.lecture_hours,
  practice_hours = excluded.practice_hours,
  lab_hours = excluded.lab_hours,
  kind = excluded.kind,
  suggested_term = excluded.suggested_term,
  notes = excluded.notes,
  counts_toward_gpa = excluded.counts_toward_gpa,
  counts_toward_progress = excluded.counts_toward_progress,
  grading_mode = excluded.grading_mode;

insert into public.program_courses (id, program_id, catalog_course_id, group_id, category, kind, suggested_term, notes, counts_toward_gpa, counts_toward_progress, grading_mode, display_order)
values ('httt-2024-csc18104', 'httt-2024', 'CSC18104', 'httt-2024-major-core', 'major-core', 'elective', 5, null, true, true, 'numeric', 147)
on conflict (id) do update set
  program_id = excluded.program_id,
  catalog_course_id = excluded.catalog_course_id,
  group_id = excluded.group_id,
  category = excluded.category,
  kind = excluded.kind,
  suggested_term = excluded.suggested_term,
  notes = excluded.notes,
  counts_toward_gpa = excluded.counts_toward_gpa,
  counts_toward_progress = excluded.counts_toward_progress,
  grading_mode = excluded.grading_mode,
  display_order = excluded.display_order;

insert into public.courses (id, program_id, group_id, category, code, title, credits, lecture_hours, practice_hours, lab_hours, kind, suggested_term, notes, counts_toward_gpa, counts_toward_progress, grading_mode)
values ('httt-2024-csc18104', 'httt-2024', 'httt-2024-major-core', 'major-core', 'CSC18104', 'Nhập môn hệ thống đa tác nhân', 4, 45, 30, 0, 'elective', 5, null, true, true, 'numeric')
on conflict (id) do update set
  group_id = excluded.group_id,
  category = excluded.category,
  code = excluded.code,
  title = excluded.title,
  credits = excluded.credits,
  lecture_hours = excluded.lecture_hours,
  practice_hours = excluded.practice_hours,
  lab_hours = excluded.lab_hours,
  kind = excluded.kind,
  suggested_term = excluded.suggested_term,
  notes = excluded.notes,
  counts_toward_gpa = excluded.counts_toward_gpa,
  counts_toward_progress = excluded.counts_toward_progress,
  grading_mode = excluded.grading_mode;

insert into public.program_courses (id, program_id, catalog_course_id, group_id, category, kind, suggested_term, notes, counts_toward_gpa, counts_toward_progress, grading_mode, display_order)
values ('httt-2024-baa00003', 'httt-2024', 'BAA00003', 'httt-2024-general-education', 'general-education', 'required', 8, null, true, true, 'numeric', 148)
on conflict (id) do update set
  program_id = excluded.program_id,
  catalog_course_id = excluded.catalog_course_id,
  group_id = excluded.group_id,
  category = excluded.category,
  kind = excluded.kind,
  suggested_term = excluded.suggested_term,
  notes = excluded.notes,
  counts_toward_gpa = excluded.counts_toward_gpa,
  counts_toward_progress = excluded.counts_toward_progress,
  grading_mode = excluded.grading_mode,
  display_order = excluded.display_order;

insert into public.courses (id, program_id, group_id, category, code, title, credits, lecture_hours, practice_hours, lab_hours, kind, suggested_term, notes, counts_toward_gpa, counts_toward_progress, grading_mode)
values ('httt-2024-baa00003', 'httt-2024', 'httt-2024-general-education', 'general-education', 'BAA00003', 'Tư tưởng Hồ Chí Minh', 2, 30, 0, 0, 'required', 8, null, true, true, 'numeric')
on conflict (id) do update set
  group_id = excluded.group_id,
  category = excluded.category,
  code = excluded.code,
  title = excluded.title,
  credits = excluded.credits,
  lecture_hours = excluded.lecture_hours,
  practice_hours = excluded.practice_hours,
  lab_hours = excluded.lab_hours,
  kind = excluded.kind,
  suggested_term = excluded.suggested_term,
  notes = excluded.notes,
  counts_toward_gpa = excluded.counts_toward_gpa,
  counts_toward_progress = excluded.counts_toward_progress,
  grading_mode = excluded.grading_mode;

insert into public.program_courses (id, program_id, catalog_course_id, group_id, category, kind, suggested_term, notes, counts_toward_gpa, counts_toward_progress, grading_mode, display_order)
values ('httt-2024-csc10204', 'httt-2024', 'CSC10204', 'httt-2024-graduation', 'graduation', 'graduation', 8, null, true, true, 'numeric', 149)
on conflict (id) do update set
  program_id = excluded.program_id,
  catalog_course_id = excluded.catalog_course_id,
  group_id = excluded.group_id,
  category = excluded.category,
  kind = excluded.kind,
  suggested_term = excluded.suggested_term,
  notes = excluded.notes,
  counts_toward_gpa = excluded.counts_toward_gpa,
  counts_toward_progress = excluded.counts_toward_progress,
  grading_mode = excluded.grading_mode,
  display_order = excluded.display_order;

insert into public.courses (id, program_id, group_id, category, code, title, credits, lecture_hours, practice_hours, lab_hours, kind, suggested_term, notes, counts_toward_gpa, counts_toward_progress, grading_mode)
values ('httt-2024-csc10204', 'httt-2024', 'httt-2024-graduation', 'graduation', 'CSC10204', 'Thực tập dự án tốt nghiệp', 6, 0, 0, 180, 'graduation', 8, null, true, true, 'numeric')
on conflict (id) do update set
  group_id = excluded.group_id,
  category = excluded.category,
  code = excluded.code,
  title = excluded.title,
  credits = excluded.credits,
  lecture_hours = excluded.lecture_hours,
  practice_hours = excluded.practice_hours,
  lab_hours = excluded.lab_hours,
  kind = excluded.kind,
  suggested_term = excluded.suggested_term,
  notes = excluded.notes,
  counts_toward_gpa = excluded.counts_toward_gpa,
  counts_toward_progress = excluded.counts_toward_progress,
  grading_mode = excluded.grading_mode;

insert into public.program_courses (id, program_id, catalog_course_id, group_id, category, kind, suggested_term, notes, counts_toward_gpa, counts_toward_progress, grading_mode, display_order)
values ('httt-2024-csc10251', 'httt-2024', 'CSC10251', 'httt-2024-graduation', 'graduation', 'graduation', 8, null, true, true, 'numeric', 150)
on conflict (id) do update set
  program_id = excluded.program_id,
  catalog_course_id = excluded.catalog_course_id,
  group_id = excluded.group_id,
  category = excluded.category,
  kind = excluded.kind,
  suggested_term = excluded.suggested_term,
  notes = excluded.notes,
  counts_toward_gpa = excluded.counts_toward_gpa,
  counts_toward_progress = excluded.counts_toward_progress,
  grading_mode = excluded.grading_mode,
  display_order = excluded.display_order;

insert into public.courses (id, program_id, group_id, category, code, title, credits, lecture_hours, practice_hours, lab_hours, kind, suggested_term, notes, counts_toward_gpa, counts_toward_progress, grading_mode)
values ('httt-2024-csc10251', 'httt-2024', 'httt-2024-graduation', 'graduation', 'CSC10251', 'Khóa luận tốt nghiệp', 10, 0, 0, 300, 'graduation', 8, null, true, true, 'numeric')
on conflict (id) do update set
  group_id = excluded.group_id,
  category = excluded.category,
  code = excluded.code,
  title = excluded.title,
  credits = excluded.credits,
  lecture_hours = excluded.lecture_hours,
  practice_hours = excluded.practice_hours,
  lab_hours = excluded.lab_hours,
  kind = excluded.kind,
  suggested_term = excluded.suggested_term,
  notes = excluded.notes,
  counts_toward_gpa = excluded.counts_toward_gpa,
  counts_toward_progress = excluded.counts_toward_progress,
  grading_mode = excluded.grading_mode;

insert into public.program_courses (id, program_id, catalog_course_id, group_id, category, kind, suggested_term, notes, counts_toward_gpa, counts_toward_progress, grading_mode, display_order)
values ('httt-2024-csc10252', 'httt-2024', 'CSC10252', 'httt-2024-graduation', 'graduation', 'graduation', 8, null, true, true, 'numeric', 151)
on conflict (id) do update set
  program_id = excluded.program_id,
  catalog_course_id = excluded.catalog_course_id,
  group_id = excluded.group_id,
  category = excluded.category,
  kind = excluded.kind,
  suggested_term = excluded.suggested_term,
  notes = excluded.notes,
  counts_toward_gpa = excluded.counts_toward_gpa,
  counts_toward_progress = excluded.counts_toward_progress,
  grading_mode = excluded.grading_mode,
  display_order = excluded.display_order;

insert into public.courses (id, program_id, group_id, category, code, title, credits, lecture_hours, practice_hours, lab_hours, kind, suggested_term, notes, counts_toward_gpa, counts_toward_progress, grading_mode)
values ('httt-2024-csc10252', 'httt-2024', 'httt-2024-graduation', 'graduation', 'CSC10252', 'Thực tập tốt nghiệp', 10, 0, 0, 300, 'graduation', 8, null, true, true, 'numeric')
on conflict (id) do update set
  group_id = excluded.group_id,
  category = excluded.category,
  code = excluded.code,
  title = excluded.title,
  credits = excluded.credits,
  lecture_hours = excluded.lecture_hours,
  practice_hours = excluded.practice_hours,
  lab_hours = excluded.lab_hours,
  kind = excluded.kind,
  suggested_term = excluded.suggested_term,
  notes = excluded.notes,
  counts_toward_gpa = excluded.counts_toward_gpa,
  counts_toward_progress = excluded.counts_toward_progress,
  grading_mode = excluded.grading_mode;

delete from public.course_prerequisites;
delete from public.program_course_prerequisites;
insert into public.program_course_prerequisites (program_course_id, prerequisite_program_course_id)
values ('cntt-2024-csc10004', 'cntt-2024-csc10012')
on conflict (program_course_id, prerequisite_program_course_id) do nothing;

insert into public.course_prerequisites (course_id, prerequisite_course_id)
values ('cntt-2024-csc10004', 'cntt-2024-csc10012')
on conflict (course_id, prerequisite_course_id) do nothing;

insert into public.program_course_prerequisites (program_course_id, prerequisite_program_course_id)
values ('cntt-2024-csc10003', 'cntt-2024-csc10012')
on conflict (program_course_id, prerequisite_program_course_id) do nothing;

insert into public.course_prerequisites (course_id, prerequisite_course_id)
values ('cntt-2024-csc10003', 'cntt-2024-csc10012')
on conflict (course_id, prerequisite_course_id) do nothing;

insert into public.program_course_prerequisites (program_course_id, prerequisite_program_course_id)
values ('cntt-2024-csc10008', 'cntt-2024-csc00004')
on conflict (program_course_id, prerequisite_program_course_id) do nothing;

insert into public.course_prerequisites (course_id, prerequisite_course_id)
values ('cntt-2024-csc10008', 'cntt-2024-csc00004')
on conflict (course_id, prerequisite_course_id) do nothing;

insert into public.program_course_prerequisites (program_course_id, prerequisite_program_course_id)
values ('cntt-2024-csc10006', 'cntt-2024-csc10004')
on conflict (program_course_id, prerequisite_program_course_id) do nothing;

insert into public.course_prerequisites (course_id, prerequisite_course_id)
values ('cntt-2024-csc10006', 'cntt-2024-csc10004')
on conflict (course_id, prerequisite_course_id) do nothing;

insert into public.program_course_prerequisites (program_course_id, prerequisite_program_course_id)
values ('cntt-2024-csc10009', 'cntt-2024-csc00004')
on conflict (program_course_id, prerequisite_program_course_id) do nothing;

insert into public.course_prerequisites (course_id, prerequisite_course_id)
values ('cntt-2024-csc10009', 'cntt-2024-csc00004')
on conflict (course_id, prerequisite_course_id) do nothing;

insert into public.program_course_prerequisites (program_course_id, prerequisite_program_course_id)
values ('cntt-2024-csc10014', 'cntt-2024-csc10004')
on conflict (program_course_id, prerequisite_program_course_id) do nothing;

insert into public.course_prerequisites (course_id, prerequisite_course_id)
values ('cntt-2024-csc10014', 'cntt-2024-csc10004')
on conflict (course_id, prerequisite_course_id) do nothing;

insert into public.program_course_prerequisites (program_course_id, prerequisite_program_course_id)
values ('cntt-2024-csc11004', 'cntt-2024-csc11002')
on conflict (program_course_id, prerequisite_program_course_id) do nothing;

insert into public.course_prerequisites (course_id, prerequisite_course_id)
values ('cntt-2024-csc11004', 'cntt-2024-csc11002')
on conflict (course_id, prerequisite_course_id) do nothing;

insert into public.program_course_prerequisites (program_course_id, prerequisite_program_course_id)
values ('cntt-2024-csc11007', 'cntt-2024-csc11004')
on conflict (program_course_id, prerequisite_program_course_id) do nothing;

insert into public.course_prerequisites (course_id, prerequisite_course_id)
values ('cntt-2024-csc11007', 'cntt-2024-csc11004')
on conflict (course_id, prerequisite_course_id) do nothing;

insert into public.program_course_prerequisites (program_course_id, prerequisite_program_course_id)
values ('cntt-2024-csc13005', 'cntt-2024-csc10006')
on conflict (program_course_id, prerequisite_program_course_id) do nothing;

insert into public.course_prerequisites (course_id, prerequisite_course_id)
values ('cntt-2024-csc13005', 'cntt-2024-csc10006')
on conflict (course_id, prerequisite_course_id) do nothing;

insert into public.program_course_prerequisites (program_course_id, prerequisite_program_course_id)
values ('cntt-2024-csc13008', 'cntt-2024-csc10006')
on conflict (program_course_id, prerequisite_program_course_id) do nothing;

insert into public.course_prerequisites (course_id, prerequisite_course_id)
values ('cntt-2024-csc13008', 'cntt-2024-csc10006')
on conflict (course_id, prerequisite_course_id) do nothing;

insert into public.program_course_prerequisites (program_course_id, prerequisite_program_course_id)
values ('cntt-2024-csc13008', 'cntt-2024-csc10003')
on conflict (program_course_id, prerequisite_program_course_id) do nothing;

insert into public.course_prerequisites (course_id, prerequisite_course_id)
values ('cntt-2024-csc13008', 'cntt-2024-csc10003')
on conflict (course_id, prerequisite_course_id) do nothing;

insert into public.program_course_prerequisites (program_course_id, prerequisite_program_course_id)
values ('cntt-2024-csc13009', 'cntt-2024-csc13102')
on conflict (program_course_id, prerequisite_program_course_id) do nothing;

insert into public.course_prerequisites (course_id, prerequisite_course_id)
values ('cntt-2024-csc13009', 'cntt-2024-csc13102')
on conflict (course_id, prerequisite_course_id) do nothing;

insert into public.program_course_prerequisites (program_course_id, prerequisite_program_course_id)
values ('cntt-2024-csc13102', 'cntt-2024-csc10003')
on conflict (program_course_id, prerequisite_program_course_id) do nothing;

insert into public.course_prerequisites (course_id, prerequisite_course_id)
values ('cntt-2024-csc13102', 'cntt-2024-csc10003')
on conflict (course_id, prerequisite_course_id) do nothing;

insert into public.program_course_prerequisites (program_course_id, prerequisite_program_course_id)
values ('cntt-2024-csc13114', 'cntt-2024-csc13008')
on conflict (program_course_id, prerequisite_program_course_id) do nothing;

insert into public.course_prerequisites (course_id, prerequisite_course_id)
values ('cntt-2024-csc13114', 'cntt-2024-csc13008')
on conflict (course_id, prerequisite_course_id) do nothing;

insert into public.program_course_prerequisites (program_course_id, prerequisite_program_course_id)
values ('cntt-2024-csc10107', 'cntt-2024-csc13006')
on conflict (program_course_id, prerequisite_program_course_id) do nothing;

insert into public.course_prerequisites (course_id, prerequisite_course_id)
values ('cntt-2024-csc10107', 'cntt-2024-csc13006')
on conflict (course_id, prerequisite_course_id) do nothing;

insert into public.program_course_prerequisites (program_course_id, prerequisite_program_course_id)
values ('cntt-2024-csc11002', 'cntt-2024-csc10009')
on conflict (program_course_id, prerequisite_program_course_id) do nothing;

insert into public.course_prerequisites (course_id, prerequisite_course_id)
values ('cntt-2024-csc11002', 'cntt-2024-csc10009')
on conflict (course_id, prerequisite_course_id) do nothing;

insert into public.program_course_prerequisites (program_course_id, prerequisite_program_course_id)
values ('cntt-2024-csc12112', 'cntt-2024-csc12004')
on conflict (program_course_id, prerequisite_program_course_id) do nothing;

insert into public.course_prerequisites (course_id, prerequisite_course_id)
values ('cntt-2024-csc12112', 'cntt-2024-csc12004')
on conflict (course_id, prerequisite_course_id) do nothing;

insert into public.program_course_prerequisites (program_course_id, prerequisite_program_course_id)
values ('cntt-2024-csc11003', 'cntt-2024-csc10008')
on conflict (program_course_id, prerequisite_program_course_id) do nothing;

insert into public.course_prerequisites (course_id, prerequisite_course_id)
values ('cntt-2024-csc11003', 'cntt-2024-csc10008')
on conflict (course_id, prerequisite_course_id) do nothing;

insert into public.program_course_prerequisites (program_course_id, prerequisite_program_course_id)
values ('cntt-2024-csc13006', 'cntt-2024-csc13005')
on conflict (program_course_id, prerequisite_program_course_id) do nothing;

insert into public.course_prerequisites (course_id, prerequisite_course_id)
values ('cntt-2024-csc13006', 'cntt-2024-csc13005')
on conflict (course_id, prerequisite_course_id) do nothing;

insert into public.program_course_prerequisites (program_course_id, prerequisite_program_course_id)
values ('khmt-2024-csc10004', 'khmt-2024-csc10012')
on conflict (program_course_id, prerequisite_program_course_id) do nothing;

insert into public.course_prerequisites (course_id, prerequisite_course_id)
values ('khmt-2024-csc10004', 'khmt-2024-csc10012')
on conflict (course_id, prerequisite_course_id) do nothing;

insert into public.program_course_prerequisites (program_course_id, prerequisite_program_course_id)
values ('khmt-2024-csc10003', 'khmt-2024-csc10012')
on conflict (program_course_id, prerequisite_program_course_id) do nothing;

insert into public.course_prerequisites (course_id, prerequisite_course_id)
values ('khmt-2024-csc10003', 'khmt-2024-csc10012')
on conflict (course_id, prerequisite_course_id) do nothing;

insert into public.program_course_prerequisites (program_course_id, prerequisite_program_course_id)
values ('khmt-2024-csc10008', 'khmt-2024-csc00004')
on conflict (program_course_id, prerequisite_program_course_id) do nothing;

insert into public.course_prerequisites (course_id, prerequisite_course_id)
values ('khmt-2024-csc10008', 'khmt-2024-csc00004')
on conflict (course_id, prerequisite_course_id) do nothing;

insert into public.program_course_prerequisites (program_course_id, prerequisite_program_course_id)
values ('khmt-2024-csc10006', 'khmt-2024-csc10004')
on conflict (program_course_id, prerequisite_program_course_id) do nothing;

insert into public.course_prerequisites (course_id, prerequisite_course_id)
values ('khmt-2024-csc10006', 'khmt-2024-csc10004')
on conflict (course_id, prerequisite_course_id) do nothing;

insert into public.program_course_prerequisites (program_course_id, prerequisite_program_course_id)
values ('khmt-2024-csc10014', 'khmt-2024-csc10004')
on conflict (program_course_id, prerequisite_program_course_id) do nothing;

insert into public.course_prerequisites (course_id, prerequisite_course_id)
values ('khmt-2024-csc10014', 'khmt-2024-csc10004')
on conflict (course_id, prerequisite_course_id) do nothing;

insert into public.program_course_prerequisites (program_course_id, prerequisite_program_course_id)
values ('khmt-2024-csc14003', 'khmt-2024-csc10004')
on conflict (program_course_id, prerequisite_program_course_id) do nothing;

insert into public.course_prerequisites (course_id, prerequisite_course_id)
values ('khmt-2024-csc14003', 'khmt-2024-csc10004')
on conflict (course_id, prerequisite_course_id) do nothing;

insert into public.program_course_prerequisites (program_course_id, prerequisite_program_course_id)
values ('khmt-2024-csc14003', 'khmt-2024-mth00044')
on conflict (program_course_id, prerequisite_program_course_id) do nothing;

insert into public.course_prerequisites (course_id, prerequisite_course_id)
values ('khmt-2024-csc14003', 'khmt-2024-mth00044')
on conflict (course_id, prerequisite_course_id) do nothing;

insert into public.program_course_prerequisites (program_course_id, prerequisite_program_course_id)
values ('khmt-2024-csc16004', 'khmt-2024-csc14003')
on conflict (program_course_id, prerequisite_program_course_id) do nothing;

insert into public.course_prerequisites (course_id, prerequisite_course_id)
values ('khmt-2024-csc16004', 'khmt-2024-csc14003')
on conflict (course_id, prerequisite_course_id) do nothing;

insert into public.program_course_prerequisites (program_course_id, prerequisite_program_course_id)
values ('khmt-2024-csc16005', 'khmt-2024-csc16004')
on conflict (program_course_id, prerequisite_program_course_id) do nothing;

insert into public.course_prerequisites (course_id, prerequisite_course_id)
values ('khmt-2024-csc16005', 'khmt-2024-csc16004')
on conflict (course_id, prerequisite_course_id) do nothing;

insert into public.program_course_prerequisites (program_course_id, prerequisite_program_course_id)
values ('khmt-2024-csc17001', 'khmt-2024-csc14003')
on conflict (program_course_id, prerequisite_program_course_id) do nothing;

insert into public.course_prerequisites (course_id, prerequisite_course_id)
values ('khmt-2024-csc17001', 'khmt-2024-csc14003')
on conflict (course_id, prerequisite_course_id) do nothing;

insert into public.program_course_prerequisites (program_course_id, prerequisite_program_course_id)
values ('khmt-2024-csc17001', 'khmt-2024-csc10006')
on conflict (program_course_id, prerequisite_program_course_id) do nothing;

insert into public.course_prerequisites (course_id, prerequisite_course_id)
values ('khmt-2024-csc17001', 'khmt-2024-csc10006')
on conflict (course_id, prerequisite_course_id) do nothing;

insert into public.program_course_prerequisites (program_course_id, prerequisite_program_course_id)
values ('khmt-2024-csc15010', 'khmt-2024-csc10008')
on conflict (program_course_id, prerequisite_program_course_id) do nothing;

insert into public.course_prerequisites (course_id, prerequisite_course_id)
values ('khmt-2024-csc15010', 'khmt-2024-csc10008')
on conflict (course_id, prerequisite_course_id) do nothing;

insert into public.program_course_prerequisites (program_course_id, prerequisite_program_course_id)
values ('ktpm-2024-csc10003', 'ktpm-2024-csc10012')
on conflict (program_course_id, prerequisite_program_course_id) do nothing;

insert into public.course_prerequisites (course_id, prerequisite_course_id)
values ('ktpm-2024-csc10003', 'ktpm-2024-csc10012')
on conflict (course_id, prerequisite_course_id) do nothing;

insert into public.program_course_prerequisites (program_course_id, prerequisite_program_course_id)
values ('ktpm-2024-csc10004', 'ktpm-2024-csc10012')
on conflict (program_course_id, prerequisite_program_course_id) do nothing;

insert into public.course_prerequisites (course_id, prerequisite_course_id)
values ('ktpm-2024-csc10004', 'ktpm-2024-csc10012')
on conflict (course_id, prerequisite_course_id) do nothing;

insert into public.program_course_prerequisites (program_course_id, prerequisite_program_course_id)
values ('ktpm-2024-csc10008', 'ktpm-2024-csc00004')
on conflict (program_course_id, prerequisite_program_course_id) do nothing;

insert into public.course_prerequisites (course_id, prerequisite_course_id)
values ('ktpm-2024-csc10008', 'ktpm-2024-csc00004')
on conflict (course_id, prerequisite_course_id) do nothing;

insert into public.program_course_prerequisites (program_course_id, prerequisite_program_course_id)
values ('ktpm-2024-csc10006', 'ktpm-2024-csc10004')
on conflict (program_course_id, prerequisite_program_course_id) do nothing;

insert into public.course_prerequisites (course_id, prerequisite_course_id)
values ('ktpm-2024-csc10006', 'ktpm-2024-csc10004')
on conflict (course_id, prerequisite_course_id) do nothing;

insert into public.program_course_prerequisites (program_course_id, prerequisite_program_course_id)
values ('ktpm-2024-csc10009', 'ktpm-2024-csc00004')
on conflict (program_course_id, prerequisite_program_course_id) do nothing;

insert into public.course_prerequisites (course_id, prerequisite_course_id)
values ('ktpm-2024-csc10009', 'ktpm-2024-csc00004')
on conflict (course_id, prerequisite_course_id) do nothing;

insert into public.program_course_prerequisites (program_course_id, prerequisite_program_course_id)
values ('ktpm-2024-csc10014', 'ktpm-2024-csc10004')
on conflict (program_course_id, prerequisite_program_course_id) do nothing;

insert into public.course_prerequisites (course_id, prerequisite_course_id)
values ('ktpm-2024-csc10014', 'ktpm-2024-csc10004')
on conflict (course_id, prerequisite_course_id) do nothing;

insert into public.program_course_prerequisites (program_course_id, prerequisite_program_course_id)
values ('ktpm-2024-csc13102', 'ktpm-2024-csc10003')
on conflict (program_course_id, prerequisite_program_course_id) do nothing;

insert into public.course_prerequisites (course_id, prerequisite_course_id)
values ('ktpm-2024-csc13102', 'ktpm-2024-csc10003')
on conflict (course_id, prerequisite_course_id) do nothing;

insert into public.program_course_prerequisites (program_course_id, prerequisite_program_course_id)
values ('ktpm-2024-csc10107', 'ktpm-2024-csc13006')
on conflict (program_course_id, prerequisite_program_course_id) do nothing;

insert into public.course_prerequisites (course_id, prerequisite_course_id)
values ('ktpm-2024-csc10107', 'ktpm-2024-csc13006')
on conflict (course_id, prerequisite_course_id) do nothing;

insert into public.program_course_prerequisites (program_course_id, prerequisite_program_course_id)
values ('ktpm-2024-csc13003', 'ktpm-2024-csc10003')
on conflict (program_course_id, prerequisite_program_course_id) do nothing;

insert into public.course_prerequisites (course_id, prerequisite_course_id)
values ('ktpm-2024-csc13003', 'ktpm-2024-csc10003')
on conflict (course_id, prerequisite_course_id) do nothing;

insert into public.program_course_prerequisites (program_course_id, prerequisite_program_course_id)
values ('ktpm-2024-csc13005', 'ktpm-2024-csc10006')
on conflict (program_course_id, prerequisite_program_course_id) do nothing;

insert into public.course_prerequisites (course_id, prerequisite_course_id)
values ('ktpm-2024-csc13005', 'ktpm-2024-csc10006')
on conflict (course_id, prerequisite_course_id) do nothing;

insert into public.program_course_prerequisites (program_course_id, prerequisite_program_course_id)
values ('ktpm-2024-csc13006', 'ktpm-2024-csc13005')
on conflict (program_course_id, prerequisite_program_course_id) do nothing;

insert into public.course_prerequisites (course_id, prerequisite_course_id)
values ('ktpm-2024-csc13006', 'ktpm-2024-csc13005')
on conflict (course_id, prerequisite_course_id) do nothing;

insert into public.program_course_prerequisites (program_course_id, prerequisite_program_course_id)
values ('ktpm-2024-csc13008', 'ktpm-2024-csc10006')
on conflict (program_course_id, prerequisite_program_course_id) do nothing;

insert into public.course_prerequisites (course_id, prerequisite_course_id)
values ('ktpm-2024-csc13008', 'ktpm-2024-csc10006')
on conflict (course_id, prerequisite_course_id) do nothing;

insert into public.program_course_prerequisites (program_course_id, prerequisite_program_course_id)
values ('ktpm-2024-csc13008', 'ktpm-2024-csc10003')
on conflict (program_course_id, prerequisite_program_course_id) do nothing;

insert into public.course_prerequisites (course_id, prerequisite_course_id)
values ('ktpm-2024-csc13008', 'ktpm-2024-csc10003')
on conflict (course_id, prerequisite_course_id) do nothing;

insert into public.program_course_prerequisites (program_course_id, prerequisite_program_course_id)
values ('ktpm-2024-csc13009', 'ktpm-2024-csc13102')
on conflict (program_course_id, prerequisite_program_course_id) do nothing;

insert into public.course_prerequisites (course_id, prerequisite_course_id)
values ('ktpm-2024-csc13009', 'ktpm-2024-csc13102')
on conflict (course_id, prerequisite_course_id) do nothing;

insert into public.program_course_prerequisites (program_course_id, prerequisite_program_course_id)
values ('ktpm-2024-csc13010', 'ktpm-2024-csc10003')
on conflict (program_course_id, prerequisite_program_course_id) do nothing;

insert into public.course_prerequisites (course_id, prerequisite_course_id)
values ('ktpm-2024-csc13010', 'ktpm-2024-csc10003')
on conflict (course_id, prerequisite_course_id) do nothing;

insert into public.program_course_prerequisites (program_course_id, prerequisite_program_course_id)
values ('ktpm-2024-csc13112', 'ktpm-2024-csc13010')
on conflict (program_course_id, prerequisite_program_course_id) do nothing;

insert into public.course_prerequisites (course_id, prerequisite_course_id)
values ('ktpm-2024-csc13112', 'ktpm-2024-csc13010')
on conflict (course_id, prerequisite_course_id) do nothing;

insert into public.program_course_prerequisites (program_course_id, prerequisite_program_course_id)
values ('ktpm-2024-csc13114', 'ktpm-2024-csc13008')
on conflict (program_course_id, prerequisite_program_course_id) do nothing;

insert into public.course_prerequisites (course_id, prerequisite_course_id)
values ('ktpm-2024-csc13114', 'ktpm-2024-csc13008')
on conflict (course_id, prerequisite_course_id) do nothing;

insert into public.program_course_prerequisites (program_course_id, prerequisite_program_course_id)
values ('httt-2024-csc10003', 'httt-2024-csc10012')
on conflict (program_course_id, prerequisite_program_course_id) do nothing;

insert into public.course_prerequisites (course_id, prerequisite_course_id)
values ('httt-2024-csc10003', 'httt-2024-csc10012')
on conflict (course_id, prerequisite_course_id) do nothing;

insert into public.program_course_prerequisites (program_course_id, prerequisite_program_course_id)
values ('httt-2024-csc10004', 'httt-2024-csc10012')
on conflict (program_course_id, prerequisite_program_course_id) do nothing;

insert into public.course_prerequisites (course_id, prerequisite_course_id)
values ('httt-2024-csc10004', 'httt-2024-csc10012')
on conflict (course_id, prerequisite_course_id) do nothing;

insert into public.program_course_prerequisites (program_course_id, prerequisite_program_course_id)
values ('httt-2024-csc10008', 'httt-2024-csc00004')
on conflict (program_course_id, prerequisite_program_course_id) do nothing;

insert into public.course_prerequisites (course_id, prerequisite_course_id)
values ('httt-2024-csc10008', 'httt-2024-csc00004')
on conflict (course_id, prerequisite_course_id) do nothing;

insert into public.program_course_prerequisites (program_course_id, prerequisite_program_course_id)
values ('httt-2024-csc10006', 'httt-2024-csc10004')
on conflict (program_course_id, prerequisite_program_course_id) do nothing;

insert into public.course_prerequisites (course_id, prerequisite_course_id)
values ('httt-2024-csc10006', 'httt-2024-csc10004')
on conflict (course_id, prerequisite_course_id) do nothing;

insert into public.program_course_prerequisites (program_course_id, prerequisite_program_course_id)
values ('httt-2024-csc10014', 'httt-2024-csc10004')
on conflict (program_course_id, prerequisite_program_course_id) do nothing;

insert into public.course_prerequisites (course_id, prerequisite_course_id)
values ('httt-2024-csc10014', 'httt-2024-csc10004')
on conflict (course_id, prerequisite_course_id) do nothing;

insert into public.program_course_prerequisites (program_course_id, prerequisite_program_course_id)
values ('httt-2024-csc12004', 'httt-2024-csc10006')
on conflict (program_course_id, prerequisite_program_course_id) do nothing;

insert into public.course_prerequisites (course_id, prerequisite_course_id)
values ('httt-2024-csc12004', 'httt-2024-csc10006')
on conflict (course_id, prerequisite_course_id) do nothing;

insert into public.program_course_prerequisites (program_course_id, prerequisite_program_course_id)
values ('httt-2024-csc12107', 'httt-2024-csc10006')
on conflict (program_course_id, prerequisite_program_course_id) do nothing;

insert into public.course_prerequisites (course_id, prerequisite_course_id)
values ('httt-2024-csc12107', 'httt-2024-csc10006')
on conflict (course_id, prerequisite_course_id) do nothing;

insert into public.program_term_templates (
  id,
  program_id,
  term_number,
  term_label,
  recommended_credits,
  source_note,
  display_order
)
select
  courses.program_id || '-term-' || courses.suggested_term,
  courses.program_id,
  courses.suggested_term,
  'Học kỳ ' || courses.suggested_term,
  sum(course_catalog.credits)::integer,
  'Chuẩn hóa từ kế hoạch học tập trong PDF CTĐT khóa 2024 và trường suggested_term của seed curriculum.',
  courses.suggested_term
from public.program_courses courses
join public.course_catalog on course_catalog.id = courses.catalog_course_id
group by courses.program_id, courses.suggested_term
on conflict (program_id, term_number) do update set
  recommended_credits = excluded.recommended_credits,
  source_note = excluded.source_note,
  display_order = excluded.display_order,
  updated_at = now();

insert into public.program_term_template_courses (
  template_id,
  course_id,
  program_course_id,
  display_order,
  is_required_in_template,
  note
)
select
  ranked.program_id || '-term-' || ranked.suggested_term,
  ranked.id,
  ranked.id,
  ranked.template_display_order,
  ranked.kind in ('required', 'graduation'),
  null
from (
  select
    courses.*,
    course_catalog.code,
    row_number() over (
      partition by courses.program_id, courses.suggested_term
      order by
        case when courses.kind in ('required', 'graduation') then 0 else 1 end,
        course_catalog.code
    ) as template_display_order
  from public.program_courses courses
  join public.course_catalog on course_catalog.id = courses.catalog_course_id
) ranked
on conflict (template_id, course_id) do update set
  program_course_id = excluded.program_course_id,
  display_order = excluded.display_order,
  is_required_in_template = excluded.is_required_in_template;

commit;
